-- MySQL dump 10.13  Distrib 5.6.29-76.2, for Linux (x86_64)
--
-- Host: localhost    Database: bepnha
-- ------------------------------------------------------
-- Server version	5.6.29-76.2-log

/*!40101 SET @OLD_CHARACTER_SET_CLIENT=@@CHARACTER_SET_CLIENT */;
/*!40101 SET @OLD_CHARACTER_SET_RESULTS=@@CHARACTER_SET_RESULTS */;
/*!40101 SET @OLD_COLLATION_CONNECTION=@@COLLATION_CONNECTION */;
/*!40101 SET NAMES utf8 */;
/*!40103 SET @OLD_TIME_ZONE=@@TIME_ZONE */;
/*!40103 SET TIME_ZONE='+00:00' */;
/*!40014 SET @OLD_UNIQUE_CHECKS=@@UNIQUE_CHECKS, UNIQUE_CHECKS=0 */;
/*!40014 SET @OLD_FOREIGN_KEY_CHECKS=@@FOREIGN_KEY_CHECKS, FOREIGN_KEY_CHECKS=0 */;
/*!40101 SET @OLD_SQL_MODE=@@SQL_MODE, SQL_MODE='NO_AUTO_VALUE_ON_ZERO' */;
/*!40111 SET @OLD_SQL_NOTES=@@SQL_NOTES, SQL_NOTES=0 */;

--
-- Table structure for table `categories`
--

DROP TABLE IF EXISTS `categories`;
/*!40101 SET @saved_cs_client     = @@character_set_client */;
/*!40101 SET character_set_client = utf8 */;
CREATE TABLE `categories` (
  `id` int(11) unsigned NOT NULL AUTO_INCREMENT,
  `type` int(11) unsigned NOT NULL DEFAULT '0',
  `name` varchar(250) DEFAULT NULL,
  `icon_location` varchar(250) DEFAULT NULL,
  `parent_cate` int(11) DEFAULT '0',
  `created_by` int(11) DEFAULT NULL,
  `modified_by` int(11) DEFAULT NULL,
  `date_created` datetime DEFAULT NULL,
  `date_modified` timestamp NULL DEFAULT CURRENT_TIMESTAMP ON UPDATE CURRENT_TIMESTAMP,
  `disable` tinyint(4) DEFAULT '0',
  PRIMARY KEY (`id`)
) ENGINE=InnoDB AUTO_INCREMENT=23 DEFAULT CHARSET=utf8 ROW_FORMAT=COMPACT COMMENT='Bảng danh mục sản phẩm';
/*!40101 SET character_set_client = @saved_cs_client */;

--
-- Dumping data for table `categories`
--

LOCK TABLES `categories` WRITE;
/*!40000 ALTER TABLE `categories` DISABLE KEYS */;
INSERT INTO `categories` VALUES (1,2,'Các món về mì','categories/2018/05/16/1526455008-mi.jpg',0,1,1,'2018-04-05 09:06:01','2018-05-16 07:16:52',0),(2,2,'Mì ý','categories/2018/04/05/1522894010-mon-ngon-tu-thit-ba-chi-20.png',0,1,1,'2018-04-05 09:06:51','2018-05-14 04:03:04',1),(3,1,'Ẩm thực đường phố ','categories/2018/05/16/1526455125-am-thuc-duong-pho.jpg',0,1,1,'2018-05-14 10:53:49','2018-05-16 07:18:48',0),(4,2,'Các món súp','categories/2018/05/16/1526455246-sup.jpg',0,1,1,'2018-05-14 11:02:40','2018-05-16 07:20:53',0),(5,1,'Món Âu','categories/2018/05/16/1526455298-mon-au.jpg',0,1,1,'2018-05-14 11:03:12','2018-05-16 07:21:41',0),(6,1,'Món Á ','categories/2018/05/16/1526455376-mon-a.jpg',0,1,1,'2018-05-14 11:03:24','2018-05-16 07:23:00',0),(7,2,'Món ăn truyền thống','categories/2018/05/16/1526455433-mon-an-truyen-thong.jpg',0,1,1,'2018-05-14 11:06:01','2018-05-16 07:23:56',0),(8,2,'Các món Salad','categories/2018/05/16/1526455520-SALAD.jpg',0,1,1,'2018-05-14 11:41:26','2018-05-16 07:25:26',0),(9,2,'Món ăn Việt Nam','categories/2018/05/16/1526455595-mon-viet.jpg',0,1,1,'2018-05-14 12:10:34','2018-05-16 07:26:42',0),(10,2,'Các món Hải Sản','categories/2018/05/16/1526455669-hai-san.jpg',0,1,1,'2018-05-14 15:21:31','2018-05-16 07:27:57',0),(11,2,'Các món từ thịt Heo','categories/2018/05/16/1526455752-heo.jpg',0,1,1,'2018-05-14 15:46:33','2018-05-16 07:29:15',0),(12,2,'Các món từ thịt Bò','categories/2018/05/16/1526455819-bo.jpg',0,1,1,'2018-05-14 15:46:48','2018-05-16 07:30:27',0),(13,2,'Các món từ thịt Gà','categories/2018/05/16/1526455931-ga.jpg',0,1,1,'2018-05-14 15:46:56','2018-05-16 07:32:17',0),(14,2,'Các món Tráng Miệng','categories/2018/05/16/1526456011-mon-trang-mieng.jpg',0,1,1,'2018-05-14 15:47:11','2018-05-16 07:33:34',0),(15,2,'Các món Bánh Ngọt','categories/2018/05/16/1526456098-Banh-ngot.jpg',0,1,1,'2018-05-14 15:47:42','2018-05-16 07:35:19',0),(16,2,'Review Food','categories/2018/05/16/1526464123-Review-food.jpg',0,1,1,'2018-05-14 15:47:56','2018-05-16 09:49:10',0),(17,1,'Gymer vào Bếp','categories/2018/05/16/1526456405-gymer-vao-bep.jpg',0,1,1,'2018-05-14 15:58:05','2018-05-16 07:40:12',0),(18,2,'Đồ ăn cho người tập Gym','categories/2018/05/16/1526464039-do-an-cho-nguoi-tap-Gym.jpg',0,1,1,'2018-05-14 15:58:17','2018-05-16 09:48:14',0),(19,2,'TEST 100','categories/2018/05/15/1526351978-qnn.jpg',0,1,1,'2018-05-15 09:39:42','2018-05-15 02:50:42',1),(20,0,'Nấu ăn cùng người hướng dẫn',NULL,0,1,NULL,'2018-05-28 15:16:09','2018-05-28 08:16:10',0),(21,1,'Các món chay','categories/2018/06/05/1528167139-mon-chay.jpg',0,1,1,'2018-06-05 09:42:54','2018-06-05 02:52:25',0),(22,2,'Món ăn dành cho người ăn chay','categories/2018/06/05/1528167161-mon-chay.jpg',0,1,1,'2018-06-05 09:43:17','2018-06-05 02:52:43',0);
/*!40000 ALTER TABLE `categories` ENABLE KEYS */;
UNLOCK TABLES;

--
-- Table structure for table `login_users`
--

DROP TABLE IF EXISTS `login_users`;
/*!40101 SET @saved_cs_client     = @@character_set_client */;
/*!40101 SET character_set_client = utf8 */;
CREATE TABLE `login_users` (
  `uuid` varchar(16) NOT NULL DEFAULT '0',
  `name` varchar(50) NOT NULL DEFAULT '0',
  PRIMARY KEY (`uuid`)
) ENGINE=InnoDB DEFAULT CHARSET=utf8 ROW_FORMAT=COMPACT COMMENT='Bảng danh mục sản phẩm';
/*!40101 SET character_set_client = @saved_cs_client */;

--
-- Dumping data for table `login_users`
--

LOCK TABLES `login_users` WRITE;
/*!40000 ALTER TABLE `login_users` DISABLE KEYS */;
INSERT INTO `login_users` VALUES ('102667f6846f6d91','0'),('11770778728821e1','0'),('11c2fa2772206ee5','0'),('11f83cfcae92630d','0'),('125f890a08eef641','0'),('1314ab6791b23eac','0'),('15a17fba76e6ae51','0'),('15c5da3303fa5053','0'),('15e5e793345181f8','0'),('16c4f46f15e80e0a','0'),('185da172995c221a','0'),('18721773e3033a85','0'),('18e6a9046d93c78f','0'),('19eb6154d341bab','0'),('1a819a0bdf4367ee','0'),('1cffea9920ac2ec','0'),('1f464109f794e7c1','0'),('21b926657eea7c4c','0'),('22803462dd59fc47','0'),('2314ff5ce64d404f','0'),('237d9476f7727e82','0'),('25268520056074c9','0'),('257e32a15f261736','0'),('25d25c1e38b9b9c8','0'),('25da64f625fc369','0'),('261e60c5846931c5','0'),('2750046caed5c778','0'),('279bbd97cdd8606d','0'),('28b56abd0cfb34cd','0'),('2925825bbe8fd4a3','0'),('29541868ce6c94a5','0'),('29a9e2745c758f52','0'),('29f8b2d83836faf1','0'),('2a9464ba54cffce6','0'),('2abaaa5d8e25375a','0'),('2ad0a5da6eaf05fb','0'),('2b0cc96b75155e7d','0'),('2ba1e5a808aca62c','0'),('2c2783af8834432e','0'),('2c571a0437dc8286','0'),('2ce3968c6012d375','0'),('2dd10e027d7c9020','0'),('2de96130b21d4517','0'),('2eb18a295b31b6fb','0'),('2f20226bc63453d2','0'),('2f2619120aa9e3d6','0'),('2f30714dc8f24936','0'),('3296f009ab6833f9','0'),('32a43fa9de34ad0a','0'),('33ee0d902fad84d2','0'),('33f1cdb1fb6a2c8','0'),('3514ca6c2f1e72e4','0'),('3571dca442f5351f','0'),('3608bd9223738aa9','0'),('368fcee996b84e6f','0'),('37ee5db22cb40b8a','0'),('38e6f60876befe50','0'),('38ebdb27f25522f2','0'),('393c5897868b7d1c','0'),('398fb82bc0197d77','0'),('39b0781c66ad545b','0'),('39ba2d3650fd102c','0'),('39c951ff3025b40a','0'),('39ce9e0e6c29b324','0'),('3b26b146c2175a61','0'),('3c6bb64dd2dda7e7','0'),('3ce304aa27bf27e7','0'),('3e2e34a616cfb2e5','0'),('3e34049fa2461c0e','0'),('3f82737947aa6fd1','0'),('3fe1e5df14bd148d','0'),('401ce2ec83acde4f','0'),('40acfaa41851d61a','0'),('40e8e7006a7e44a','0'),('41700b82ac7713aa','0'),('4175d0208021c5f3','0'),('418f73066c4472e6','0'),('41c15eee5f09452b','0'),('41edb8d3da59c1b','0'),('438b6e4120c71f3e','0'),('43edb94fc0bb6775','0'),('44259c27a96f1030','0'),('443c6d37906a8c4e','0'),('4493677bb02a85f','0'),('453db5f71ce40ed6','0'),('4658667a7a74215a','0'),('46dcb54e256f01db','0'),('473b499f607bdb1f','0'),('4906dc89e0e09202','0'),('49d901e448b836d1','0'),('4aca84a488410cb7','0'),('4b328d5a757225ab','0'),('4b410b371ebd01b','0'),('4bb1fabed12d7772','0'),('4bec3e7ad7b677d1','0'),('4c13f1239c1df692','0'),('4c8337efcfcde1d4','0'),('4c85b6b62fda3fd4','0'),('4ccfe50a216c7ea6','0'),('4d31290e956bb981','0'),('4d897066fda57625','0'),('4e1e4e4081600363','0'),('4feeb19c5ae9d765','0'),('505b861012527271','0'),('513ca7816347a902','0'),('517d2445883a5ae8','0'),('523ecf25b94c446a','0'),('52576b76da33404e','0'),('52985b0fc6d65ec6','0'),('52c31d7e67af89be','0'),('5307d76d6ebb6f85','0'),('539150cf880b61d8','0'),('539de3dc77624b8b','0'),('53c5c44f08c2f96d','0'),('545cfaa1d923542e','0'),('54ac79bbbd68f06f','0'),('556f211fccc9deeb','0'),('56bc7c21f23b9d63','0'),('56e27edb61fb764e','0'),('573e52992524db29','0'),('577ed96bc010c27e','0'),('5943b4044beff095','0'),('59702e5dc279bd3','0'),('597fef9c229fc4ff','0'),('59d678cb19a57431','0'),('59e736fb1c1daa28','0'),('5a2aef7e05d759c7','0'),('5aebeaa8600562ac','0'),('5b7dee3e8dbd569e','0'),('5ebff074c035554f','0'),('5f0818aab2f2097f','0'),('5f144e6ddc0d4b8e','0'),('60d077ba0ade8bcc','0'),('60d155c193c04289','0'),('623496e1e15724e1','0'),('641853cc3e6c384d','0'),('643c635677b13b0e','0'),('650030ef961c995','0'),('65682f03954133ad','0'),('661d09a5ffabdb55','0'),('6637b2107cabbf97','0'),('668449ff3cf084eb','0'),('673085fb90c9bc18','0'),('6771114c2386b947','0'),('6783fb18925c10b3','0'),('67b6c423b6c562c6','0'),('692f9f260f0d2fb7','0'),('693077f74f0200e','0'),('697702f88ce24265','0'),('6a944371f1aaac35','0'),('6ab23db94ae984e6','0'),('6ab5756778db693e','0'),('6b90dff5414ad21c','0'),('6b973f004ce03bf1','0'),('6ccbb9ab8c4db0bb','0'),('6df30b6029e3253c','0'),('6e3b2771ed2c845e','0'),('6efbe280a767f12c','0'),('70452eba46925471','0'),('719a17fcb5aacb4b','0'),('71b2764862ee0005','0'),('7271dee29e6a01f8','0'),('7279f43f0aa3052','0'),('7349045e5409032a','0'),('734fd7cd233ff567','0'),('73691baa7fdc0568','0'),('7387726054d09800','0'),('73b2237ce8f4b540','0'),('73f06a02d7170b59','0'),('75d238805789aeb2','0'),('76fd3717a622ff8b','0'),('771b94fbcc050bc6','0'),('77a19f96c9e495e8','0'),('78431de7e4ca6c31','0'),('788f9cf879655da4','0'),('791ab6ecf08937b5','0'),('79c1f575ead68367','0'),('7c09eab3af57f49e','0'),('7c5f6f87ffc16a8a','0'),('7cc0cce216985b22','0'),('7d074e13f0721582','0'),('7e6fd64ed2018180','0'),('7ea9e215787b4395','0'),('8110b9d2b0ac0694','0'),('814d24384ec02b22','0'),('828116f321fd412b','0'),('832d9b4c6dc37597','0'),('839b222f3d7c27b9','0'),('85bbcea9251f53f9','0'),('85d8a00ae472e4c7','0'),('875f54f52013e4d2','0'),('886877450a2c2145','0'),('88ac2fe6c53370d4','0'),('8960a1cd354f387c','0'),('89e5ae736e5bf286','0'),('8a5919d61a51ace6','0'),('8b162774f0d4a6b9','0'),('8b2a68162492cd60','0'),('8c03ce5f53dfcf42','0'),('8c95e95f3a67602c','0'),('8d52c860e7c6a8f4','0'),('8db8533177f43841','0'),('8f2c18eab3df7b28','0'),('9079cc764624ef1','0'),('90850dfa5a6d5fed','0'),('90ff7e870fa1c2ac','0'),('916a6b1d69ae16fc','0'),('91af58d82b7db24b','0'),('939de627fa67dc8','0'),('944a815b86a30195','0'),('967a98ff5afdb2ec','0'),('96cea3bcab3f870d','0'),('96f8bfb6eff9e514','0'),('9803e713315000dc','0'),('989c98db161658d7','0'),('98adc6ff4a8f72e6','0'),('999e9f360f12059f','0'),('9a3042703944a7ad','0'),('9afd2031123597c','0'),('9ba2bac1da5a5a90','0'),('9c19627a095f256b','0'),('9c39c697bf8131a','0'),('9c3febf91e5c61ad','0'),('9d0b7b3f7ceca902','0'),('9e2cfe9564d5cf22','0'),('9e66aff31076ffb0','0'),('9f2c0a3bfb82fb4c','0'),('9f4c405477510c52','0'),('9f52e97169ca851f','0'),('a21f3ce0662083c5','0'),('a2fbe703b5e82935','0'),('a37cbe0e5ee8e4bf','0'),('a506f2816c12edf','0'),('a5832cbbcd88884d','0'),('a60447dfcd45908c','0'),('a63e979a4c819f3a','0'),('a6b8919b04f343af','0'),('a75ff5ee314f429b','0'),('a8565831c68b19fc','0'),('a88a2974358001bd','0'),('a9714ad62d6bbe53','0'),('a9ccd3f0eff28829','0'),('aa209020fbccd5d5','0'),('aa53d3a747385f30','0'),('aa9037df78f9123e','0'),('aac1073b88205492','0'),('ab31d6b2a79c359b','0'),('abbd694f2ecf91c','0'),('acb2449c3d75bdec','0'),('aeb35a7615172b29','0'),('af511147cdc3efc','0'),('afae784d1502594d','0'),('afe057ab37c6307c','0'),('afee64077ead632f','0'),('b003c2b6222fc09d','0'),('b0858645b616935d','0'),('b0919e20b0696ea8','0'),('b1dc0634f523fcee','0'),('b2562a4c69465e6c','0'),('b28dc386ec3d7f56','0'),('b2bc5ea9dfadd7f8','0'),('b2ebe0a5213d4bf1','0'),('b391494bc9166210','0'),('b39d87b5c9d4732f','0'),('b3c5ff152a51cd21','0'),('b4049464c032fc3e','0'),('b51720df83f580b5','0'),('b66302522cbbd544','0'),('b7f0330bd68e0751','0'),('b82f45a6c27f59a6','0'),('b83ee1cd11bb01a7','0'),('b84b3f3cb4c3bdf3','0'),('b8756246c7323eb7','0'),('b9591cb1a7e7fa7e','0'),('ba3a57f87d267168','0'),('bae69e4483f0afc4','0'),('bafaa7e00188df20','0'),('bb4703de89493668','0'),('bc3283dbb7a6023c','0'),('bc5a3e295c74e71c','0'),('bc93cf2c6b2d207','0'),('bd17aaa7275a125b','0'),('bd468577438382e5','0'),('bd6c04e80fbf84c','0'),('bdd65c373a9ea309','0'),('be840577ec156342','0'),('bf3db00e4ca475e5','0'),('bf70ab613bae0eae','0'),('bf8abb94be741a5a','0'),('bf9e91a764f4b3ad','0'),('c050236056ecd55f','0'),('c25861ee9954ac5f','0'),('c333a1bcd49b8564','0'),('c3575104847c91ed','0'),('c35d43f43cd7b3e2','0'),('c35fd67461e0d6d','0'),('c368b81d95043c','0'),('c3bdeabcc16bfa1b','0'),('c3cb819f543a89fa','0'),('c4f2102952f22a59','0'),('c5aeb2e4cbea00db','0'),('c600bf33000cffde','0'),('c6c64f2a5950b98c','0'),('c748bdf40fd75d21','0'),('c78bb65d2f080fdd','0'),('c91b776e88e51db3','0'),('cba1eef94d050f5a','0'),('cce35a75f9ba13f1','0'),('cd19be6dc2964488','0'),('cd3dadd8a5368b47','0'),('cd8982adcc90f64f','0'),('cda1b7f136c1a058','0'),('cdb747b09e1e1355','0'),('cdb9c0298fffef2c','0'),('ce2d7553b6bc8ab4','0'),('ceaf33b84b1561b2','0'),('d046c139bda95d74','0'),('d0531419d3a599fe','0'),('d0bfe2ae4c99056b','0'),('d18a20a3fd012819','0'),('d19315d1ac136f0f','0'),('d198da1ee05f2cb7','0'),('d1e6a62aed52c1c1','0'),('d2c7e224a368f6cf','0'),('d3bd6c3775efdcf8','0'),('d425756619107fa9','0'),('d47195ab36b2a904','0'),('d52b79185f299bad','0'),('d7f938a583fb7598','0'),('d8268f5d2472dcb7','0'),('db5a8737b67960a5','0'),('dbf06a5c83f4033b','0'),('dc0e4e1d32b380a','0'),('ddaf149f2894dfca','0'),('de20a16e9f7a110c','0'),('dea13460ec39f15c','0'),('dec32521f8eeaef3','0'),('df4b4214b61d7248','0'),('e0d87667b44ee353','0'),('e11c05a9ae862c6b','0'),('e153465bda090f7c','0'),('e355591157bd27cb','0'),('e468fc82c80224d9','0'),('e4b648f87fa70c69','0'),('e4bcc26d46411bc3','0'),('e51869c5f74aadda','0'),('e575bf2ce0998f84','0'),('e5e581b33d43def3','0'),('e62acd3e073e583a','0'),('e65c8b5e292441f3','0'),('e6cc53fc12431589','0'),('e6d2e57dfc695780','0'),('e6f554c482220896','0'),('e71ee8ae2f914c42','0'),('e74ef66c61efd3ef','0'),('e77fd35f3634d9c','0'),('e79ca8717b75136d','0'),('e81653a13f2e1b8f','0'),('e912b22669cc60fb','0'),('e947820a4280891b','0'),('ea95f77d3cdd8e62','0'),('eab405761c68cab4','0'),('ec24087664724f50','0'),('ec63fb8031c3e5a1','0'),('ed0826bd81e61f79','0'),('edf8677dd1565921','0'),('ef3535b1dc61f01a','0'),('ef5699c9b2cd71a2','0'),('ef7461fa1cc9ba08','0'),('f047303632db53ec','0'),('f197e51559472aa7','0'),('f1f73d6e9701acfc','0'),('f2d1c1e0a378ce88','0'),('f33057c8879b3a69','0'),('f341e1bbdeff291e','0'),('f3754b7bb79a8797','0'),('f3ed21b9d446a1f4','0'),('f3f73f4a67a51218','0'),('f494006a7f8fb8bd','0'),('f5efe53a074d00c7','0'),('f6ad75a443e93c23','0'),('f83810e7c52ed0da','0'),('f90365f70665925c','0'),('fa08a853dcb9ed57','0'),('fa2c242eb63bd4b1','0'),('fb1315cbdcc4d21f','0'),('fb1c1339a68e0c45','0'),('fb25b2e657d09175','0'),('fd145ccff181fac0','0'),('fe60697edfa199e3','0'),('fe99ef39c72d8343','0'),('fedcd597079b6502','0'),('fef324cf9db19860','0'),('ff53492b636a25fc','0'),('ffa1e2af905206bf','0');
/*!40000 ALTER TABLE `login_users` ENABLE KEYS */;
UNLOCK TABLES;

--
-- Table structure for table `notebook`
--

DROP TABLE IF EXISTS `notebook`;
/*!40101 SET @saved_cs_client     = @@character_set_client */;
/*!40101 SET character_set_client = utf8 */;
CREATE TABLE `notebook` (
  `user_id` varchar(16) DEFAULT NULL,
  `video_id` int(11) unsigned NOT NULL,
  `date_created` datetime DEFAULT NULL,
  UNIQUE KEY `unique` (`user_id`,`video_id`)
) ENGINE=InnoDB DEFAULT CHARSET=utf8;
/*!40101 SET character_set_client = @saved_cs_client */;

--
-- Dumping data for table `notebook`
--

LOCK TABLES `notebook` WRITE;
/*!40000 ALTER TABLE `notebook` DISABLE KEYS */;
INSERT INTO `notebook` VALUES ('dea13460ec39f15c',1,NULL),('dea13460ec39f15c',2,NULL),('dea13460ec39f15c',3,NULL),('53c5c44f08c2f96d',2,NULL),('53c5c44f08c2f96d',1,NULL),('539150cf880b61d8',1,NULL),('dea13460ec39f15c',4,NULL),('dea13460ec39f15c',7,NULL),('dea13460ec39f15c',13,NULL),('dea13460ec39f15c',9,NULL),('dea13460ec39f15c',12,NULL),('dea13460ec39f15c',8,NULL),('7e6fd64ed2018180',12,NULL),('dea13460ec39f15c',5,NULL),('dea13460ec39f15c',6,NULL),('7e6fd64ed2018180',10,NULL),('7e6fd64ed2018180',18,NULL),('dea13460ec39f15c',17,NULL),('dea13460ec39f15c',26,NULL),('539150cf880b61d8',20,NULL),('539150cf880b61d8',18,NULL),('2c571a0437dc8286',31,NULL),('bafaa7e00188df20',31,NULL),('a6b8919b04f343af',31,NULL),('c050236056ecd55f',20,NULL),('37ee5db22cb40b8a',18,NULL),('3f82737947aa6fd1',26,NULL),('438b6e4120c71f3e',29,NULL),('b003c2b6222fc09d',30,NULL),('8a5919d61a51ace6',27,NULL),('8a5919d61a51ace6',24,NULL),('8a5919d61a51ace6',21,NULL),('8a5919d61a51ace6',25,NULL),('8a5919d61a51ace6',12,NULL),('828116f321fd412b',14,NULL),('828116f321fd412b',9,NULL),('37ee5db22cb40b8a',31,NULL),('37ee5db22cb40b8a',30,NULL),('e912b22669cc60fb',31,NULL),('37ee5db22cb40b8a',12,NULL),('37ee5db22cb40b8a',28,NULL),('37ee5db22cb40b8a',26,NULL),('37ee5db22cb40b8a',20,NULL),('37ee5db22cb40b8a',15,NULL),('59d678cb19a57431',28,NULL),('2c571a0437dc8286',29,NULL),('32a43fa9de34ad0a',29,NULL),('368fcee996b84e6f',31,NULL),('5f0818aab2f2097f',31,NULL),('5f0818aab2f2097f',26,NULL),('f1f73d6e9701acfc',12,NULL),('f1f73d6e9701acfc',18,NULL),('f1f73d6e9701acfc',25,NULL),('3fe1e5df14bd148d',22,NULL),('886877450a2c2145',31,NULL),('e4b648f87fa70c69',30,NULL),('4e1e4e4081600363',7,NULL),('4e1e4e4081600363',31,NULL),('4e1e4e4081600363',30,NULL),('f494006a7f8fb8bd',31,NULL),('38e6f60876befe50',20,NULL),('38e6f60876befe50',12,NULL),('8a5919d61a51ace6',7,NULL),('37ee5db22cb40b8a',25,NULL),('37ee5db22cb40b8a',23,NULL),('37ee5db22cb40b8a',24,NULL),('3514ca6c2f1e72e4',31,NULL),('393c5897868b7d1c',26,NULL),('f1f73d6e9701acfc',31,NULL),('9079cc764624ef1',38,NULL),('4b328d5a757225ab',40,NULL),('73f06a02d7170b59',40,NULL),('73f06a02d7170b59',39,NULL),('73f06a02d7170b59',31,NULL),('f1f73d6e9701acfc',20,NULL),('f1f73d6e9701acfc',26,NULL),('f1f73d6e9701acfc',22,NULL),('f1f73d6e9701acfc',38,NULL),('fb1c1339a68e0c45',44,NULL),('fb1c1339a68e0c45',31,NULL),('fb1c1339a68e0c45',45,NULL),('8a5919d61a51ace6',38,NULL),('d7f938a583fb7598',11,NULL),('2dd10e027d7c9020',44,NULL),('2dd10e027d7c9020',38,NULL),('bb4703de89493668',38,NULL),('9c3febf91e5c61ad',31,NULL),('ec24087664724f50',39,NULL),('cdb9c0298fffef2c',45,NULL),('52c31d7e67af89be',28,NULL),('46dcb54e256f01db',45,NULL),('46dcb54e256f01db',44,NULL),('46dcb54e256f01db',43,NULL),('46dcb54e256f01db',40,NULL),('46dcb54e256f01db',39,NULL),('539de3dc77624b8b',31,NULL),('29a9e2745c758f52',42,NULL),('29f8b2d83836faf1',14,NULL),('29f8b2d83836faf1',9,NULL),('29f8b2d83836faf1',28,NULL),('5307d76d6ebb6f85',31,NULL),('a6b8919b04f343af',39,NULL),('a6b8919b04f343af',26,NULL),('a6b8919b04f343af',43,NULL),('46dcb54e256f01db',31,NULL),('8960a1cd354f387c',43,NULL),('bf3db00e4ca475e5',28,NULL),('bf3db00e4ca475e5',29,NULL),('bf3db00e4ca475e5',40,NULL),('bf3db00e4ca475e5',45,NULL),('bf3db00e4ca475e5',44,NULL),('ec24087664724f50',43,NULL),('ec24087664724f50',26,NULL),('bf3db00e4ca475e5',42,NULL),('bf3db00e4ca475e5',10,NULL),('bf3db00e4ca475e5',41,NULL),('bf3db00e4ca475e5',27,NULL),('bf3db00e4ca475e5',25,NULL),('bf3db00e4ca475e5',21,NULL),('bf3db00e4ca475e5',24,NULL),('bf3db00e4ca475e5',31,NULL),('bf3db00e4ca475e5',30,NULL),('bf3db00e4ca475e5',38,NULL),('bf3db00e4ca475e5',39,NULL),('bf3db00e4ca475e5',43,NULL),('bf3db00e4ca475e5',23,NULL),('bf3db00e4ca475e5',20,NULL),('bf3db00e4ca475e5',15,NULL),('bf3db00e4ca475e5',13,NULL),('bf3db00e4ca475e5',7,NULL),('d046c139bda95d74',31,NULL),('6b973f004ce03bf1',42,NULL),('65682f03954133ad',42,NULL),('65682f03954133ad',44,NULL),('79c1f575ead68367',28,NULL),('4493677bb02a85f',44,NULL),('4493677bb02a85f',31,NULL),('8c95e95f3a67602c',45,NULL),('f33057c8879b3a69',39,NULL),('ce2d7553b6bc8ab4',20,NULL),('d3bd6c3775efdcf8',40,NULL),('c91b776e88e51db3',42,NULL),('9c19627a095f256b',14,NULL),('5aebeaa8600562ac',28,NULL),('65682f03954133ad',40,NULL),('afe057ab37c6307c',45,NULL),('afe057ab37c6307c',14,NULL),('afe057ab37c6307c',42,NULL),('7d074e13f0721582',42,NULL),('40e8e7006a7e44a',15,NULL),('f1f73d6e9701acfc',10,NULL),('9079cc764624ef1',44,NULL),('9079cc764624ef1',20,NULL),('bd17aaa7275a125b',16,NULL),('19eb6154d341bab',20,NULL),('19eb6154d341bab',42,NULL),('19eb6154d341bab',38,NULL),('b39d87b5c9d4732f',40,NULL),('bc5a3e295c74e71c',44,NULL),('76fd3717a622ff8b',42,NULL),('8c95e95f3a67602c',29,NULL),('c25861ee9954ac5f',26,NULL),('8c95e95f3a67602c',46,NULL),('c600bf33000cffde',17,NULL),('661d09a5ffabdb55',30,NULL),('661d09a5ffabdb55',28,NULL),('661d09a5ffabdb55',38,NULL),('661d09a5ffabdb55',17,NULL),('661d09a5ffabdb55',10,NULL),('f5efe53a074d00c7',16,NULL),('15a17fba76e6ae51',29,NULL),('39c951ff3025b40a',46,NULL),('37ee5db22cb40b8a',46,NULL),('77a19f96c9e495e8',47,NULL),('8c03ce5f53dfcf42',31,NULL),('661d09a5ffabdb55',44,NULL),('661d09a5ffabdb55',43,NULL),('661d09a5ffabdb55',40,NULL),('56bc7c21f23b9d63',46,NULL),('56bc7c21f23b9d63',47,NULL),('56bc7c21f23b9d63',42,NULL),('56bc7c21f23b9d63',18,NULL),('56bc7c21f23b9d63',17,NULL),('56bc7c21f23b9d63',40,NULL),('b2ebe0a5213d4bf1',46,NULL),('443c6d37906a8c4e',45,NULL),('443c6d37906a8c4e',31,NULL),('443c6d37906a8c4e',9,NULL),('443c6d37906a8c4e',40,NULL),('443c6d37906a8c4e',5,NULL),('125f890a08eef641',22,NULL),('e6f554c482220896',46,NULL),('ef7461fa1cc9ba08',48,NULL),('73691baa7fdc0568',11,NULL),('9f52e97169ca851f',44,NULL),('d0531419d3a599fe',47,NULL),('d0531419d3a599fe',12,NULL),('bc93cf2c6b2d207',48,NULL),('22803462dd59fc47',47,NULL),('39ba2d3650fd102c',49,NULL),('39ba2d3650fd102c',31,NULL),('f1f73d6e9701acfc',28,NULL),('56bc7c21f23b9d63',38,NULL),('70452eba46925471',26,NULL),('70452eba46925471',44,NULL),('70452eba46925471',42,NULL),('70452eba46925471',29,NULL),('70452eba46925471',16,NULL),('70452eba46925471',11,NULL),('70452eba46925471',7,NULL),('70452eba46925471',40,NULL),('70452eba46925471',14,NULL),('70452eba46925471',6,NULL),('70452eba46925471',43,NULL),('70452eba46925471',39,NULL),('70452eba46925471',30,NULL),('70452eba46925471',9,NULL),('70452eba46925471',8,NULL),('70452eba46925471',19,NULL),('70452eba46925471',49,NULL),('70452eba46925471',45,NULL),('70452eba46925471',31,NULL),('70452eba46925471',46,NULL),('70452eba46925471',22,NULL),('70452eba46925471',48,NULL),('70452eba46925471',20,NULL),('70452eba46925471',15,NULL),('70452eba46925471',12,NULL),('70452eba46925471',47,NULL),('70452eba46925471',18,NULL),('70452eba46925471',10,NULL),('70452eba46925471',5,NULL),('70452eba46925471',38,NULL),('70452eba46925471',13,NULL),('70452eba46925471',17,NULL),('70452eba46925471',28,NULL),('70452eba46925471',41,NULL),('70452eba46925471',27,NULL),('70452eba46925471',25,NULL),('70452eba46925471',24,NULL),('70452eba46925471',23,NULL),('70452eba46925471',21,NULL),('2ce3968c6012d375',49,NULL),('650030ef961c995',25,NULL),('37ee5db22cb40b8a',40,NULL),('37ee5db22cb40b8a',38,NULL),('96cea3bcab3f870d',14,NULL),('37ee5db22cb40b8a',17,NULL),('37ee5db22cb40b8a',48,NULL),('37ee5db22cb40b8a',47,NULL),('37ee5db22cb40b8a',49,NULL),('37ee5db22cb40b8a',45,NULL),('37ee5db22cb40b8a',44,NULL),('37ee5db22cb40b8a',43,NULL),('37ee5db22cb40b8a',39,NULL),('37ee5db22cb40b8a',29,NULL),('37ee5db22cb40b8a',42,NULL),('37ee5db22cb40b8a',19,NULL),('37ee5db22cb40b8a',16,NULL),('37ee5db22cb40b8a',14,NULL),('37ee5db22cb40b8a',13,NULL),('37ee5db22cb40b8a',10,NULL),('37ee5db22cb40b8a',5,NULL),('37ee5db22cb40b8a',41,NULL),('37ee5db22cb40b8a',11,NULL),('37ee5db22cb40b8a',22,NULL),('37ee5db22cb40b8a',9,NULL),('bf8abb94be741a5a',10,NULL),('2ad0a5da6eaf05fb',20,NULL),('6ab23db94ae984e6',31,NULL),('b2ebe0a5213d4bf1',27,NULL),('a506f2816c12edf',38,NULL),('a506f2816c12edf',46,NULL),('4b410b371ebd01b',18,NULL),('967a98ff5afdb2ec',43,NULL),('afe057ab37c6307c',38,NULL),('73b2237ce8f4b540',40,NULL),('39ce9e0e6c29b324',48,NULL),('39ce9e0e6c29b324',42,NULL),('39ce9e0e6c29b324',38,NULL),('39ce9e0e6c29b324',18,NULL),('39ce9e0e6c29b324',17,NULL),('39ce9e0e6c29b324',28,NULL),('b2562a4c69465e6c',44,NULL),('b2562a4c69465e6c',30,NULL),('4b410b371ebd01b',44,NULL),('4b410b371ebd01b',16,NULL),('4b410b371ebd01b',42,NULL),('4b410b371ebd01b',6,NULL),('4b410b371ebd01b',14,NULL),('4b410b371ebd01b',40,NULL),('4b410b371ebd01b',48,NULL),('4b410b371ebd01b',15,NULL),('4b410b371ebd01b',12,NULL),('4b410b371ebd01b',47,NULL),('4b410b371ebd01b',5,NULL),('4b410b371ebd01b',38,NULL),('4b410b371ebd01b',13,NULL),('4b410b371ebd01b',17,NULL),('4b410b371ebd01b',28,NULL),('4b410b371ebd01b',46,NULL),('4b410b371ebd01b',22,NULL),('44259c27a96f1030',47,NULL),('1f464109f794e7c1',13,NULL),('4b410b371ebd01b',29,NULL),('4b410b371ebd01b',26,NULL),('4b410b371ebd01b',20,NULL),('4b410b371ebd01b',10,NULL),('102667f6846f6d91',46,NULL),('185da172995c221a',47,NULL),('185da172995c221a',46,NULL),('a63e979a4c819f3a',29,NULL),('e74ef66c61efd3ef',28,NULL),('c5aeb2e4cbea00db',20,NULL),('e11c05a9ae862c6b',14,NULL),('e11c05a9ae862c6b',16,NULL),('e11c05a9ae862c6b',19,NULL),('e11c05a9ae862c6b',31,NULL),('d7f938a583fb7598',46,NULL),('185da172995c221a',42,NULL),('185da172995c221a',38,NULL),('185da172995c221a',28,NULL),('185da172995c221a',18,NULL),('d0bfe2ae4c99056b',44,NULL),('bae69e4483f0afc4',52,NULL),('1314ab6791b23eac',44,NULL),('bae69e4483f0afc4',21,NULL),('bae69e4483f0afc4',17,NULL),('d2c7e224a368f6cf',38,NULL),('2f2619120aa9e3d6',31,NULL),('2f2619120aa9e3d6',49,NULL),('2f2619120aa9e3d6',26,NULL),('2f2619120aa9e3d6',19,NULL),('2f2619120aa9e3d6',52,NULL),('b51720df83f580b5',51,NULL),('aeb35a7615172b29',48,NULL),('39ba2d3650fd102c',51,NULL),('2314ff5ce64d404f',41,NULL),('16c4f46f15e80e0a',49,NULL),('16c4f46f15e80e0a',22,NULL),('33f1cdb1fb6a2c8',49,NULL),('25da64f625fc369',42,NULL),('d18a20a3fd012819',46,NULL),('dbf06a5c83f4033b',51,NULL),('dbf06a5c83f4033b',48,NULL),('dbf06a5c83f4033b',47,NULL),('ef3535b1dc61f01a',18,NULL),('91af58d82b7db24b',45,NULL),('91af58d82b7db24b',30,NULL),('91af58d82b7db24b',49,NULL),('91af58d82b7db24b',52,NULL),('91af58d82b7db24b',29,NULL),('91af58d82b7db24b',28,NULL),('91af58d82b7db24b',9,NULL),('91af58d82b7db24b',26,NULL),('fa2c242eb63bd4b1',48,NULL),('b3c5ff152a51cd21',46,NULL),('b3c5ff152a51cd21',27,NULL),('9f4c405477510c52',45,NULL),('bae69e4483f0afc4',47,NULL),('788f9cf879655da4',48,NULL),('d198da1ee05f2cb7',52,NULL),('bae69e4483f0afc4',53,NULL),('573e52992524db29',18,NULL),('9f2c0a3bfb82fb4c',51,NULL),('9f2c0a3bfb82fb4c',49,NULL),('692f9f260f0d2fb7',53,NULL),('1a819a0bdf4367ee',52,NULL),('f197e51559472aa7',45,NULL),('f197e51559472aa7',44,NULL),('f197e51559472aa7',31,NULL),('11c2fa2772206ee5',53,NULL),('59e736fb1c1daa28',43,NULL),('abbd694f2ecf91c',31,NULL),('3c6bb64dd2dda7e7',30,NULL),('2ad0a5da6eaf05fb',51,NULL),('dec32521f8eeaef3',12,NULL),('bf70ab613bae0eae',41,NULL),('a5832cbbcd88884d',19,NULL),('839b222f3d7c27b9',48,NULL),('ba3a57f87d267168',41,NULL),('ba3a57f87d267168',51,NULL),('ba3a57f87d267168',46,NULL),('641853cc3e6c384d',51,NULL),('dc0e4e1d32b380a',40,NULL),('cba1eef94d050f5a',51,NULL),('a88a2974358001bd',44,NULL),('b4049464c032fc3e',43,NULL),('fef324cf9db19860',23,NULL),('c333a1bcd49b8564',39,NULL),('c333a1bcd49b8564',26,NULL),('41700b82ac7713aa',51,NULL),('a60447dfcd45908c',44,NULL),('5f0818aab2f2097f',30,NULL),('9f52e97169ca851f',20,NULL),('9f52e97169ca851f',11,NULL),('c368b81d95043c',51,NULL),('c368b81d95043c',49,NULL),('cba1eef94d050f5a',38,NULL),('ceaf33b84b1561b2',55,NULL),('f047303632db53ec',51,NULL),('41c15eee5f09452b',12,NULL),('771b94fbcc050bc6',26,NULL),('771b94fbcc050bc6',39,NULL),('473b499f607bdb1f',31,NULL),('c3575104847c91ed',51,NULL),('4e1e4e4081600363',14,NULL),('59702e5dc279bd3',31,NULL),('7c5f6f87ffc16a8a',50,NULL),('c78bb65d2f080fdd',50,NULL),('49d901e448b836d1',38,NULL),('f3f73f4a67a51218',38,NULL),('f3f73f4a67a51218',13,NULL),('f3f73f4a67a51218',48,NULL),('f3f73f4a67a51218',28,NULL),('f3f73f4a67a51218',15,NULL),('f3f73f4a67a51218',47,NULL),('f3f73f4a67a51218',12,NULL),('f3f73f4a67a51218',5,NULL),('f3f73f4a67a51218',10,NULL),('f3f73f4a67a51218',18,NULL),('f3f73f4a67a51218',54,NULL),('f3f73f4a67a51218',51,NULL),('f3f73f4a67a51218',49,NULL),('f3f73f4a67a51218',45,NULL),('f3f73f4a67a51218',31,NULL),('f3f73f4a67a51218',43,NULL),('f3f73f4a67a51218',39,NULL),('f3f73f4a67a51218',30,NULL),('f3f73f4a67a51218',9,NULL),('f3f73f4a67a51218',8,NULL),('f3f73f4a67a51218',40,NULL),('f3f73f4a67a51218',14,NULL),('f3f73f4a67a51218',6,NULL),('f3f73f4a67a51218',11,NULL),('f3f73f4a67a51218',42,NULL),('f3f73f4a67a51218',29,NULL),('f3f73f4a67a51218',16,NULL),('f3f73f4a67a51218',22,NULL),('f3f73f4a67a51218',46,NULL),('539150cf880b61d8',50,NULL),('2ad0a5da6eaf05fb',50,NULL),('2ad0a5da6eaf05fb',18,NULL),('f341e1bbdeff291e',53,NULL),('539150cf880b61d8',48,NULL),('539150cf880b61d8',54,NULL),('25d25c1e38b9b9c8',53,NULL),('e575bf2ce0998f84',26,NULL),('c748bdf40fd75d21',44,NULL),('d7f938a583fb7598',55,NULL),('5f144e6ddc0d4b8e',22,NULL),('df4b4214b61d7248',31,NULL),('e468fc82c80224d9',45,NULL),('25d25c1e38b9b9c8',40,NULL),('d47195ab36b2a904',40,NULL),('d47195ab36b2a904',9,NULL),('e153465bda090f7c',23,NULL),('de20a16e9f7a110c',5,NULL),('4658667a7a74215a',22,NULL),('4feeb19c5ae9d765',48,NULL),('418f73066c4472e6',39,NULL),('75d238805789aeb2',40,NULL),('967a98ff5afdb2ec',40,NULL),('989c98db161658d7',49,NULL),('989c98db161658d7',51,NULL),('18721773e3033a85',14,NULL),('18721773e3033a85',15,NULL),('18721773e3033a85',53,NULL),('18721773e3033a85',46,NULL),('c3bdeabcc16bfa1b',60,NULL),('c3bdeabcc16bfa1b',59,NULL),('7279f43f0aa3052',46,NULL),('539150cf880b61d8',60,NULL),('539150cf880b61d8',47,NULL),('e81653a13f2e1b8f',64,NULL),('9a3042703944a7ad',55,NULL),('967a98ff5afdb2ec',64,NULL),('939de627fa67dc8',64,NULL),('3296f009ab6833f9',63,NULL),('3296f009ab6833f9',58,NULL),('539150cf880b61d8',64,NULL),('4ccfe50a216c7ea6',64,NULL),('21b926657eea7c4c',64,NULL),('bc3283dbb7a6023c',66,NULL),('d425756619107fa9',59,NULL),('7349045e5409032a',59,NULL),('52576b76da33404e',62,NULL),('673085fb90c9bc18',63,NULL),('18721773e3033a85',63,NULL),('38ebdb27f25522f2',66,NULL),('db5a8737b67960a5',61,NULL),('38ebdb27f25522f2',59,NULL),('cd3dadd8a5368b47',64,NULL),('cd3dadd8a5368b47',60,NULL),('cd3dadd8a5368b47',38,NULL),('28b56abd0cfb34cd',42,NULL),('28b56abd0cfb34cd',56,NULL),('cd3dadd8a5368b47',26,NULL),('67b6c423b6c562c6',51,NULL),('67b6c423b6c562c6',44,NULL),('5a2aef7e05d759c7',58,NULL),('5a2aef7e05d759c7',56,NULL),('a88a2974358001bd',12,NULL),('f6ad75a443e93c23',59,NULL),('2de96130b21d4517',60,NULL),('f6ad75a443e93c23',12,NULL),('f6ad75a443e93c23',39,NULL),('f6ad75a443e93c23',22,NULL),('f6ad75a443e93c23',51,NULL),('98adc6ff4a8f72e6',23,NULL),('4feeb19c5ae9d765',16,NULL),('4feeb19c5ae9d765',14,NULL),('4feeb19c5ae9d765',30,NULL),('4feeb19c5ae9d765',40,NULL),('4feeb19c5ae9d765',50,NULL),('4feeb19c5ae9d765',28,NULL),('4feeb19c5ae9d765',15,NULL),('4feeb19c5ae9d765',47,NULL),('4feeb19c5ae9d765',38,NULL),('4feeb19c5ae9d765',13,NULL),('4feeb19c5ae9d765',18,NULL),('4feeb19c5ae9d765',10,NULL),('4feeb19c5ae9d765',5,NULL),('4feeb19c5ae9d765',64,NULL),('4feeb19c5ae9d765',57,NULL),('875f54f52013e4d2',57,NULL),('f6ad75a443e93c23',44,NULL),('33ee0d902fad84d2',58,NULL),('453db5f71ce40ed6',40,NULL),('a8565831c68b19fc',60,NULL),('a8565831c68b19fc',51,NULL),('a8565831c68b19fc',61,NULL),('a8565831c68b19fc',66,NULL),('a8565831c68b19fc',59,NULL),('a8565831c68b19fc',56,NULL),('18721773e3033a85',66,NULL),('a37cbe0e5ee8e4bf',53,NULL),('999e9f360f12059f',69,NULL),('4bb1fabed12d7772',69,NULL),('2abaaa5d8e25375a',68,NULL),('afae784d1502594d',63,NULL),('41edb8d3da59c1b',69,NULL),('3e34049fa2461c0e',47,NULL),('3e34049fa2461c0e',20,NULL),('7ea9e215787b4395',20,NULL),('7ea9e215787b4395',22,NULL),('43edb94fc0bb6775',12,NULL),('43edb94fc0bb6775',9,NULL),('43edb94fc0bb6775',43,NULL),('43edb94fc0bb6775',44,NULL),('43edb94fc0bb6775',56,NULL),('7ea9e215787b4395',63,NULL),('b51720df83f580b5',71,NULL),('b51720df83f580b5',40,NULL),('43edb94fc0bb6775',68,NULL),('ec63fb8031c3e5a1',70,NULL),('8110b9d2b0ac0694',71,NULL),('2ba1e5a808aca62c',51,NULL),('b8756246c7323eb7',52,NULL),('b2bc5ea9dfadd7f8',14,NULL),('d1e6a62aed52c1c1',71,NULL),('e6d2e57dfc695780',20,NULL),('e6d2e57dfc695780',56,NULL),('e6d2e57dfc695780',58,NULL),('4aca84a488410cb7',71,NULL),('cce35a75f9ba13f1',14,NULL),('6ccbb9ab8c4db0bb',71,NULL),('b7f0330bd68e0751',71,NULL),('39b0781c66ad545b',69,NULL),('6637b2107cabbf97',62,NULL),('9afd2031123597c',71,NULL),('fd145ccff181fac0',75,NULL),('aac1073b88205492',74,NULL),('b82f45a6c27f59a6',58,NULL),('6ab5756778db693e',58,NULL),('6ab5756778db693e',26,NULL),('8f2c18eab3df7b28',75,NULL),('8f2c18eab3df7b28',74,NULL),('8f2c18eab3df7b28',57,NULL),('517d2445883a5ae8',75,NULL),('e4bcc26d46411bc3',75,NULL),('25268520056074c9',76,NULL),('fe60697edfa199e3',74,NULL),('25268520056074c9',6,NULL),('6771114c2386b947',75,NULL),('acb2449c3d75bdec',60,NULL),('e5e581b33d43def3',46,NULL),('e5e581b33d43def3',31,NULL),('e65c8b5e292441f3',67,NULL),('e65c8b5e292441f3',66,NULL),('e65c8b5e292441f3',64,NULL),('e65c8b5e292441f3',77,NULL),('e65c8b5e292441f3',41,NULL),('cdb747b09e1e1355',79,NULL),('b7f0330bd68e0751',76,NULL),('b7f0330bd68e0751',74,NULL),('9e2cfe9564d5cf22',79,NULL),('d19315d1ac136f0f',79,NULL),('9ba2bac1da5a5a90',25,NULL),('e79ca8717b75136d',62,NULL),('c3bdeabcc16bfa1b',76,NULL),('fb1315cbdcc4d21f',74,NULL),('52985b0fc6d65ec6',59,NULL),('ea95f77d3cdd8e62',59,NULL),('fe99ef39c72d8343',58,NULL),('fe99ef39c72d8343',56,NULL),('fe99ef39c72d8343',63,NULL),('fe99ef39c72d8343',79,NULL),('3e2e34a616cfb2e5',80,NULL),('ea95f77d3cdd8e62',76,NULL),('90ff7e870fa1c2ac',80,NULL),('cd19be6dc2964488',81,NULL),('cd19be6dc2964488',83,NULL),('cd19be6dc2964488',70,NULL),('ddaf149f2894dfca',59,NULL),('fedcd597079b6502',79,NULL),('18e6a9046d93c78f',19,NULL),('261e60c5846931c5',69,NULL),('d8268f5d2472dcb7',62,NULL),('257e32a15f261736',67,NULL),('257e32a15f261736',66,NULL),('e51869c5f74aadda',48,NULL),('e51869c5f74aadda',47,NULL),('fedcd597079b6502',69,NULL),('523ecf25b94c446a',62,NULL),('e355591157bd27cb',74,NULL),('ceaf33b84b1561b2',66,NULL),('85bbcea9251f53f9',89,NULL),('b2562a4c69465e6c',76,NULL),('b2562a4c69465e6c',75,NULL),('aa9037df78f9123e',83,NULL),('b2562a4c69465e6c',68,NULL),('edf8677dd1565921',84,NULL),('9d0b7b3f7ceca902',63,NULL),('9d0b7b3f7ceca902',50,NULL),('2eb18a295b31b6fb',16,NULL),('2eb18a295b31b6fb',80,NULL),('3571dca442f5351f',88,NULL),('f6ad75a443e93c23',80,NULL),('60d155c193c04289',85,NULL),('60d155c193c04289',80,NULL),('7cc0cce216985b22',91,NULL),('78431de7e4ca6c31',77,NULL),('40acfaa41851d61a',70,NULL),('9e66aff31076ffb0',90,NULL),('6b90dff5414ad21c',89,NULL),('6b90dff5414ad21c',60,NULL),('4658667a7a74215a',26,NULL),('f2d1c1e0a378ce88',90,NULL),('505b861012527271',90,NULL),('ff53492b636a25fc',91,NULL),('556f211fccc9deeb',80,NULL),('60d077ba0ade8bcc',71,NULL),('b39d87b5c9d4732f',79,NULL),('b39d87b5c9d4732f',77,NULL),('85d8a00ae472e4c7',85,NULL),('11770778728821e1',73,NULL),('ffa1e2af905206bf',62,NULL),('ab31d6b2a79c359b',91,NULL),('6df30b6029e3253c',46,NULL),('6e3b2771ed2c845e',92,NULL),('6e3b2771ed2c845e',56,NULL),('a9ccd3f0eff28829',6,NULL),('ef5699c9b2cd71a2',77,NULL),('e6cc53fc12431589',18,NULL),('643c635677b13b0e',77,NULL),('2c2783af8834432e',90,NULL),('2c2783af8834432e',56,NULL),('2c2783af8834432e',58,NULL),('3608bd9223738aa9',79,NULL),('f3754b7bb79a8797',66,NULL),('6efbe280a767f12c',81,NULL),('6efbe280a767f12c',95,NULL),('6efbe280a767f12c',92,NULL),('2f30714dc8f24936',95,NULL),('6a944371f1aaac35',77,NULL),('6a944371f1aaac35',70,NULL),('88ac2fe6c53370d4',93,NULL),('279bbd97cdd8606d',97,NULL),('56e27edb61fb764e',78,NULL),('eab405761c68cab4',97,NULL),('90850dfa5a6d5fed',71,NULL),('90850dfa5a6d5fed',95,NULL),('15c5da3303fa5053',77,NULL),('bf9e91a764f4b3ad',66,NULL),('29541868ce6c94a5',19,NULL),('7271dee29e6a01f8',89,NULL),('b28dc386ec3d7f56',76,NULL),('886877450a2c2145',91,NULL),('cda1b7f136c1a058',5,NULL),('8b162774f0d4a6b9',95,NULL),('8b162774f0d4a6b9',94,NULL),('8b162774f0d4a6b9',93,NULL),('8b162774f0d4a6b9',92,NULL),('8b162774f0d4a6b9',79,NULL),('668449ff3cf084eb',98,NULL),('668449ff3cf084eb',96,NULL),('5ebff074c035554f',26,NULL),('15e5e793345181f8',98,NULL),('fa08a853dcb9ed57',61,NULL),('b391494bc9166210',98,NULL),('a21f3ce0662083c5',72,NULL),('4906dc89e0e09202',100,NULL),('7c09eab3af57f49e',18,NULL),('a88a2974358001bd',74,NULL),('e0d87667b44ee353',99,NULL),('e11c05a9ae862c6b',91,NULL),('e11c05a9ae862c6b',93,NULL),('e11c05a9ae862c6b',81,NULL),('e0d87667b44ee353',100,NULL),('e0d87667b44ee353',76,NULL),('e0d87667b44ee353',85,NULL),('e0d87667b44ee353',96,NULL),('e0d87667b44ee353',47,NULL),('e0d87667b44ee353',75,NULL),('e0d87667b44ee353',41,NULL),('af511147cdc3efc',96,NULL),('c6c64f2a5950b98c',80,NULL),('4feeb19c5ae9d765',100,NULL),('4feeb19c5ae9d765',99,NULL),('4feeb19c5ae9d765',97,NULL),('4feeb19c5ae9d765',96,NULL),('4feeb19c5ae9d765',95,NULL),('4feeb19c5ae9d765',94,NULL),('4feeb19c5ae9d765',91,NULL),('4feeb19c5ae9d765',81,NULL),('4feeb19c5ae9d765',85,NULL),('f90365f70665925c',93,NULL),('577ed96bc010c27e',98,NULL),('577ed96bc010c27e',22,NULL),('577ed96bc010c27e',61,NULL),('577ed96bc010c27e',92,NULL),('577ed96bc010c27e',59,NULL),('577ed96bc010c27e',75,NULL),('2f30714dc8f24936',94,NULL),('b0919e20b0696ea8',95,NULL),('734fd7cd233ff567',79,NULL),('734fd7cd233ff567',68,NULL),('734fd7cd233ff567',92,NULL),('2b0cc96b75155e7d',100,NULL),('bd468577438382e5',91,NULL),('fb25b2e657d09175',100,NULL),('89e5ae736e5bf286',99,NULL),('9a3042703944a7ad',100,NULL),('89e5ae736e5bf286',100,NULL),('8b2a68162492cd60',97,NULL),('8b2a68162492cd60',100,NULL),('8b2a68162492cd60',99,NULL),('8b2a68162492cd60',98,NULL),('8b2a68162492cd60',95,NULL),('8b2a68162492cd60',93,NULL),('8b2a68162492cd60',91,NULL),('8b2a68162492cd60',90,NULL),('8b2a68162492cd60',89,NULL),('8b2a68162492cd60',85,NULL),('8b2a68162492cd60',81,NULL),('8b2a68162492cd60',80,NULL),('8b2a68162492cd60',79,NULL),('8b2a68162492cd60',77,NULL),('8b2a68162492cd60',76,NULL),('8b2a68162492cd60',75,NULL),('8b2a68162492cd60',74,NULL),('8b2a68162492cd60',73,NULL),('4c85b6b62fda3fd4',78,NULL),('d7f938a583fb7598',53,NULL),('4c85b6b62fda3fd4',93,NULL),('9e66aff31076ffb0',85,NULL),('693077f74f0200e',89,NULL),('9e66aff31076ffb0',79,NULL),('8b2a68162492cd60',63,NULL),('8b2a68162492cd60',101,NULL),('8b2a68162492cd60',61,NULL),('8b2a68162492cd60',52,NULL),('8b2a68162492cd60',68,NULL),('8b2a68162492cd60',64,NULL),('8b2a68162492cd60',60,NULL),('8b2a68162492cd60',54,NULL),('8b2a68162492cd60',51,NULL),('8b2a68162492cd60',49,NULL),('8b2a68162492cd60',45,NULL),('8b2a68162492cd60',31,NULL),('8b2a68162492cd60',92,NULL),('8b2a68162492cd60',59,NULL),('8b2a68162492cd60',57,NULL),('8b2a68162492cd60',19,NULL),('8b2a68162492cd60',43,NULL),('8b2a68162492cd60',39,NULL),('8b2a68162492cd60',30,NULL),('8b2a68162492cd60',9,NULL),('8b2a68162492cd60',8,NULL),('8b2a68162492cd60',67,NULL),('8b2a68162492cd60',40,NULL),('8b2a68162492cd60',14,NULL),('8b2a68162492cd60',6,NULL),('8b2a68162492cd60',78,NULL),('8b2a68162492cd60',72,NULL),('8b2a68162492cd60',69,NULL),('8b2a68162492cd60',11,NULL),('8b2a68162492cd60',7,NULL),('8b2a68162492cd60',94,NULL),('8b2a68162492cd60',42,NULL),('8b2a68162492cd60',29,NULL),('8b2a68162492cd60',16,NULL),('8b2a68162492cd60',26,NULL),('8b2a68162492cd60',44,NULL),('8b2a68162492cd60',87,NULL),('8b2a68162492cd60',86,NULL),('8b2a68162492cd60',50,NULL),('8b2a68162492cd60',28,NULL),('8b2a68162492cd60',17,NULL),('8b2a68162492cd60',96,NULL),('8b2a68162492cd60',38,NULL),('8b2a68162492cd60',13,NULL),('8b2a68162492cd60',18,NULL),('8b2a68162492cd60',10,NULL),('8b2a68162492cd60',5,NULL),('8b2a68162492cd60',47,NULL),('8b2a68162492cd60',12,NULL),('8b2a68162492cd60',15,NULL),('8b2a68162492cd60',58,NULL),('8b2a68162492cd60',56,NULL),('8b2a68162492cd60',20,NULL),('8b2a68162492cd60',71,NULL),('8b2a68162492cd60',48,NULL),('8b2a68162492cd60',62,NULL),('8b2a68162492cd60',41,NULL),('8b2a68162492cd60',27,NULL),('8b2a68162492cd60',25,NULL),('8b2a68162492cd60',24,NULL),('8b2a68162492cd60',23,NULL),('8b2a68162492cd60',21,NULL),('8b2a68162492cd60',70,NULL),('8b2a68162492cd60',66,NULL),('8b2a68162492cd60',55,NULL),('8b2a68162492cd60',53,NULL),('8b2a68162492cd60',46,NULL),('8b2a68162492cd60',102,NULL),('8b2a68162492cd60',22,NULL),('5943b4044beff095',95,NULL),('513ca7816347a902',14,NULL),('513ca7816347a902',6,NULL),('9803e713315000dc',96,NULL),('9803e713315000dc',76,NULL),('545cfaa1d923542e',99,NULL),('545cfaa1d923542e',101,NULL),('545cfaa1d923542e',94,NULL),('afee64077ead632f',92,NULL),('401ce2ec83acde4f',92,NULL),('545cfaa1d923542e',73,NULL),('bd6c04e80fbf84c',50,NULL),('5f0818aab2f2097f',76,NULL),('5f0818aab2f2097f',75,NULL),('ceaf33b84b1561b2',73,NULL),('e77fd35f3634d9c',99,NULL),('bf3db00e4ca475e5',92,NULL),('bf3db00e4ca475e5',91,NULL),('bf3db00e4ca475e5',90,NULL),('bf3db00e4ca475e5',87,NULL),('bf3db00e4ca475e5',19,NULL),('2eb18a295b31b6fb',98,NULL),('2eb18a295b31b6fb',60,NULL),('2eb18a295b31b6fb',51,NULL),('2eb18a295b31b6fb',49,NULL),('2eb18a295b31b6fb',31,NULL),('2eb18a295b31b6fb',92,NULL),('2eb18a295b31b6fb',19,NULL),('2eb18a295b31b6fb',14,NULL),('2eb18a295b31b6fb',6,NULL),('2eb18a295b31b6fb',15,NULL),('bdd65c373a9ea309',99,NULL),('71b2764862ee0005',79,NULL),('c4f2102952f22a59',104,NULL),('96f8bfb6eff9e514',56,NULL),('a2fbe703b5e82935',104,NULL),('a2fbe703b5e82935',103,NULL),('b66302522cbbd544',10,NULL),('b66302522cbbd544',5,NULL),('b66302522cbbd544',96,NULL),('b66302522cbbd544',85,NULL),('4175d0208021c5f3',104,NULL),('4175d0208021c5f3',103,NULL),('b83ee1cd11bb01a7',104,NULL),('8b2a68162492cd60',104,NULL),('8b2a68162492cd60',103,NULL),('2750046caed5c778',104,NULL),('f83810e7c52ed0da',94,NULL),('be840577ec156342',79,NULL),('be840577ec156342',104,NULL),('a8565831c68b19fc',70,NULL),('545cfaa1d923542e',104,NULL),('e0d87667b44ee353',104,NULL),('719a17fcb5aacb4b',95,NULL),('398fb82bc0197d77',10,NULL),('cd8982adcc90f64f',70,NULL),('545cfaa1d923542e',103,NULL),('545cfaa1d923542e',97,NULL),('545cfaa1d923542e',90,NULL),('545cfaa1d923542e',72,NULL),('545cfaa1d923542e',71,NULL),('545cfaa1d923542e',70,NULL),('545cfaa1d923542e',69,NULL),('545cfaa1d923542e',67,NULL),('545cfaa1d923542e',62,NULL),('545cfaa1d923542e',59,NULL),('545cfaa1d923542e',58,NULL),('545cfaa1d923542e',56,NULL),('545cfaa1d923542e',11,NULL),('545cfaa1d923542e',7,NULL),('545cfaa1d923542e',78,NULL),('545cfaa1d923542e',26,NULL),('545cfaa1d923542e',17,NULL),('545cfaa1d923542e',15,NULL),('545cfaa1d923542e',52,NULL),('545cfaa1d923542e',29,NULL),('545cfaa1d923542e',16,NULL),('b0858645b616935d',102,NULL),('ed0826bd81e61f79',97,NULL),('545cfaa1d923542e',55,NULL),('545cfaa1d923542e',44,NULL),('545cfaa1d923542e',86,NULL),('545cfaa1d923542e',96,NULL),('8d52c860e7c6a8f4',92,NULL),('b0858645b616935d',101,NULL),('b0858645b616935d',100,NULL),('b0858645b616935d',96,NULL),('b0858645b616935d',95,NULL),('c3cb819f543a89fa',97,NULL),('c3cb819f543a89fa',96,NULL),('c3cb819f543a89fa',95,NULL),('c3cb819f543a89fa',90,NULL),('c3cb819f543a89fa',80,NULL),('c3cb819f543a89fa',79,NULL),('c3cb819f543a89fa',77,NULL),('4d897066fda57625',104,NULL),('11f83cfcae92630d',104,NULL),('237d9476f7727e82',18,NULL),('237d9476f7727e82',5,NULL),('237d9476f7727e82',96,NULL),('237d9476f7727e82',77,NULL),('237d9476f7727e82',64,NULL),('237d9476f7727e82',63,NULL),('237d9476f7727e82',73,NULL),('237d9476f7727e82',78,NULL),('2925825bbe8fd4a3',89,NULL),('5b7dee3e8dbd569e',104,NULL),('5b7dee3e8dbd569e',91,NULL),('5b7dee3e8dbd569e',93,NULL),('623496e1e15724e1',79,NULL),('7387726054d09800',101,NULL),('18721773e3033a85',95,NULL),('545cfaa1d923542e',105,NULL),('545cfaa1d923542e',63,NULL),('545cfaa1d923542e',95,NULL),('545cfaa1d923542e',93,NULL),('545cfaa1d923542e',92,NULL),('545cfaa1d923542e',91,NULL),('545cfaa1d923542e',81,NULL),('545cfaa1d923542e',74,NULL),('545cfaa1d923542e',57,NULL),('545cfaa1d923542e',19,NULL),('916a6b1d69ae16fc',106,NULL),('545cfaa1d923542e',106,NULL),('4d897066fda57625',106,NULL),('bd468577438382e5',49,NULL),('bd468577438382e5',51,NULL),('2a9464ba54cffce6',96,NULL),('791ab6ecf08937b5',56,NULL),('e71ee8ae2f914c42',104,NULL),('1cffea9920ac2ec',102,NULL),('6783fb18925c10b3',76,NULL),('6783fb18925c10b3',50,NULL),('6783fb18925c10b3',28,NULL),('b1dc0634f523fcee',104,NULL),('c35fd67461e0d6d',94,NULL),('4c13f1239c1df692',106,NULL),('814d24384ec02b22',106,NULL),('4bec3e7ad7b677d1',95,NULL),('aa209020fbccd5d5',97,NULL),('aa209020fbccd5d5',90,NULL),('aa209020fbccd5d5',58,NULL),('aa209020fbccd5d5',56,NULL),('aa209020fbccd5d5',21,NULL),('85d8a00ae472e4c7',105,NULL),('85d8a00ae472e4c7',97,NULL),('85d8a00ae472e4c7',78,NULL),('85d8a00ae472e4c7',50,NULL),('85d8a00ae472e4c7',56,NULL),('85d8a00ae472e4c7',20,NULL),('85d8a00ae472e4c7',96,NULL),('85d8a00ae472e4c7',47,NULL),('85d8a00ae472e4c7',12,NULL),('85d8a00ae472e4c7',106,NULL),('85d8a00ae472e4c7',10,NULL),('85d8a00ae472e4c7',27,NULL),('85d8a00ae472e4c7',24,NULL),('85d8a00ae472e4c7',23,NULL),('85d8a00ae472e4c7',21,NULL),('e947820a4280891b',102,NULL),('e947820a4280891b',101,NULL),('be840577ec156342',13,NULL),('832d9b4c6dc37597',91,NULL),('832d9b4c6dc37597',81,NULL),('c35d43f43cd7b3e2',56,NULL),('c35d43f43cd7b3e2',20,NULL),('c35d43f43cd7b3e2',17,NULL),('c35d43f43cd7b3e2',78,NULL),('c35d43f43cd7b3e2',101,NULL),('c35d43f43cd7b3e2',99,NULL),('c35d43f43cd7b3e2',98,NULL),('c35d43f43cd7b3e2',95,NULL),('c35d43f43cd7b3e2',93,NULL),('c35d43f43cd7b3e2',89,NULL),('c35d43f43cd7b3e2',80,NULL),('c35d43f43cd7b3e2',79,NULL),('c35d43f43cd7b3e2',106,NULL),('c35d43f43cd7b3e2',96,NULL),('c35d43f43cd7b3e2',76,NULL),('c35d43f43cd7b3e2',71,NULL),('c35d43f43cd7b3e2',48,NULL),('c35d43f43cd7b3e2',38,NULL),('c35d43f43cd7b3e2',13,NULL),('c35d43f43cd7b3e2',10,NULL),('c35d43f43cd7b3e2',5,NULL),('c35d43f43cd7b3e2',92,NULL),('c35d43f43cd7b3e2',68,NULL),('c35d43f43cd7b3e2',60,NULL),('c35d43f43cd7b3e2',57,NULL),('c35d43f43cd7b3e2',51,NULL),('c35d43f43cd7b3e2',50,NULL),('c35d43f43cd7b3e2',44,NULL),('c35d43f43cd7b3e2',41,NULL),('c35d43f43cd7b3e2',22,NULL),('c35d43f43cd7b3e2',14,NULL),('f3ed21b9d446a1f4',96,NULL),('f3ed21b9d446a1f4',95,NULL),('f3ed21b9d446a1f4',79,NULL),('73691baa7fdc0568',98,NULL),('597fef9c229fc4ff',107,NULL),('c35d43f43cd7b3e2',107,NULL),('3ce304aa27bf27e7',101,NULL),('d52b79185f299bad',91,NULL),('3b26b146c2175a61',107,NULL),('a75ff5ee314f429b',96,NULL),('a75ff5ee314f429b',85,NULL),('4c8337efcfcde1d4',42,NULL),('a9714ad62d6bbe53',107,NULL),('398fb82bc0197d77',107,NULL),('693077f74f0200e',104,NULL),('4d31290e956bb981',70,NULL),('4d31290e956bb981',66,NULL),('4d31290e956bb981',46,NULL),('b9591cb1a7e7fa7e',105,NULL),('b9591cb1a7e7fa7e',78,NULL),('2f20226bc63453d2',107,NULL),('2f20226bc63453d2',76,NULL),('9c39c697bf8131a',92,NULL),('2eb18a295b31b6fb',107,NULL),('697702f88ce24265',43,NULL),('697702f88ce24265',14,NULL),('697702f88ce24265',103,NULL),('697702f88ce24265',101,NULL),('697702f88ce24265',97,NULL),('697702f88ce24265',95,NULL),('697702f88ce24265',90,NULL),('697702f88ce24265',79,NULL),('697702f88ce24265',106,NULL),('697702f88ce24265',105,NULL),('697702f88ce24265',104,NULL),('697702f88ce24265',102,NULL),('697702f88ce24265',100,NULL),('697702f88ce24265',99,NULL),('697702f88ce24265',98,NULL),('697702f88ce24265',93,NULL),('697702f88ce24265',91,NULL),('697702f88ce24265',89,NULL),('697702f88ce24265',85,NULL),('697702f88ce24265',81,NULL),('697702f88ce24265',80,NULL),('e62acd3e073e583a',92,NULL),('545cfaa1d923542e',107,NULL),('aa53d3a747385f30',106,NULL),('b84b3f3cb4c3bdf3',96,NULL),('b84b3f3cb4c3bdf3',93,NULL),('b84b3f3cb4c3bdf3',79,NULL),('b84b3f3cb4c3bdf3',92,NULL),('b84b3f3cb4c3bdf3',59,NULL),('944a815b86a30195',80,NULL),('7e6fd64ed2018180',101,NULL),('e51869c5f74aadda',107,NULL),('e51869c5f74aadda',95,NULL),('8db8533177f43841',107,NULL),('54ac79bbbd68f06f',107,NULL);
/*!40000 ALTER TABLE `notebook` ENABLE KEYS */;
UNLOCK TABLES;

--
-- Table structure for table `recipes`
--

DROP TABLE IF EXISTS `recipes`;
/*!40101 SET @saved_cs_client     = @@character_set_client */;
/*!40101 SET character_set_client = utf8 */;
CREATE TABLE `recipes` (
  `id` int(11) NOT NULL AUTO_INCREMENT,
  `video_id` varchar(250) NOT NULL,
  `serial_number` varchar(250) DEFAULT NULL,
  `created_by` int(11) NOT NULL,
  `modified_by` int(11) NOT NULL,
  `date_created` datetime NOT NULL,
  `date_modified` timestamp NOT NULL DEFAULT CURRENT_TIMESTAMP ON UPDATE CURRENT_TIMESTAMP,
  `disable` tinyint(4) NOT NULL,
  PRIMARY KEY (`id`)
) ENGINE=InnoDB DEFAULT CHARSET=utf8 ROW_FORMAT=COMPACT COMMENT='Bảng danh mục sản phẩm';
/*!40101 SET character_set_client = @saved_cs_client */;

--
-- Dumping data for table `recipes`
--

LOCK TABLES `recipes` WRITE;
/*!40000 ALTER TABLE `recipes` DISABLE KEYS */;
/*!40000 ALTER TABLE `recipes` ENABLE KEYS */;
UNLOCK TABLES;

--
-- Table structure for table `staff`
--

DROP TABLE IF EXISTS `staff`;
/*!40101 SET @saved_cs_client     = @@character_set_client */;
/*!40101 SET character_set_client = utf8 */;
CREATE TABLE `staff` (
  `id` int(11) unsigned NOT NULL AUTO_INCREMENT,
  `email` varchar(250) DEFAULT NULL,
  `password` char(60) DEFAULT NULL,
  `remember_token` varchar(250) DEFAULT NULL,
  `fullname` varchar(250) DEFAULT NULL,
  `phone` varchar(50) DEFAULT NULL,
  `group` int(11) DEFAULT NULL,
  `date_created` datetime NOT NULL,
  `date_modified` timestamp NOT NULL DEFAULT CURRENT_TIMESTAMP,
  `disable` tinyint(4) NOT NULL DEFAULT '0',
  PRIMARY KEY (`id`),
  UNIQUE KEY `email` (`email`)
) ENGINE=InnoDB AUTO_INCREMENT=2 DEFAULT CHARSET=utf8;
/*!40101 SET character_set_client = @saved_cs_client */;

--
-- Dumping data for table `staff`
--

LOCK TABLES `staff` WRITE;
/*!40000 ALTER TABLE `staff` DISABLE KEYS */;
INSERT INTO `staff` VALUES (1,'admin@gmail.com','$2y$10$du4MvTsmV6RVezWRdgkxEuvKmgb.W1pPhXXY2IwIUAnM3.HhPDiGi','SAQDRf1cHIvMB4LFyRDLgbKEVruzuOXL0eBR250xw3oTX2NQCxToNLbrnN9E','Super Admin','0979783324',1,'0000-00-00 00:00:00','2018-04-04 02:57:38',0);
/*!40000 ALTER TABLE `staff` ENABLE KEYS */;
UNLOCK TABLES;

--
-- Table structure for table `staff_group`
--

DROP TABLE IF EXISTS `staff_group`;
/*!40101 SET @saved_cs_client     = @@character_set_client */;
/*!40101 SET character_set_client = utf8 */;
CREATE TABLE `staff_group` (
  `id` int(11) NOT NULL AUTO_INCREMENT,
  `name` varchar(250) DEFAULT NULL,
  `role` varchar(250) DEFAULT NULL,
  `disable` tinyint(4) DEFAULT '0',
  PRIMARY KEY (`id`)
) ENGINE=InnoDB AUTO_INCREMENT=4 DEFAULT CHARSET=utf8;
/*!40101 SET character_set_client = @saved_cs_client */;

--
-- Dumping data for table `staff_group`
--

LOCK TABLES `staff_group` WRITE;
/*!40000 ALTER TABLE `staff_group` DISABLE KEYS */;
INSERT INTO `staff_group` VALUES (1,'Super Admin','super-admin',0),(2,'Admin','admin',0),(3,'Partner','partner',0);
/*!40000 ALTER TABLE `staff_group` ENABLE KEYS */;
UNLOCK TABLES;

--
-- Table structure for table `tag_grouped`
--

DROP TABLE IF EXISTS `tag_grouped`;
/*!40101 SET @saved_cs_client     = @@character_set_client */;
/*!40101 SET character_set_client = utf8 */;
CREATE TABLE `tag_grouped` (
  `tag_group_id` int(11) unsigned NOT NULL,
  `tag_id` int(11) unsigned NOT NULL,
  UNIQUE KEY `unique` (`tag_group_id`,`tag_id`)
) ENGINE=InnoDB DEFAULT CHARSET=utf8;
/*!40101 SET character_set_client = @saved_cs_client */;

--
-- Dumping data for table `tag_grouped`
--

LOCK TABLES `tag_grouped` WRITE;
/*!40000 ALTER TABLE `tag_grouped` DISABLE KEYS */;
INSERT INTO `tag_grouped` VALUES (1,1),(1,2),(1,3);
/*!40000 ALTER TABLE `tag_grouped` ENABLE KEYS */;
UNLOCK TABLES;

--
-- Table structure for table `tag_groups`
--

DROP TABLE IF EXISTS `tag_groups`;
/*!40101 SET @saved_cs_client     = @@character_set_client */;
/*!40101 SET character_set_client = utf8 */;
CREATE TABLE `tag_groups` (
  `id` int(11) unsigned NOT NULL AUTO_INCREMENT,
  `title` char(50) NOT NULL,
  `date_created` datetime DEFAULT NULL,
  `date_modified` timestamp NULL DEFAULT CURRENT_TIMESTAMP ON UPDATE CURRENT_TIMESTAMP,
  `disable` tinyint(4) NOT NULL DEFAULT '0',
  PRIMARY KEY (`id`)
) ENGINE=InnoDB AUTO_INCREMENT=2 DEFAULT CHARSET=utf8;
/*!40101 SET character_set_client = @saved_cs_client */;

--
-- Dumping data for table `tag_groups`
--

LOCK TABLES `tag_groups` WRITE;
/*!40000 ALTER TABLE `tag_groups` DISABLE KEYS */;
INSERT INTO `tag_groups` VALUES (1,'Mỗi ngày','2018-04-05 10:27:01','2018-04-19 10:28:52',0);
/*!40000 ALTER TABLE `tag_groups` ENABLE KEYS */;
UNLOCK TABLES;

--
-- Table structure for table `tag_video`
--

DROP TABLE IF EXISTS `tag_video`;
/*!40101 SET @saved_cs_client     = @@character_set_client */;
/*!40101 SET character_set_client = utf8 */;
CREATE TABLE `tag_video` (
  `video_id` int(11) unsigned NOT NULL,
  `tag_id` int(11) unsigned NOT NULL,
  UNIQUE KEY `unique` (`video_id`,`tag_id`)
) ENGINE=InnoDB DEFAULT CHARSET=utf8;
/*!40101 SET character_set_client = @saved_cs_client */;

--
-- Dumping data for table `tag_video`
--

LOCK TABLES `tag_video` WRITE;
/*!40000 ALTER TABLE `tag_video` DISABLE KEYS */;
INSERT INTO `tag_video` VALUES (1,1),(1,2),(1,3),(2,2),(3,1),(4,1),(5,1),(5,13),(5,15),(6,1),(6,4),(7,4),(8,1),(8,2),(8,4),(9,1),(9,4),(9,7),(10,1),(10,2),(10,13),(10,15),(11,6),(12,1),(12,7),(13,2),(13,15),(14,1),(14,2),(14,4),(14,7),(15,1),(15,2),(15,15),(16,1),(16,4),(17,1),(17,2),(17,6),(17,15),(18,1),(18,2),(18,13),(18,15),(19,1),(19,4),(20,1),(20,6),(21,5),(22,7),(23,5),(24,5),(25,5),(26,6),(26,7),(27,5),(28,1),(28,2),(28,4),(29,1),(29,4),(30,1),(30,4),(31,1),(31,4),(32,1),(32,3),(32,9),(32,10),(33,1),(33,3),(33,9),(33,10),(34,1),(34,3),(34,9),(34,10),(35,1),(35,2),(35,4),(36,1),(36,2),(36,4),(37,13),(38,1),(38,2),(38,15),(39,1),(39,4),(39,7),(40,1),(40,2),(40,13),(41,5),(42,2),(42,4),(42,14),(43,1),(43,7),(44,1),(44,14),(45,1),(45,4),(46,2),(46,16),(47,2),(47,15),(48,2),(48,15),(49,1),(49,2),(50,2),(50,4),(50,14),(51,2),(51,4),(51,14),(52,1),(52,2),(52,14),(53,2),(53,16),(54,1),(54,2),(54,4),(55,2),(55,16),(56,2),(56,6),(56,14),(57,2),(57,4),(58,2),(58,6),(58,14),(59,1),(59,2),(59,4),(60,1),(60,2),(60,4),(61,1),(61,2),(62,1),(62,5),(63,2),(63,6),(64,1),(64,2),(64,4),(65,1),(65,3),(65,16),(66,1),(66,2),(66,16),(67,1),(67,2),(67,4),(68,2),(68,4),(69,1),(69,2),(70,1),(70,2),(70,4),(70,10),(70,16),(71,2),(71,4),(71,15),(72,1),(72,2),(73,2),(73,6),(74,1),(74,2),(75,2),(75,4),(76,1),(76,2),(76,5),(76,15),(77,1),(77,2),(77,14),(78,6),(79,1),(79,2),(79,4),(80,1),(80,2),(80,14),(81,2),(81,4),(82,1),(82,3),(82,6),(82,15),(83,1),(83,4),(83,9),(83,10),(84,1),(84,4),(84,9),(84,10),(85,2),(85,15),(88,1),(88,2),(89,1),(89,2),(89,7),(89,14),(90,1),(90,2),(90,6),(91,1),(91,2),(91,4),(91,14),(92,1),(92,4),(92,9),(92,10),(93,1),(93,2),(93,4),(94,1),(94,4),(95,1),(95,2),(95,4),(96,1),(96,15),(97,1),(97,2),(97,6),(98,1),(98,2),(98,7),(98,14),(98,15),(99,1),(99,2),(99,3),(99,4),(99,7),(99,9),(99,10),(99,16),(100,1),(100,2),(101,1),(101,2),(101,4),(101,7),(101,16),(102,1),(102,2),(102,16),(103,1),(103,2),(103,13),(104,1),(104,2),(104,16),(105,1),(105,2),(105,6),(106,1),(106,2),(106,15),(107,2),(107,5);
/*!40000 ALTER TABLE `tag_video` ENABLE KEYS */;
UNLOCK TABLES;

--
-- Table structure for table `tags`
--

DROP TABLE IF EXISTS `tags`;
/*!40101 SET @saved_cs_client     = @@character_set_client */;
/*!40101 SET character_set_client = utf8 */;
CREATE TABLE `tags` (
  `id` int(11) unsigned NOT NULL AUTO_INCREMENT,
  `title` varchar(50) NOT NULL DEFAULT '0',
  `date_created` datetime DEFAULT NULL,
  `date_modified` timestamp NULL DEFAULT CURRENT_TIMESTAMP ON UPDATE CURRENT_TIMESTAMP,
  `created_by` int(11) DEFAULT NULL,
  `disable` tinyint(4) NOT NULL DEFAULT '0',
  `order_by` int(11) NOT NULL DEFAULT '0',
  PRIMARY KEY (`id`)
) ENGINE=InnoDB AUTO_INCREMENT=17 DEFAULT CHARSET=utf8;
/*!40101 SET character_set_client = @saved_cs_client */;

--
-- Dumping data for table `tags`
--

LOCK TABLES `tags` WRITE;
/*!40000 ALTER TABLE `tags` DISABLE KEYS */;
INSERT INTO `tags` VALUES (1,'Món ăn ngon','2018-04-05 10:25:28','2018-06-12 03:05:48',1,0,3),(2,'Món ăn mới','2018-04-05 10:25:39','2018-06-07 02:41:55',1,0,1),(3,'Món ăn sáng','2018-04-05 10:25:52','2018-05-28 10:10:32',1,1,0),(4,'Bữa cơm gia đình','2018-05-14 11:03:48','2018-06-12 03:05:34',1,0,5),(5,'Ẩm thực đường phố','2018-05-14 16:33:43','2018-06-05 02:47:58',1,0,7),(6,'Món ngọt','2018-05-14 16:34:01','2018-06-05 02:49:37',1,0,8),(7,'Món ăn tốt cho sức khoẻ','2018-05-14 16:35:51','2018-06-05 02:50:51',1,0,10),(8,'Món ăn muối chua','2018-05-14 16:37:41','2018-05-28 10:25:42',1,1,0),(9,'Món ăn trưa','2018-05-14 17:19:33','2018-05-28 10:10:46',1,1,0),(10,'Món ăn tối','2018-05-14 17:19:40','2018-05-28 10:10:37',1,1,0),(11,'Món ăn xế','2018-05-14 17:19:48','2018-05-28 10:10:42',1,1,0),(12,'Món khai vị','2018-05-14 17:20:34','2018-05-28 10:10:49',1,1,0),(13,'Món Salad & Món Gỏi','2018-05-14 17:22:48','2018-06-05 02:50:58',1,0,9),(14,'Nấu ăn cùng người hướng dẫn','2018-05-28 15:23:41','2018-06-12 03:05:19',1,0,6),(15,'Món ăn tây ','2018-05-28 17:26:05','2018-06-12 03:05:45',1,0,2),(16,'Món ăn chay ','2018-06-05 09:46:49','2018-06-12 03:06:58',1,0,4);
/*!40000 ALTER TABLE `tags` ENABLE KEYS */;
UNLOCK TABLES;

--
-- Table structure for table `video_types`
--

DROP TABLE IF EXISTS `video_types`;
/*!40101 SET @saved_cs_client     = @@character_set_client */;
/*!40101 SET character_set_client = utf8 */;
CREATE TABLE `video_types` (
  `id` int(10) unsigned NOT NULL AUTO_INCREMENT,
  `name` varchar(50) DEFAULT '0',
  PRIMARY KEY (`id`)
) ENGINE=InnoDB AUTO_INCREMENT=4 DEFAULT CHARSET=utf8;
/*!40101 SET character_set_client = @saved_cs_client */;

--
-- Dumping data for table `video_types`
--

LOCK TABLES `video_types` WRITE;
/*!40000 ALTER TABLE `video_types` DISABLE KEYS */;
INSERT INTO `video_types` VALUES (1,'Bữa sáng'),(2,'Bữa trưa'),(3,'Bữa tối');
/*!40000 ALTER TABLE `video_types` ENABLE KEYS */;
UNLOCK TABLES;

--
-- Table structure for table `videos`
--

DROP TABLE IF EXISTS `videos`;
/*!40101 SET @saved_cs_client     = @@character_set_client */;
/*!40101 SET character_set_client = utf8 */;
CREATE TABLE `videos` (
  `id` int(11) unsigned NOT NULL AUTO_INCREMENT,
  `name` varchar(250) DEFAULT NULL,
  `chef` varchar(250) DEFAULT NULL,
  `description` text,
  `video_location` varchar(250) NOT NULL,
  `image_location` varchar(250) DEFAULT NULL COMMENT 'id người tạo record',
  `background_location` varchar(250) DEFAULT NULL,
  `duration` varchar(20) DEFAULT NULL,
  `time_to_done` varchar(20) DEFAULT NULL,
  `ingredients` text,
  `ingredients_2` text,
  `steps` text,
  `level` text,
  `note` text,
  `video_type_id` int(10) unsigned DEFAULT NULL,
  `pcategory_id` int(11) unsigned DEFAULT NULL,
  `category_id` int(11) NOT NULL,
  `created_by` int(11) DEFAULT NULL,
  `modified_by` int(11) DEFAULT NULL COMMENT 'id người cập nhật record',
  `date_created` datetime DEFAULT NULL,
  `date_modified` timestamp NULL DEFAULT NULL,
  `view_count` int(11) NOT NULL DEFAULT '0',
  `ordering` int(11) NOT NULL DEFAULT '0',
  `is_featured` tinyint(4) NOT NULL DEFAULT '0',
  `is_new` tinyint(4) NOT NULL DEFAULT '0',
  `is_for_you` tinyint(4) NOT NULL DEFAULT '0',
  `is_like` tinyint(4) NOT NULL DEFAULT '0',
  `is_home` tinyint(1) NOT NULL DEFAULT '0',
  `disable` tinyint(4) NOT NULL DEFAULT '0',
  PRIMARY KEY (`id`)
) ENGINE=InnoDB AUTO_INCREMENT=108 DEFAULT CHARSET=utf8 ROW_FORMAT=COMPACT COMMENT='''pending'',''encoding'',''completed'',''old''';
/*!40101 SET character_set_client = @saved_cs_client */;

--
-- Dumping data for table `videos`
--

LOCK TABLES `videos` WRITE;
/*!40000 ALTER TABLE `videos` DISABLE KEYS */;
INSERT INTO `videos` VALUES (1,'Mì Ý Sốt Pesto - Lạ miệng không kém phần thơm ngon | Vào bếp cùng Bếp Nhà','Bếp nhà','<p><span style=\"color:rgb(17, 17, 17); font-size:14px\">M&igrave; &Yacute; m&oacute;n m&igrave; truyền thống, thơm ngon đến từ đất nước &Yacute;. Sự kết hợp tuyệt vời của m&igrave; &Yacute; v&agrave; sốt pesto lạ miệng sẽ khiến bạn ngất ng&acirc;y với hương vị mang đậm chất Ch&acirc;u &Acirc;u.&nbsp;Sốt pesto&nbsp;c&oacute; nguồn gốc từ Genova được l&agrave;m từ l&aacute; basic (l&aacute; quế t&acirc;y), tỏi v&agrave; hạt th&ocirc;ng mang theo hương vị đặc trưng của loại l&aacute; n&agrave;y. Bếp Nh&agrave; xin giới thiệu với c&aacute;c bạn c&aacute;ch l&agrave;m m&igrave; &Yacute; sốt Pesto hấp dẫn n&agrave;y nh&eacute;! Nguy&ecirc;n Liệu: &nbsp;300 gr m&igrave; pasta 50 gr l&aacute; basil 100 gr phomai Pamesan 6 con t&ocirc;m to 150 ml dầu oliu 50 gr hạt th&ocirc;ng hoặc hạt &oacute;c ch&oacute; Một ch&uacute;t rượu vang trắng Muối v&agrave; ti&ecirc;u. 3 t&eacute;p tỏi C&aacute;ch l&agrave;m: Bước 1: Cho v&agrave;o nước luộc m&igrave; ch&uacute;t dầu olive v&agrave; một ch&uacute;t muối. Luộc m&igrave; trong v&ograve;ng 7 ph&uacute;t, từ l&uacute;c nước s&ocirc;i. Bước 2: L&agrave;m sốt: Rang hạt &oacute;c ch&oacute; tới l&uacute;c dậy m&ugrave;i thơm l&ecirc;n. Sau đ&oacute; d&ugrave;ng cối gi&atilde; sơ hạt &oacute;c ch&oacute;. Tiếp tục cho hết hạt &oacute;c ch&oacute; v&ocirc; cối xay c&ugrave;ng với dầu olive, l&aacute; basil (l&aacute; quế t&acirc;y) , ph&ocirc; mai parmesan bột, tỏi, ch&uacute;t muối v&agrave; ti&ecirc;u sau cũng l&agrave; th&ecirc;m 1 &iacute;t nước v&agrave;o v&agrave; xay nhuyễn. Bước 3: Ướp t&ocirc;m: với ch&uacute;t muối, ti&ecirc;u v&agrave; dầu olive khoảng 10-15 ph&uacute;t. Bước 4: Bắc chảo l&ecirc;n bếp, chảo n&oacute;ng cho dầu olive v&agrave; phi thơm ch&uacute;t h&agrave;nh t&iacute;m, cho phần m&igrave; sau khi r&aacute;o nước v&agrave;o x&agrave;o sơ. Th&ecirc;m ch&uacute;t rượu vang trắng để l&agrave;m dậy th&ecirc;m m&ugrave;i thơm cho m&igrave; nh&eacute;. Sau đ&oacute; tr&igrave;nh b&agrave;y m&igrave; ra dĩa v&agrave; chế phần sốt Pesto l&ecirc;n. ***C&oacute; hai c&aacute;ch tr&igrave;nh b&agrave;y: C&oacute; thể chế sốt l&ecirc;n m&igrave; sau khi đ&atilde; ra dĩa. Hoặc chế sốt v&ocirc; chung với m&igrave; trong chảo v&agrave; trộn đều. *** Lưu &yacute;: Phần sốt sẽ đặc n&ecirc;n c&aacute;c bạn nhớ th&ecirc;m nước cho phần sốt lo&atilde;ng ra để dễ chế biến v&agrave; sốt sẽ &aacute;o đều sợi m&igrave;. Ch&uacute;c c&aacute;c bạn th&agrave;nh c&ocirc;ng v&agrave; ngon miệng với m&oacute;n Mỳ &Yacute; Sốt Pesto chuẩn nh&agrave; h&agrave;ng v&agrave; cực đơn giản n&agrave;y nh&eacute;! ------------------------------------------- Mỳ &Yacute; Sốt Pesto - Bếp Nh&agrave; TV Studio Tổ chức sản xuất : Vick Le Cố vấn sản xuất : Wa Hyhy Quay Phim : L&ecirc; Anh Nguy&ecirc;n - Vick Le Dựng Phim : Vick Le Design H&igrave;nh Ảnh : L&ecirc; Anh Nguy&ecirc;n Đầu Bếp : Chef Hữu Đức</span></p>\r\n','2018/04/05/1522894210-Mi-Y-Sot-Pesto-La-mieng-khong-kem-phan-thom-ngon-_-Vao-bep-cung-Bep-Nha.mp4','videos/2018/04/10/1523330254-mi-y.jpg',NULL,'02:28','10:00','<p><span style=\"color:rgb(17, 17, 17); font-size:14px\">M&igrave; &Yacute; m&oacute;n m&igrave; truyền thống, thơm ngon đến từ đất nước &Yacute;. Sự kết hợp tuyệt vời của m&igrave; &Yacute; v&agrave; sốt pesto lạ miệng sẽ khiến bạn ngất ng&acirc;y với hương vị mang đậm chất Ch&acirc;u &Acirc;u.&nbsp;Sốt pesto&nbsp;c&oacute; nguồn gốc từ Genova được l&agrave;m từ l&aacute; basic (l&aacute; quế t&acirc;y), tỏi v&agrave; hạt th&ocirc;ng mang theo hương vị đặc trưng của loại l&aacute; n&agrave;y. Bếp Nh&agrave; xin giới thiệu với c&aacute;c bạn c&aacute;ch l&agrave;m m&igrave; &Yacute; sốt Pesto hấp dẫn n&agrave;y nh&eacute;! Nguy&ecirc;n Liệu: &nbsp;300 gr m&igrave; pasta 50 gr l&aacute; basil 100 gr phomai Pamesan 6 con t&ocirc;m to 150 ml dầu oliu 50 gr hạt th&ocirc;ng hoặc hạt &oacute;c ch&oacute; Một ch&uacute;t rượu vang trắng Muối v&agrave; ti&ecirc;u. 3 t&eacute;p tỏi C&aacute;ch l&agrave;m: Bước 1: Cho v&agrave;o nước luộc m&igrave; ch&uacute;t dầu olive v&agrave; một ch&uacute;t muối. Luộc m&igrave; trong v&ograve;ng 7 ph&uacute;t, từ l&uacute;c nước s&ocirc;i. Bước 2: L&agrave;m sốt: Rang hạt &oacute;c ch&oacute; tới l&uacute;c dậy m&ugrave;i thơm l&ecirc;n. Sau đ&oacute; d&ugrave;ng cối gi&atilde; sơ hạt &oacute;c ch&oacute;. Tiếp tục cho hết hạt &oacute;c ch&oacute; v&ocirc; cối xay c&ugrave;ng với dầu olive, l&aacute; basil (l&aacute; quế t&acirc;y) , ph&ocirc; mai parmesan bột, tỏi, ch&uacute;t muối v&agrave; ti&ecirc;u sau cũng l&agrave; th&ecirc;m 1 &iacute;t nước v&agrave;o v&agrave; xay nhuyễn. Bước 3: Ướp t&ocirc;m: với ch&uacute;t muối, ti&ecirc;u v&agrave; dầu olive khoảng 10-15 ph&uacute;t. Bước 4: Bắc chảo l&ecirc;n bếp, chảo n&oacute;ng cho dầu olive v&agrave; phi thơm ch&uacute;t h&agrave;nh t&iacute;m, cho phần m&igrave; sau khi r&aacute;o nước v&agrave;o x&agrave;o sơ. Th&ecirc;m ch&uacute;t rượu vang trắng để l&agrave;m dậy th&ecirc;m m&ugrave;i thơm cho m&igrave; nh&eacute;. Sau đ&oacute; tr&igrave;nh b&agrave;y m&igrave; ra dĩa v&agrave; chế phần sốt Pesto l&ecirc;n. ***C&oacute; hai c&aacute;ch tr&igrave;nh b&agrave;y: C&oacute; thể chế sốt l&ecirc;n m&igrave; sau khi đ&atilde; ra dĩa. Hoặc chế sốt v&ocirc; chung với m&igrave; trong chảo v&agrave; trộn đều. *** Lưu &yacute;: Phần sốt sẽ đặc n&ecirc;n c&aacute;c bạn nhớ th&ecirc;m nước cho phần sốt lo&atilde;ng ra để dễ chế biến v&agrave; sốt sẽ &aacute;o đều sợi m&igrave;. Ch&uacute;c c&aacute;c bạn th&agrave;nh c&ocirc;ng v&agrave; ngon miệng với m&oacute;n Mỳ &Yacute; Sốt Pesto chuẩn nh&agrave; h&agrave;ng v&agrave; cực đơn giản n&agrave;y nh&eacute;! ------------------------------------------- Mỳ &Yacute; Sốt Pesto - Bếp Nh&agrave; TV Studio Tổ chức sản xuất : Vick Le Cố vấn sản xuất : Wa Hyhy Quay Phim : L&ecirc; Anh Nguy&ecirc;n - Vick Le Dựng Phim : Vick Le Design H&igrave;nh Ảnh : L&ecirc; Anh Nguy&ecirc;n Đầu Bếp : Chef Hữu Đức</span></p>\r\n',NULL,'<p><span style=\"color:rgb(17, 17, 17); font-size:14px\">M&igrave; &Yacute; m&oacute;n m&igrave; truyền thống, thơm ngon đến từ đất nước &Yacute;. Sự kết hợp tuyệt vời của m&igrave; &Yacute; v&agrave; sốt pesto lạ miệng sẽ khiến bạn ngất ng&acirc;y với hương vị mang đậm chất Ch&acirc;u &Acirc;u.&nbsp;Sốt pesto&nbsp;c&oacute; nguồn gốc từ Genova được l&agrave;m từ l&aacute; basic (l&aacute; quế t&acirc;y), tỏi v&agrave; hạt th&ocirc;ng mang theo hương vị đặc trưng của loại l&aacute; n&agrave;y. Bếp Nh&agrave; xin giới thiệu với c&aacute;c bạn c&aacute;ch l&agrave;m m&igrave; &Yacute; sốt Pesto hấp dẫn n&agrave;y nh&eacute;! Nguy&ecirc;n Liệu: &nbsp;300 gr m&igrave; pasta 50 gr l&aacute; basil 100 gr phomai Pamesan 6 con t&ocirc;m to 150 ml dầu oliu 50 gr hạt th&ocirc;ng hoặc hạt &oacute;c ch&oacute; Một ch&uacute;t rượu vang trắng Muối v&agrave; ti&ecirc;u. 3 t&eacute;p tỏi C&aacute;ch l&agrave;m: Bước 1: Cho v&agrave;o nước luộc m&igrave; ch&uacute;t dầu olive v&agrave; một ch&uacute;t muối. Luộc m&igrave; trong v&ograve;ng 7 ph&uacute;t, từ l&uacute;c nước s&ocirc;i. Bước 2: L&agrave;m sốt: Rang hạt &oacute;c ch&oacute; tới l&uacute;c dậy m&ugrave;i thơm l&ecirc;n. Sau đ&oacute; d&ugrave;ng cối gi&atilde; sơ hạt &oacute;c ch&oacute;. Tiếp tục cho hết hạt &oacute;c ch&oacute; v&ocirc; cối xay c&ugrave;ng với dầu olive, l&aacute; basil (l&aacute; quế t&acirc;y) , ph&ocirc; mai parmesan bột, tỏi, ch&uacute;t muối v&agrave; ti&ecirc;u sau cũng l&agrave; th&ecirc;m 1 &iacute;t nước v&agrave;o v&agrave; xay nhuyễn. Bước 3: Ướp t&ocirc;m: với ch&uacute;t muối, ti&ecirc;u v&agrave; dầu olive khoảng 10-15 ph&uacute;t. Bước 4: Bắc chảo l&ecirc;n bếp, chảo n&oacute;ng cho dầu olive v&agrave; phi thơm ch&uacute;t h&agrave;nh t&iacute;m, cho phần m&igrave; sau khi r&aacute;o nước v&agrave;o x&agrave;o sơ. Th&ecirc;m ch&uacute;t rượu vang trắng để l&agrave;m dậy th&ecirc;m m&ugrave;i thơm cho m&igrave; nh&eacute;. Sau đ&oacute; tr&igrave;nh b&agrave;y m&igrave; ra dĩa v&agrave; chế phần sốt Pesto l&ecirc;n. ***C&oacute; hai c&aacute;ch tr&igrave;nh b&agrave;y: C&oacute; thể chế sốt l&ecirc;n m&igrave; sau khi đ&atilde; ra dĩa. Hoặc chế sốt v&ocirc; chung với m&igrave; trong chảo v&agrave; trộn đều. *** Lưu &yacute;: Phần sốt sẽ đặc n&ecirc;n c&aacute;c bạn nhớ th&ecirc;m nước cho phần sốt lo&atilde;ng ra để dễ chế biến v&agrave; sốt sẽ &aacute;o đều sợi m&igrave;. Ch&uacute;c c&aacute;c bạn th&agrave;nh c&ocirc;ng v&agrave; ngon miệng với m&oacute;n Mỳ &Yacute; Sốt Pesto chuẩn nh&agrave; h&agrave;ng v&agrave; cực đơn giản n&agrave;y nh&eacute;! ------------------------------------------- Mỳ &Yacute; Sốt Pesto - Bếp Nh&agrave; TV Studio Tổ chức sản xuất : Vick Le Cố vấn sản xuất : Wa Hyhy Quay Phim : L&ecirc; Anh Nguy&ecirc;n - Vick Le Dựng Phim : Vick Le Design H&igrave;nh Ảnh : L&ecirc; Anh Nguy&ecirc;n Đầu Bếp : Chef Hữu Đức</span></p>\r\n','4','<p><span style=\"color:rgb(17, 17, 17); font-size:14px\">M&igrave; &Yacute; m&oacute;n m&igrave; truyền thống, thơm ngon đến từ đất nước &Yacute;. Sự kết hợp tuyệt vời của m&igrave; &Yacute; v&agrave; sốt pesto lạ miệng sẽ khiến bạn ngất ng&acirc;y với hương vị mang đậm chất Ch&acirc;u &Acirc;u.&nbsp;Sốt pesto&nbsp;c&oacute; nguồn gốc từ Genova được l&agrave;m từ l&aacute; basic (l&aacute; quế t&acirc;y), tỏi v&agrave; hạt th&ocirc;ng mang theo hương vị đặc trưng của loại l&aacute; n&agrave;y. Bếp Nh&agrave; xin giới thiệu với c&aacute;c bạn c&aacute;ch l&agrave;m m&igrave; &Yacute; sốt Pesto hấp dẫn n&agrave;y nh&eacute;! Nguy&ecirc;n Liệu: &nbsp;300 gr m&igrave; pasta 50 gr l&aacute; basil 100 gr phomai Pamesan 6 con t&ocirc;m to 150 ml dầu oliu 50 gr hạt th&ocirc;ng hoặc hạt &oacute;c ch&oacute; Một ch&uacute;t rượu vang trắng Muối v&agrave; ti&ecirc;u. 3 t&eacute;p tỏi C&aacute;ch l&agrave;m: Bước 1: Cho v&agrave;o nước luộc m&igrave; ch&uacute;t dầu olive v&agrave; một ch&uacute;t muối. Luộc m&igrave; trong v&ograve;ng 7 ph&uacute;t, từ l&uacute;c nước s&ocirc;i. Bước 2: L&agrave;m sốt: Rang hạt &oacute;c ch&oacute; tới l&uacute;c dậy m&ugrave;i thơm l&ecirc;n. Sau đ&oacute; d&ugrave;ng cối gi&atilde; sơ hạt &oacute;c ch&oacute;. Tiếp tục cho hết hạt &oacute;c ch&oacute; v&ocirc; cối xay c&ugrave;ng với dầu olive, l&aacute; basil (l&aacute; quế t&acirc;y) , ph&ocirc; mai parmesan bột, tỏi, ch&uacute;t muối v&agrave; ti&ecirc;u sau cũng l&agrave; th&ecirc;m 1 &iacute;t nước v&agrave;o v&agrave; xay nhuyễn. Bước 3: Ướp t&ocirc;m: với ch&uacute;t muối, ti&ecirc;u v&agrave; dầu olive khoảng 10-15 ph&uacute;t. Bước 4: Bắc chảo l&ecirc;n bếp, chảo n&oacute;ng cho dầu olive v&agrave; phi thơm ch&uacute;t h&agrave;nh t&iacute;m, cho phần m&igrave; sau khi r&aacute;o nước v&agrave;o x&agrave;o sơ. Th&ecirc;m ch&uacute;t rượu vang trắng để l&agrave;m dậy th&ecirc;m m&ugrave;i thơm cho m&igrave; nh&eacute;. Sau đ&oacute; tr&igrave;nh b&agrave;y m&igrave; ra dĩa v&agrave; chế phần sốt Pesto l&ecirc;n. ***C&oacute; hai c&aacute;ch tr&igrave;nh b&agrave;y: C&oacute; thể chế sốt l&ecirc;n m&igrave; sau khi đ&atilde; ra dĩa. Hoặc chế sốt v&ocirc; chung với m&igrave; trong chảo v&agrave; trộn đều. *** Lưu &yacute;: Phần sốt sẽ đặc n&ecirc;n c&aacute;c bạn nhớ th&ecirc;m nước cho phần sốt lo&atilde;ng ra để dễ chế biến v&agrave; sốt sẽ &aacute;o đều sợi m&igrave;. Ch&uacute;c c&aacute;c bạn th&agrave;nh c&ocirc;ng v&agrave; ngon miệng với m&oacute;n Mỳ &Yacute; Sốt Pesto chuẩn nh&agrave; h&agrave;ng v&agrave; cực đơn giản n&agrave;y nh&eacute;! ------------------------------------------- Mỳ &Yacute; Sốt Pesto - Bếp Nh&agrave; TV Studio Tổ chức sản xuất : Vick Le Cố vấn sản xuất : Wa Hyhy Quay Phim : L&ecirc; Anh Nguy&ecirc;n - Vick Le Dựng Phim : Vick Le Design H&igrave;nh Ảnh : L&ecirc; Anh Nguy&ecirc;n Đầu Bếp : Chef Hữu Đức</span></p>\r\n',2,1,2,1,1,'2018-04-05 09:10:16','2018-04-10 03:17:38',31,0,0,0,0,0,0,1),(2,'Bò Xào','','<p><span style=\"color:rgb(17, 17, 17); font-size:14px\">M&igrave; &Yacute; m&oacute;n m&igrave; truyền thống, thơm ngon đến từ đất nước &Yacute;. Sự kết hợp tuyệt vời của m&igrave; &Yacute; v&agrave; sốt pesto lạ miệng sẽ khiến bạn ngất ng&acirc;y với hương vị mang đậm chất Ch&acirc;u &Acirc;u.&nbsp;Sốt pesto&nbsp;c&oacute; nguồn gốc từ Genova được l&agrave;m từ l&aacute; basic (l&aacute; quế t&acirc;y), tỏi v&agrave; hạt th&ocirc;ng mang theo hương vị đặc trưng của loại l&aacute; n&agrave;y. Bếp Nh&agrave; xin giới thiệu với c&aacute;c bạn c&aacute;ch l&agrave;m m&igrave; &Yacute; sốt Pesto hấp dẫn n&agrave;y nh&eacute;! Nguy&ecirc;n Liệu: &nbsp;300 gr m&igrave; pasta 50 gr l&aacute; basil 100 gr phomai Pamesan 6 con t&ocirc;m to 150 ml dầu oliu 50 gr hạt th&ocirc;ng hoặc hạt &oacute;c ch&oacute; Một ch&uacute;t rượu vang trắng Muối v&agrave; ti&ecirc;u. 3 t&eacute;p tỏi C&aacute;ch l&agrave;m: Bước 1: Cho v&agrave;o nước luộc m&igrave; ch&uacute;t dầu olive v&agrave; một ch&uacute;t muối. Luộc m&igrave; trong v&ograve;ng 7 ph&uacute;t, từ l&uacute;c nước s&ocirc;i. Bước 2: L&agrave;m sốt: Rang hạt &oacute;c ch&oacute; tới l&uacute;c dậy m&ugrave;i thơm l&ecirc;n. Sau đ&oacute; d&ugrave;ng cối gi&atilde; sơ hạt &oacute;c ch&oacute;. Tiếp tục cho hết hạt &oacute;c ch&oacute; v&ocirc; cối xay c&ugrave;ng với dầu olive, l&aacute; basil (l&aacute; quế t&acirc;y) , ph&ocirc; mai parmesan bột, tỏi, ch&uacute;t muối v&agrave; ti&ecirc;u sau cũng l&agrave; th&ecirc;m 1 &iacute;t nước v&agrave;o v&agrave; xay nhuyễn. Bước 3: Ướp t&ocirc;m: với ch&uacute;t muối, ti&ecirc;u v&agrave; dầu olive khoảng 10-15 ph&uacute;t. Bước 4:&nbsp;</span></p>\r\n','2018/04/05/1522899337-Mi-Y-Sot-Pesto-La-mieng-khong-kem-phan-thom-ngon-_-Vao-bep-cung-Bep-Nha.mp4','videos/2018/04/05/1522899340-mon-ngon-tu-thit-ba-chi-20.png',NULL,'05:00','30:00','<p><span style=\"color:rgb(17, 17, 17); font-size:14px\">M&igrave; &Yacute; m&oacute;n m&igrave; truyền thống, thơm ngon đến từ đất nước &Yacute;. Sự kết hợp tuyệt vời của m&igrave; &Yacute; v&agrave; sốt pesto lạ miệng sẽ khiến bạn ngất ng&acirc;y với hương vị mang đậm chất Ch&acirc;u &Acirc;u.&nbsp;Sốt pesto&nbsp;c&oacute; nguồn gốc từ Genova được l&agrave;m từ l&aacute; basic (l&aacute; quế t&acirc;y), tỏi v&agrave; hạt th&ocirc;ng mang theo hương vị đặc trưng của loại l&aacute; n&agrave;y. Bếp Nh&agrave; xin giới thiệu với c&aacute;c bạn c&aacute;ch l&agrave;m m&igrave; &Yacute; sốt Pesto hấp dẫn n&agrave;y nh&eacute;! Nguy&ecirc;n Liệu: &nbsp;300 gr m&igrave; pasta 50 gr l&aacute; basil 100 gr phomai Pamesan 6 con t&ocirc;m to 150 ml dầu oliu 50 gr hạt th&ocirc;ng hoặc hạt &oacute;c ch&oacute; Một ch&uacute;t rượu vang trắng Muối v&agrave; ti&ecirc;u. 3 t&eacute;p tỏi C&aacute;ch l&agrave;m: Bước 1: Cho v&agrave;o nước luộc m&igrave; ch&uacute;t dầu olive v&agrave; một ch&uacute;t muối. Luộc m&igrave; trong v&ograve;ng 7 ph&uacute;t, từ l&uacute;c nước s&ocirc;i. Bước 2: L&agrave;m sốt: Rang hạt &oacute;c ch&oacute; tới l&uacute;c dậy m&ugrave;i thơm l&ecirc;n. Sau đ&oacute; d&ugrave;ng cối gi&atilde; sơ hạt &oacute;c ch&oacute;. Tiếp tục cho hết hạt &oacute;c ch&oacute; v&ocirc; cối xay c&ugrave;ng với dầu olive, l&aacute; basil (l&aacute; quế t&acirc;y) , ph&ocirc; mai parmesan bột, tỏi, ch&uacute;t muối v&agrave; ti&ecirc;u sau cũng l&agrave; th&ecirc;m 1 &iacute;t nước v&agrave;o v&agrave; xay nhuyễn. Bước 3: Ướp t&ocirc;m: với ch&uacute;t muối, ti&ecirc;u v&agrave; dầu olive khoảng 10-15 ph&uacute;t. Bước 4:&nbsp;</span></p>\r\n',NULL,'<p><span style=\"color:rgb(17, 17, 17); font-size:14px\">M&igrave; &Yacute; m&oacute;n m&igrave; truyền thống, thơm ngon đến từ đất nước &Yacute;. Sự kết hợp tuyệt vời của m&igrave; &Yacute; v&agrave; sốt pesto lạ miệng sẽ khiến bạn ngất ng&acirc;y với hương vị mang đậm chất Ch&acirc;u &Acirc;u.&nbsp;Sốt pesto&nbsp;c&oacute; nguồn gốc từ Genova được l&agrave;m từ l&aacute; basic (l&aacute; quế t&acirc;y), tỏi v&agrave; hạt th&ocirc;ng mang theo hương vị đặc trưng của loại l&aacute; n&agrave;y. Bếp Nh&agrave; xin giới thiệu với c&aacute;c bạn c&aacute;ch l&agrave;m m&igrave; &Yacute; sốt Pesto hấp dẫn n&agrave;y nh&eacute;! Nguy&ecirc;n Liệu: &nbsp;300 gr m&igrave; pasta 50 gr l&aacute; basil 100 gr phomai Pamesan 6 con t&ocirc;m to 150 ml dầu oliu 50 gr hạt th&ocirc;ng hoặc hạt &oacute;c ch&oacute; Một ch&uacute;t rượu vang trắng Muối v&agrave; ti&ecirc;u. 3 t&eacute;p tỏi C&aacute;ch l&agrave;m: Bước 1: Cho v&agrave;o nước luộc m&igrave; ch&uacute;t dầu olive v&agrave; một ch&uacute;t muối. Luộc m&igrave; trong v&ograve;ng 7 ph&uacute;t, từ l&uacute;c nước s&ocirc;i. Bước 2: L&agrave;m sốt: Rang hạt &oacute;c ch&oacute; tới l&uacute;c dậy m&ugrave;i thơm l&ecirc;n. Sau đ&oacute; d&ugrave;ng cối gi&atilde; sơ hạt &oacute;c ch&oacute;. Tiếp tục cho hết hạt &oacute;c ch&oacute; v&ocirc; cối xay c&ugrave;ng với dầu olive, l&aacute; basil (l&aacute; quế t&acirc;y) , ph&ocirc; mai parmesan bột, tỏi, ch&uacute;t muối v&agrave; ti&ecirc;u sau cũng l&agrave; th&ecirc;m 1 &iacute;t nước v&agrave;o v&agrave; xay nhuyễn. Bước 3: Ướp t&ocirc;m: với ch&uacute;t muối, ti&ecirc;u v&agrave; dầu olive khoảng 10-15 ph&uacute;t. Bước 4:&nbsp;</span></p>\r\n','5','<p><span style=\"color:rgb(17, 17, 17); font-size:14px\">M&igrave; &Yacute; m&oacute;n m&igrave; truyền thống, thơm ngon đến từ đất nước &Yacute;. Sự kết hợp tuyệt vời của m&igrave; &Yacute; v&agrave; sốt pesto lạ miệng sẽ khiến bạn ngất ng&acirc;y với hương vị mang đậm chất Ch&acirc;u &Acirc;u.&nbsp;Sốt pesto&nbsp;c&oacute; nguồn gốc từ Genova được l&agrave;m từ l&aacute; basic (l&aacute; quế t&acirc;y), tỏi v&agrave; hạt th&ocirc;ng mang theo hương vị đặc trưng của loại l&aacute; n&agrave;y. Bếp Nh&agrave; xin giới thiệu với c&aacute;c bạn c&aacute;ch l&agrave;m m&igrave; &Yacute; sốt Pesto hấp dẫn n&agrave;y nh&eacute;! Nguy&ecirc;n Liệu: &nbsp;300 gr m&igrave; pasta 50 gr l&aacute; basil 100 gr phomai Pamesan 6 con t&ocirc;m to 150 ml dầu oliu 50 gr hạt th&ocirc;ng hoặc hạt &oacute;c ch&oacute; Một ch&uacute;t rượu vang trắng Muối v&agrave; ti&ecirc;u. 3 t&eacute;p tỏi C&aacute;ch l&agrave;m: Bước 1: Cho v&agrave;o nước luộc m&igrave; ch&uacute;t dầu olive v&agrave; một ch&uacute;t muối. Luộc m&igrave; trong v&ograve;ng 7 ph&uacute;t, từ l&uacute;c nước s&ocirc;i. Bước 2: L&agrave;m sốt: Rang hạt &oacute;c ch&oacute; tới l&uacute;c dậy m&ugrave;i thơm l&ecirc;n. Sau đ&oacute; d&ugrave;ng cối gi&atilde; sơ hạt &oacute;c ch&oacute;. Tiếp tục cho hết hạt &oacute;c ch&oacute; v&ocirc; cối xay c&ugrave;ng với dầu olive, l&aacute; basil (l&aacute; quế t&acirc;y) , ph&ocirc; mai parmesan bột, tỏi, ch&uacute;t muối v&agrave; ti&ecirc;u sau cũng l&agrave; th&ecirc;m 1 &iacute;t nước v&agrave;o v&agrave; xay nhuyễn. Bước 3: Ướp t&ocirc;m: với ch&uacute;t muối, ti&ecirc;u v&agrave; dầu olive khoảng 10-15 ph&uacute;t. Bước 4:&nbsp;</span></p>\r\n',3,1,2,1,NULL,'2018-04-05 10:36:05',NULL,4,0,0,0,0,0,0,1),(3,'Cách làm cua rang muối siêu ngon','ABC','','2018/04/09/1523266295-Cach-lam-cua-rang-muoi-sieu-ngon-_-Vao-bep-cung-Bep-Nha.mp4','videos/2018/04/09/1523266281-ca1-600x400.jpg',NULL,'04:00','15:00','<p><span style=\"color:rgb(17, 17, 17); font-size:14px\">Nguy&ecirc;n Liệu - Cua thịt: 2 con - H&agrave;nh t&acirc;y: 100g - &frac12; tr&aacute;i ớt chu&ocirc;ng, h&agrave;nh l&aacute; - 50g Hạt điều, 50g t&ocirc;m kh&ocirc; - 1 muỗng canh bột chi&ecirc;n gi&ograve;n, 50g bột chi&ecirc;n x&ugrave; - Gia vị: tỏi, bột ngũ vị hương, h&agrave;nh t&iacute;m, muối</span></p>\r\n',NULL,'<p><span style=\"color:rgb(17, 17, 17); font-size:14px\">Sơ chế: - Tỏi, h&agrave;nh t&iacute;m lột vỏ, băm nhỏ, để ri&ecirc;ng. H&agrave;nh t&acirc;y lột vỏ, cắt nhỏ. H&agrave;nh l&aacute; rửa sạch, cắt nhỏ. Ớt chu&ocirc;ng rửa sạch, bỏ ruột rồi cắt nhỏ. - Cua t&aacute;ch mai, gỡ yếm v&agrave; phần dơ, sau đ&oacute; cắt l&agrave;m 2 hoặc 4 rồi ướp cua với 1 muỗng c&agrave; ph&ecirc; muối, 1 muỗng c&agrave; ph&ecirc; ti&ecirc;u, 1 muỗng canh hạt n&ecirc;m. C&aacute;ch l&agrave;m: - Cua đ&atilde; ướp lăn qua bột chi&ecirc;n gi&ograve;n. Bắc chảo l&ecirc;n bếp, cho dầu ăn v&agrave;o để s&ocirc;i rồi cho cua đ&atilde; lăn bột chi&ecirc;n v&agrave;o chi&ecirc;n ngập dầu để cua v&agrave;ng đều rồi vớt ra để r&aacute;o dầu - Bắc chảo l&ecirc;n bếp, cho lần lượt t&ocirc;m kh&ocirc;, hạt điều, bột chi&ecirc;n x&ugrave; v&agrave;o rang rồi cho v&agrave;o chung một b&aacute;t. Sau đ&oacute; th&ecirc;m hạt n&ecirc;m, ngũ vị hương, ớt bột v&agrave;o trộn đều rồi cho hỗn hợp n&agrave;y v&agrave;o m&aacute;y xay nhuyễn th&agrave;nh bột cho ra b&aacute;t l&agrave;m muối rang. - Cho &iacute;t dầu ăn v&agrave;o chảo để n&oacute;ng phi thơm tỏi băm, h&agrave;nh t&iacute;m băm rồi th&ecirc;m h&agrave;nh t&acirc;y, h&agrave;nh l&aacute;, ớt cắt nhỏ v&agrave;o x&agrave;o c&ugrave;ng. - Tiếp đến th&ecirc;m cua v&agrave;o đảo c&ugrave;ng, sốc chảo rồi cho muối rang v&agrave;o đảo đều, để một l&uacute;c cho muối rang ngấm đều v&agrave; b&aacute;m một lớp l&ecirc;n cua l&agrave; được - Gắp cua th&agrave;nh phẩm xếp ra đĩa th&agrave;nh h&igrave;nh con cua ho&agrave;n chỉnh, rải th&ecirc;m t&iacute; muối rang v&agrave; trang tr&iacute; th&ecirc;m cho đĩa cua rang muối mớ rau răm l&agrave; bạn đ&atilde; ho&agrave;n th&agrave;nh m&oacute;n ăn ngon cua rang muối. Cua rang muối ch&iacute;n đỏ, thịt c&oacute; vị ngọt tươi, mằn mặn rồi thơm cay của muối rang sẽ l&agrave;m cho bạn phải ng&acirc;y ngất khi thưởng thức. Vậy n&ecirc;n, hi vọng c&aacute;ch nấu cua rang muối tr&ecirc;n đ&acirc;y sẽ gi&uacute;p bạn dễ d&agrave;ng khi học l&agrave;m cua rang muối thơm ngon, đậm vị cho cả nh&agrave;.</span></p>\r\n','3','',2,1,2,1,NULL,'2018-04-09 16:31:58',NULL,8,0,0,0,0,0,0,1),(4,'fgjifkj','','','2018/04/10/1523330618-Cơm-chiên-phô-mai-kim-chi.mp4','videos/2018/04/10/1523330627-17410359_10209094167053812_1062618448_n.png',NULL,'06:00','','',NULL,'','','',0,1,2,1,1,'2018-04-10 10:24:03','2018-04-10 03:25:09',10,0,0,0,0,0,0,1),(5,'Salad cá ngừ - thơm ngon ','Chef Phước Lành','<p><span style=\"background-color:rgb(255, 255, 255); color:rgb(17, 17, 17); font-size:14px\">Salad c&aacute; ngừ l&agrave; một trong những m&oacute;n ăn c&oacute; c&ocirc;ng thức chế biến đơn giản, c&oacute; hương vị lạ mi&ecirc;ng, hấp dẫn. Dưới đ&acirc;y l&agrave; c&aacute;ch l&agrave;m m&oacute;n ăn tốt cho sức khỏe với khả năng cung cấp chất xơ, nhiều loại vitamin v&agrave; c&aacute;c chất dinh dưỡng từ loại c&aacute; ngừ bổ dưỡng. C&ugrave;ng Bếp Nh&agrave; thực hiện m&oacute;n ăn n&agrave;y cho bữa cơm gia đ&igrave;nh th&ecirc;m phong ph&uacute; nh&eacute;! </span></p>\r\n','2018/04/16/1523866031-Cach-lam-Salad-ca-ngu-cuc-don-gian-Vao-bep-cung-Bep-Nha.mp4','videos/2018/04/16/1523866211-DSC04722.JPG',NULL,'03:23','','<p><strong>Nguy&ecirc;n liệu:</strong></p>\r\n\r\n<ul>\r\n	<li>&frac14; Bắp cải trắng</li>\r\n	<li>&frac14; Bắp cải t&iacute;m</li>\r\n	<li>300gr c&aacute; ngừ tươi</li>\r\n	<li>1 hộp sữa chua kh&ocirc;ng đường</li>\r\n	<li>Một &iacute;t Muối</li>\r\n	<li>&frac14; mcf Ti&ecirc;u</li>\r\n	<li>Một &iacute;t L&aacute; Thyme + L&aacute; Rosemary</li>\r\n	<li>10 ml Dầu olive</li>\r\n	<li>1 tr&aacute;i Chanh</li>\r\n</ul>\r\n','','<p><span style=\"background-color:rgb(255, 255, 255); color:rgb(17, 17, 17); font-size:14px\">C&aacute;ch l&agrave;m:<br />\r\n1. Bắp cải th&aacute;i mỏng, rửa sạch, để r&aacute;o<br />\r\n2. C&aacute; ngừ phi l&ecirc; lấy phần thịt, ướp với muối, ti&ecirc;u, l&aacute; thyme, l&aacute; rosemary v&agrave; dầu olive. Sau đ&oacute; đem đi &aacute;p chảo. C&aacute; sau khi &aacute;p chảo nhỏ th&agrave;nh miếng vừa ăn Lưu &yacute; khi &aacute;p chảo th&igrave; &aacute;p phần da c&aacute; trước.<br />\r\n3. Sauce trộn: trộn đều hỗn hợp gồm 1 hộp sữa chua kh&ocirc;ng đường + &frac14; tsp muối + nước cốt chanh + dầu olive. Với sauce n&agrave;y ta c&oacute; thể cho th&ecirc;m &frac12; tsp đường t&ugrave;y khẩu vị.<br />\r\n4. Trộn đều bắp cải trắng + t&iacute;m + sauce + c&aacute; ngừ, n&ecirc;m lại 1 lần nữa, ho&agrave;n th&agrave;nh. </span></p>\r\n\r\n<p>&nbsp;</p>\r\n','','<p><span style=\"background-color:rgb(255, 255, 255); color:rgb(17, 17, 17); font-size:14px\">T&ocirc;m chi&ecirc;n hoa tuyết - Bếp Nh&agrave; TV Studio&nbsp;</span></p>\r\n\r\n<p><span style=\"background-color:rgb(255, 255, 255); color:rgb(17, 17, 17); font-size:14px\">Tổ chức sản xuất : Vick Le&nbsp;</span></p>\r\n\r\n<p><span style=\"background-color:rgb(255, 255, 255); color:rgb(17, 17, 17); font-size:14px\">Quay Phim : L&ecirc; Anh Nguy&ecirc;n - Vick Le&nbsp;</span></p>\r\n\r\n<p><span style=\"background-color:rgb(255, 255, 255); color:rgb(17, 17, 17); font-size:14px\">Dựng Phim : Vick Le&nbsp;</span></p>\r\n\r\n<p><span style=\"background-color:rgb(255, 255, 255); color:rgb(17, 17, 17); font-size:14px\">Design H&igrave;nh Ảnh : L&ecirc; Anh Nguy&ecirc;n&nbsp;</span></p>\r\n\r\n<p><span style=\"background-color:rgb(255, 255, 255); color:rgb(17, 17, 17); font-size:14px\">Đầu Bếp : Chef Phước L&agrave;nh</span></p>\r\n',2,5,8,1,1,'2018-04-16 15:10:53','2018-06-21 03:04:23',135,0,0,0,0,0,1,0),(6,'Tôm Chiên Hoa Tuyết sốt rau củ hấp dẫn','Chef Phước Lành','<p><span style=\"color:rgb(17, 17, 17); font-size:14px\">T&ocirc;m chi&ecirc;n hoa tuyết c&aacute;i t&ecirc;n hoa mỹ n&agrave;y ch&iacute;nh l&agrave; m&oacute;n t&ocirc;m chi&ecirc;n x&ugrave;. Do lớp chi&ecirc;n x&ugrave; bọc b&ecirc;n ngo&agrave;i t&ocirc;m c&oacute; m&agrave;u trắng trắng b&eacute; b&eacute; tr&ocirc;ng như những b&ocirc;ng hoa tuyết n&ecirc;n n&agrave;y m&oacute;n n&agrave;y được đặt cho c&aacute;i t&ecirc;n mỹ miền n&agrave;y. Kết hợp với phần nước sốt rau củ tự chế độc đ&aacute;o, kh&ocirc;ng k&eacute;m phần bổ dưỡng sẽ c&agrave;ng l&agrave;m tăng th&ecirc;m sự quyết rũ cho m&oacute;n T&ocirc;m chi&ecirc;n hoa tuyết n&agrave;y đ&oacute;. Bếp Nh&agrave; xin được chia sẻ b&iacute; quyết chế biến m&oacute;n T&ocirc;m chi&ecirc;n hoa tuyết sốt rau củ n&agrave;y với c&aacute;c bạn nh&eacute;, chắc chắn c&aacute;c b&eacute; v&agrave; c&aacute;c th&agrave;nh vi&ecirc;n trong gia đ&igrave;nh bạn sẽ th&iacute;ch m&ecirc; đ&oacute;!</span></p>\r\n','2018/04/16/1523866502-Cach-lam-Tom-Chien-Hoa-Tuyet-sot-rau-cu-hap-dan-Vao-bep-cung-Bep-Nha.mp4','videos/2018/04/16/1523866412-tom-chien-bong-tuyet.jpg',NULL,'02:35','','<p><span style=\"color:rgb(17, 17, 17); font-size:14px\">Nguy&ecirc;n Liệu:</span></p>\r\n\r\n<p><span style=\"color:rgb(17, 17, 17); font-size:14px\">Sốt nước mắm (sốt trộn gỏi):&nbsp;</span><span style=\"color:rgb(17, 17, 17); font-size:14px\">Tắc (vắt lấy nước), đường, tương ớt, nước mắm</span></p>\r\n\r\n<p><span style=\"color:rgb(17, 17, 17); font-size:14px\">Gia vị: Muối sấy, hạt n&ecirc;m, ti&ecirc;u trắng, tỏi. </span></p>\r\n\r\n<p><span style=\"color:rgb(17, 17, 17); font-size:14px\">T&ocirc;m s&uacute;: 300 gr, b&oacute;c vỏ, bỏ đầu, chừa đu&ocirc;i, chẻ đ&ocirc;i </span></p>\r\n\r\n<p><span style=\"color:rgb(17, 17, 17); font-size:14px\">Bột chi&ecirc;n x&ugrave; v&agrave;ng 70 gr </span></p>\r\n\r\n<p><span style=\"color:rgb(17, 17, 17); font-size:14px\">B&aacute;nh phồng t&ocirc;m xay nhuyễn trộn với bột x&ugrave; </span></p>\r\n\r\n<p><span style=\"color:rgb(17, 17, 17); font-size:14px\">Bột ướt: Bột chi&ecirc;n gi&ograve;n, bột năng, trứng g&agrave; 1 tr&aacute;i, nước v&agrave; 1 ch&uacute;t rượu nấu ăn. </span></p>\r\n\r\n<p><span style=\"color:rgb(17, 17, 17); font-size:14px\">Dầu m&egrave; </span></p>\r\n\r\n<p><span style=\"color:rgb(17, 17, 17); font-size:14px\">Sốt chấm rau củ: Củ dền (hấp ch&iacute;n), b&iacute; đỏ (luộc hoặc nướngch&iacute;n), Giấm. </span></p>\r\n\r\n<p><span style=\"color:rgb(17, 17, 17); font-size:14px\">Dầu ăn</span></p>\r\n\r\n<p><span style=\"color:rgb(17, 17, 17); font-size:14px\">Ớt hiểm đỏ băm nhuyễn</span></p>\r\n','','<p><span style=\"color:rgb(17, 17, 17); font-size:14px\">C&aacute;ch l&agrave;m: </span></p>\r\n\r\n<p><span style=\"color:rgb(17, 17, 17); font-size:14px\">- Sốt nước mắm: quậy tan hỗn hợp đường, nước mắm v&agrave; tương ớt, sau đ&oacute; cho muối v&agrave; nước tắc v&agrave;o, quậy tan tất cả nguy&ecirc;n liệu rồi n&ecirc;m nếm kiểm tra vị ngọt đậm đ&agrave;.</span></p>\r\n\r\n<p><span style=\"color:rgb(17, 17, 17); font-size:14px\">- Ướp t&ocirc;m: với tỏi băm, ti&ecirc;u, hạt n&ecirc;m v&agrave; dầu m&egrave; cho thấm đều trong v&ograve;ng 10 ph&uacute;t</span></p>\r\n\r\n<p><span style=\"color:rgb(17, 17, 17); font-size:14px\">- Chuẩn bị phần bột ướt: Quậy tan hỗn hợp bột năng, bột chi&ecirc;n gi&ograve;n đều v&agrave; để bột nghỉ 15 ph&uacute;t.</span></p>\r\n\r\n<p><span style=\"color:rgb(17, 17, 17); font-size:14px\">-Tiếp theo l&agrave; phần bột kh&ocirc; (B&aacute;nh phồng t&ocirc;m): Lấy 100gr b&aacute;nh phồng t&ocirc;m cho v&agrave;o cối xay dập như vỏ trấu rồi pha 70gr bột x&ugrave; v&agrave;o. Trộn đều hỗn hợp n&agrave;y. </span></p>\r\n\r\n<p><span style=\"color:rgb(17, 17, 17); font-size:14px\">-Chi&ecirc;n t&ocirc;m: chảo dầu n&oacute;ng, rồi giảm lửa vừa, sau đ&oacute; lấy t&ocirc;m nh&uacute;ng v&agrave;o bột ướt rồi tẩm đều v&agrave;o phần bột kh&ocirc;, tiếp theo cho v&agrave;o chảo chi&ecirc;n t&ocirc;m v&agrave;ng v&agrave; gi&ograve;n đều rồi lấy ra cho r&aacute;o dầu.</span></p>\r\n\r\n<p><span style=\"color:rgb(17, 17, 17); font-size:14px\">-Phần sốt rau củ ăn k&egrave;m: sử dụng m&aacute;y xay sinh tố cho phần b&iacute; đỏ, củ dền hấp ch&iacute;n mềm v&agrave; phần sốt trộn gỏi, th&ecirc;m giấm ăn, dầu ăn, muối. Tất cả v&agrave;o cối xay kĩ, lược mịn sau đ&oacute; đem giữ lạnh. l&agrave;m bạn đ&atilde; c&oacute; được phần sốt rau củ để chấm tuyệt hảo rồi đấy nh&eacute;. </span></p>\r\n\r\n<p>&nbsp;</p>\r\n','','<p><span style=\"color:rgb(17, 17, 17); font-size:14px\">T&ocirc;m chi&ecirc;n hoa tuyết - Bếp Nh&agrave; TV Studio&nbsp;</span></p>\r\n\r\n<p><span style=\"color:rgb(17, 17, 17); font-size:14px\">Tổ chức sản xuất : Vick Le&nbsp;</span></p>\r\n\r\n<p><span style=\"color:rgb(17, 17, 17); font-size:14px\">Quay Phim : L&ecirc; Anh Nguy&ecirc;n - Vick Le&nbsp;</span></p>\r\n\r\n<p><span style=\"color:rgb(17, 17, 17); font-size:14px\">Dựng Phim : Vick Le&nbsp;</span></p>\r\n\r\n<p><span style=\"color:rgb(17, 17, 17); font-size:14px\">Design H&igrave;nh Ảnh : L&ecirc; Anh Nguy&ecirc;n&nbsp;</span></p>\r\n\r\n<p><span style=\"color:rgb(17, 17, 17); font-size:14px\">Đầu Bếp : Chef Phước L&agrave;nh</span></p>\r\n',2,6,9,1,1,'2018-04-16 15:15:29','2018-06-21 03:04:37',70,0,0,0,0,0,1,0),(7,'Cách muối hành tím không hăng ngày tết ','','<p><span style=\"color:rgb(17, 17, 17); font-size:14px\">C&aacute;ch muối h&agrave;nh t&iacute;m ngon, kh&ocirc;ng bị hăng v&ocirc; c&ugrave;ng đơn giản bạn c&oacute; thể thực hiện tại nh&agrave; m&agrave; vẫn thơm ngon như ngo&agrave;i tiệm. B&iacute; quyết th&agrave;nh c&ocirc;ng của m&oacute;n h&agrave;nh muối chua ngọt n&agrave;y l&agrave; nguy&ecirc;n liệu h&agrave;nh t&iacute;m phải ngon giống h&agrave;nh tốt to tr&ograve;n. Bạn c&oacute; thể ăn k&egrave;m m&oacute;n h&agrave;nh t&iacute;m chua cay n&agrave;y với tất cả c&aacute;c m&oacute;n ăn m&agrave; bạn y&ecirc;u th&iacute;ch.</span></p>\r\n','2018/04/16/1523866606-Cach-muoi-hanh-tim-khong-hang-ngay-tet-Vao-bep-cung-Bep-nha.mp4','videos/2018/04/16/1523866622-muoi-hanh-tim.png',NULL,'02:03','','<p><span style=\"color:rgb(17, 17, 17); font-size:14px\">Nguy&ecirc;n liệu: </span></p>\r\n\r\n<p><span style=\"color:rgb(17, 17, 17); font-size:14px\">- 500g h&agrave;nh t&iacute;m </span></p>\r\n\r\n<p><span style=\"color:rgb(17, 17, 17); font-size:14px\">- Đường, muối, dấm trắng </span></p>\r\n\r\n<p><span style=\"color:rgb(17, 17, 17); font-size:14px\">- Nước lọc, nước vo gạo</span></p>\r\n','','<p><span style=\"color:rgb(17, 17, 17); font-size:14px\">C&aacute;ch l&agrave;m: </span></p>\r\n\r\n<p><span style=\"color:rgb(17, 17, 17); font-size:14px\">- H&agrave;nh t&iacute;m khi mua về c&aacute;c bạn cho v&agrave;o nước vo gạo, ng&acirc;m qua đ&ecirc;m l&agrave; tốt nhất. Sau đ&oacute; b&oacute;c sạch vỏ h&agrave;nh v&agrave; rửa qua bằng nước lạnh v&agrave;i lần cho h&agrave;nh sạch. </span></p>\r\n\r\n<p><span style=\"color:rgb(17, 17, 17); font-size:14px\">- Tiếp tục cho h&agrave;nh v&agrave;o nước lọc ng&acirc;m khoảng nửa ng&agrave;y. </span></p>\r\n\r\n<p><span style=\"color:rgb(17, 17, 17); font-size:14px\">- Trong thời gian chờ ng&acirc;m h&agrave;nh th&igrave; c&aacute;c bạn pha hỗn hợp gồm: nước lọc (lượng vừa đủ để ng&acirc;m 500 gr h&agrave;nh), 5 th&igrave;a đường, 4 th&igrave;a dấm, 1,5 th&igrave;a muối v&agrave; đun s&ocirc;i. Khi hỗn hợp s&ocirc;i th&igrave; tắt bếp v&agrave; để nguội ở mức ấm ấm. </span></p>\r\n\r\n<p><span style=\"color:rgb(17, 17, 17); font-size:14px\">- H&agrave;nh sau khi đ&atilde; ng&acirc;m đủ thời gian, vớt ra để r&aacute;o nước rồi xếp v&agrave;o lọ, c&ugrave;ng với ớt tươi (nếu th&iacute;ch c&oacute; vị cay nhiều th&igrave; th&aacute;i l&aacute;t ớt cho v&agrave;o), đổ hỗn hợp nước ấm bao gồm đường, dấm, muối cho ngập hết mặt h&agrave;nh. </span></p>\r\n\r\n<p><span style=\"color:rgb(17, 17, 17); font-size:14px\">- Đậy k&iacute;n lọ h&agrave;nh, sau khoảng 7 ng&agrave;y l&agrave; c&oacute; thể ăn được. </span></p>\r\n\r\n<p><span style=\"color:rgb(17, 17, 17); font-size:14px\">*Lưu &yacute; : N&ecirc;n tr&aacute;ng sạch lọ thủy tinh đựng h&agrave;nh qua nước s&ocirc;i n&oacute;ng gi&agrave; để tr&aacute;nh h&agrave;nh muối bị nổi v&aacute;ng.</span></p>\r\n','','',1,6,7,1,1,'2018-04-16 15:17:53','2018-05-28 10:27:12',43,0,0,0,0,0,0,0),(8,'Canh sườn heo nấu ngũ quả','','<p><span style=\"color:rgb(17, 17, 17); font-size:14px\">H&ocirc;m nay, ad xin gửi đến c&aacute;c bạn c&aacute;ch nấu m&oacute;n canh sườn heo hầm c&ugrave;ng với một số củ quả vừa thơm ngon hấp dẫn m&agrave; cung cấp được những chất dinh dưỡng cho c&aacute;c th&agrave;nh vi&ecirc;n trong gia đ&igrave;nh. V&agrave;o những ng&agrave;y thời tiết se lạnh như hiện nay th&igrave; những chị em phụ nữ n&ecirc;n c&acirc;n nhắc nấu những m&oacute;n canh ấm n&oacute;ng c&oacute; hương vị hấp dẫn để cho bữa ăn trở n&ecirc;n thơm ngon, độc đ&aacute;o hơn. Đ&acirc;y l&agrave; một m&oacute;n canh thơm ngon bổ dưỡng m&agrave; c&aacute;c chị em phụ nữ c&oacute; thể c&acirc;n nhắc v&agrave; lựa chọn cho bữa ăn gia đ&igrave;nh th&ecirc;m hấp dẫn hơn. . C&ugrave;ng Ad v&agrave;o bếp nh&eacute;.</span></p>\r\n','2018/04/16/1523866755-Cach-nau-canh-suon-heo-ngu-qua-Vao-bep-cung-Bep-Nha.mp4','videos/2018/04/16/1523867012-canh-suon-ngu-qua.jpg',NULL,'01:37 ','','<p><span style=\"color:rgb(17, 17, 17); font-size:14px\">- 1 củ c&agrave; rốt&nbsp;</span></p>\r\n\r\n<p><span style=\"color:rgb(17, 17, 17); font-size:14px\">- 1 quả su su&nbsp;</span></p>\r\n\r\n<p><span style=\"color:rgb(17, 17, 17); font-size:14px\">- 1 củ dền đỏ&nbsp;</span></p>\r\n\r\n<p><span style=\"color:rgb(17, 17, 17); font-size:14px\">- 2 củ khoai t&acirc;y nhỏ&nbsp;</span></p>\r\n\r\n<p><span style=\"color:rgb(17, 17, 17); font-size:14px\">- 2 củ cải nhỏ&nbsp;</span></p>\r\n\r\n<p><span style=\"color:rgb(17, 17, 17); font-size:14px\">- 1 ch&uacute;t h&agrave;nh l&aacute;&nbsp;</span></p>\r\n\r\n<p><span style=\"color:rgb(17, 17, 17); font-size:14px\">- 1 muỗng canh đường&nbsp;</span></p>\r\n\r\n<p><span style=\"color:rgb(17, 17, 17); font-size:14px\">- 1,5 muỗng c&agrave; ph&ecirc; muối&nbsp;</span></p>\r\n\r\n<p><span style=\"color:rgb(17, 17, 17); font-size:14px\">- Một ch&uacute;t hạt n&ecirc;m&nbsp;</span></p>\r\n\r\n<p><span style=\"color:rgb(17, 17, 17); font-size:14px\">- 2L nướ</span></p>\r\n','','<p><span style=\"color:rgb(17, 17, 17); font-size:14px\">C&aacute;ch l&agrave;m: </span></p>\r\n\r\n<p><span style=\"color:rgb(17, 17, 17); font-size:14px\">- Sườn heo chặt miếng vừa phải rồi rửa sạch sau đ&oacute; bạn h&atilde;y cho v&agrave;o nồi trần qua sườn heo để sườn kh&ocirc;ng bị h&ocirc;i. </span></p>\r\n\r\n<p><span style=\"color:rgb(17, 17, 17); font-size:14px\">- Khoai t&acirc;y, c&agrave; rốt, khoai sọ gọt vỏ rồi rửa sạch sau đ&oacute; th&aacute;i th&agrave;nh những miếng vừa ăn. </span></p>\r\n\r\n<p><span style=\"color:rgb(17, 17, 17); font-size:14px\">- Sườn heo sau khi trần qua, tiếp tục cho v&agrave;o nồi ninh với khoảng 2 l&iacute;t nước, đường, muối. Khi s&ocirc;i sẽ xuất hiện bọt. D&ugrave;ng mu&ocirc;i hớt sạch bọt để nước d&ugrave;ng được trong v&agrave; ngon hơn. Bạn h&atilde;y đậy vung đun s&ocirc;i rồi cho nhỏ lửa để đun sườn ch&iacute;n mềm. </span></p>\r\n\r\n<p><span style=\"color:rgb(17, 17, 17); font-size:14px\">- Khi sườn đ&atilde; ch&iacute;n mềm th&igrave; bạn h&atilde;y cho c&agrave; rốt, khoai t&acirc;y v&agrave;o nồi, đậy vung đun khoảng 20 ph&uacute;t th&igrave; th&ecirc;m su su, củ cải v&agrave; củ dền v&agrave;o đun c&ugrave;ng. </span></p>\r\n\r\n<p><span style=\"color:rgb(17, 17, 17); font-size:14px\">- Bạn h&atilde;y n&ecirc;m lại nước canh sao cho vừa với khẩu vị của gia đ&igrave;nh rồi đậy vung đun cho đến khi c&aacute;c loại củ vừa ch&iacute;n th&igrave; tắt bếp. </span></p>\r\n\r\n<p><span style=\"color:rgb(17, 17, 17); font-size:14px\">- M&oacute;n canh với m&agrave;u sắc hấp dẫn, c&oacute; vị đậm đ&agrave;, thanh nhẹ v&agrave; m&ugrave;i thơm hấp dẫn, c&aacute;c bạn c&oacute; thể d&ugrave;ng c&ugrave;ng với cơm n&oacute;ng hoặc l&agrave; b&aacute;nh mỳ đều rất thơm ngon.</span></p>\r\n','','',3,6,4,1,1,'2018-04-16 15:23:38','2018-06-21 03:04:57',58,0,0,0,0,0,1,0),(9,'Canh sườn nấu hạt sen bổ dưỡng ngày hè','Chef Kim','<p><span style=\"color:rgb(17, 17, 17); font-size:14px\">C&ugrave;ng Bếp nh&agrave; thực hiện 1 m&oacute;n canh thanh đạm để giải nhiệt đầu h&egrave; nh&eacute; c&aacute;c bạn </span></p>\r\n\r\n<p>&nbsp;</p>\r\n','2018/04/16/1523867049-Cach-nau-canh-suon-nau-hat-sen-bo-duong-Vao-bep-cung-Bep-Nha.mp4','videos/2018/04/16/1523867063-canh-suon-hat-sen.png',NULL,'03:00','','<p><span style=\"color:rgb(17, 17, 17); font-size:14px\">Nguy&ecirc;n liệu: </span></p>\r\n\r\n<p><span style=\"color:rgb(17, 17, 17); font-size:14px\">- 200 gr sườn heo </span></p>\r\n\r\n<p><span style=\"color:rgb(17, 17, 17); font-size:14px\">- 10 gr t&aacute;o t&agrave;u </span></p>\r\n\r\n<p><span style=\"color:rgb(17, 17, 17); font-size:14px\">- 20 gr hạt sen kh&ocirc; </span></p>\r\n\r\n<p><span style=\"color:rgb(17, 17, 17); font-size:14px\">-</span><span style=\"color:rgb(17, 17, 17); font-size:14px\">Muối </span></p>\r\n\r\n<p><span style=\"color:rgb(17, 17, 17); font-size:14px\">- H&agrave;nh ng&ograve;</span></p>\r\n','','<p><span style=\"color:rgb(17, 17, 17); font-size:14px\">C&aacute;ch l&agrave;m: </span></p>\r\n\r\n<p><span style=\"color:rgb(17, 17, 17); font-size:14px\">- Trụng sơ sườn, rửa lại cho sạch </span></p>\r\n\r\n<p><span style=\"color:rgb(17, 17, 17); font-size:14px\">- Cho sườn v&agrave;o 1,5 l&iacute;t nước v&agrave; 1 ch&uacute;t muối, 1 củ h&agrave;nh t&iacute;m, th&ecirc;m hạt sen v&agrave;o hầm cho ch&iacute;n mềm </span></p>\r\n\r\n<p><span style=\"color:rgb(17, 17, 17); font-size:14px\">- Cho t&aacute;o t&agrave;u, đun th&ecirc;m 10 ph&uacute;t nữa. </span></p>\r\n\r\n<p><span style=\"color:rgb(17, 17, 17); font-size:14px\">- M&uacute;c ra cho h&agrave;nh ng&ograve; l&ecirc;n tr&ecirc;n Ch&uacute;c c&aacute;c bạn th&agrave;nh c&ocirc;ng !</span></p>\r\n','','',3,6,4,1,1,'2018-04-16 15:24:45','2018-05-28 10:29:15',61,0,0,0,0,0,0,0),(10,'Hướng dẫn làm Caesar Salad ','Chef Hữu Đức','<p><span style=\"background-color:rgb(255, 255, 255); color:rgb(17, 17, 17); font-size:14px\">Caesar salad &ndash; m&oacute;n khai vị trứ danh, khi nhắc đến salad ch&uacute;ng ta kh&ocirc;ng thể kh&ocirc;ng nhắc đến Caesar salad c&oacute; mặt ở hầu hết c&aacute;c nh&agrave; h&agrave;ng ch&acirc;u &Acirc;u. Caesar salad c&oacute; nguồn gốc từ &Yacute; v&agrave; mang hầu hết c&aacute;c loại nguy&ecirc;n liệu đặc trưng của đất nước n&agrave;y như Pho mai Parmesan, dầu oliu v&agrave; x&agrave; l&aacute;ch Roman. Bếp Nh&agrave; xin được gưới thiệu với c&aacute;c bạn c&aacute;ch chế bi&ecirc;n m&oacute;n salad nổi tiếng n&agrave;y nh&eacute;!</span></p>\r\n','2018/04/16/1523867218-Huong-dan-lam-Caesar-Salad-Vao-bep-cung-Bep-Nha.mp4','videos/2018/04/16/1523867146-salad-ceasar-youtube-thumnails.jpg',NULL,'04:13','','<p><span style=\"background-color:rgb(255, 255, 255); color:rgb(17, 17, 17); font-size:14px\">Nguy&ecirc;n liệu </span></p>\r\n\r\n<p><span style=\"background-color:rgb(255, 255, 255); color:rgb(17, 17, 17); font-size:14px\">1. Phần sốt ceasar: </span></p>\r\n\r\n<p><span style=\"background-color:rgb(255, 255, 255); color:rgb(17, 17, 17); font-size:14px\">- 100g Mayonaise </span></p>\r\n\r\n<p><span style=\"background-color:rgb(255, 255, 255); color:rgb(17, 17, 17); font-size:14px\">- 2 mc m&ugrave; tạt v&agrave;ng </span></p>\r\n\r\n<p><span style=\"background-color:rgb(255, 255, 255); color:rgb(17, 17, 17); font-size:14px\">- 1mc Ph&ocirc; mai bột parmersan </span></p>\r\n\r\n<p><span style=\"background-color:rgb(255, 255, 255); color:rgb(17, 17, 17); font-size:14px\">- 2-3 t&eacute;p tỏi </span></p>\r\n\r\n<p><span style=\"background-color:rgb(255, 255, 255); color:rgb(17, 17, 17); font-size:14px\">- 10g c&aacute; hộp anchovies </span></p>\r\n\r\n<p><span style=\"background-color:rgb(255, 255, 255); color:rgb(17, 17, 17); font-size:14px\">- 1 mc nước cốt chanh v&agrave;ng (c&oacute; thể thay bằng chanh xanh nhưng bớt liều lượng 1 ch&uacute;t) </span></p>\r\n\r\n<p><span style=\"background-color:rgb(255, 255, 255); color:rgb(17, 17, 17); font-size:14px\">- 2 mc dầu olive </span></p>\r\n\r\n<p><span style=\"background-color:rgb(255, 255, 255); color:rgb(17, 17, 17); font-size:14px\">- 1 ch&uacute;t vỏ chanh v&agrave;ng. </span></p>\r\n\r\n<p><span style=\"background-color:rgb(255, 255, 255); color:rgb(17, 17, 17); font-size:14px\">2. Phần b&aacute;nh m&igrave; nướng ăn k&egrave;m (the croutons) : </span></p>\r\n\r\n<p><span style=\"background-color:rgb(255, 255, 255); color:rgb(17, 17, 17); font-size:14px\">- 2 l&aacute;t b&aacute;nh m&igrave; sanwich </span></p>\r\n\r\n<p><span style=\"background-color:rgb(255, 255, 255); color:rgb(17, 17, 17); font-size:14px\">- &frac14; mcf muối ti&ecirc;u </span></p>\r\n\r\n<p><span style=\"background-color:rgb(255, 255, 255); color:rgb(17, 17, 17); font-size:14px\">- 1 mc dầu olive: </span></p>\r\n\r\n<p><span style=\"background-color:rgb(255, 255, 255); color:rgb(17, 17, 17); font-size:14px\">3. Phần rau salad. </span></p>\r\n\r\n<p><span style=\"background-color:rgb(255, 255, 255); color:rgb(17, 17, 17); font-size:14px\">- 300g Salad romaine </span></p>\r\n\r\n<p><span style=\"background-color:rgb(255, 255, 255); color:rgb(17, 17, 17); font-size:14px\">- 100g C&agrave; chua bi </span></p>\r\n\r\n<p><span style=\"background-color:rgb(255, 255, 255); color:rgb(17, 17, 17); font-size:14px\">4. Phần thịt v&agrave; trứng. </span></p>\r\n\r\n<p><span style=\"background-color:rgb(255, 255, 255); color:rgb(17, 17, 17); font-size:14px\">- Ức g&agrave; phi l&ecirc;: 500g </span></p>\r\n\r\n<p><span style=\"background-color:rgb(255, 255, 255); color:rgb(17, 17, 17); font-size:14px\">- Trứng g&agrave; luộc: 2 tr&aacute;i </span></p>\r\n\r\n<p><span style=\"background-color:rgb(255, 255, 255); color:rgb(17, 17, 17); font-size:14px\">- Muối ti&ecirc;u: 1/2 muỗng c&agrave; ph&ecirc;. </span></p>\r\n\r\n<p><span style=\"background-color:rgb(255, 255, 255); color:rgb(17, 17, 17); font-size:14px\">- Dầu olive: 1 mc </span></p>\r\n\r\n<p><span style=\"background-color:rgb(255, 255, 255); color:rgb(17, 17, 17); font-size:14px\">- C&aacute;c loại l&aacute; gia vị &acirc;u.( thyme, rosmery....)</span></p>\r\n','','<p><span style=\"background-color:rgb(255, 255, 255); color:rgb(17, 17, 17); font-size:14px\">C&aacute;ch l&agrave;m:</span></p>\r\n\r\n<p><span style=\"background-color:rgb(255, 255, 255); color:rgb(17, 17, 17); font-size:14px\">- Đầu tiền, c&aacute;c bạn ướp g&agrave; với muối ti&ecirc;u dầu olive v&agrave; c&aacute;c loại l&aacute; thơm để để thịt thấm gia vị khoảng 15 ph&uacute;t.</span></p>\r\n\r\n<p><span style=\"background-color:rgb(255, 255, 255); color:rgb(17, 17, 17); font-size:14px\">- Sanwich cắt bỏ viền b&aacute;nh, tiếp đến cắt b&aacute;nh th&agrave;nh hạt lựu vừa ăn v&agrave; đem ướp với 1/4mcf muối ti&ecirc;u. Cho th&ecirc;m dầu olive v&agrave; trộn đều. Đem b&aacute;nh m&igrave; nướng trong l&ograve; ở 150 độ tầm 20 ph&uacute;t. Nướng tới l&uacute;c b&aacute;nh m&igrave; v&agrave;ng gi&ograve;n th&igrave; lấy ra.</span></p>\r\n\r\n<p><span style=\"background-color:rgb(255, 255, 255); color:rgb(17, 17, 17); font-size:14px\">- Cho tất cả nguy&ecirc;n liệu ở phần nước sốt ngoại trừ mayonaise v&agrave;o m&aacute;y xay nhuyễn. Sau đ&oacute; trộn đều với mayonnaise v&agrave; th&ecirc;m ch&uacute;t ph&ocirc; mai bột. Nếu c&aacute;c bạn kh&ocirc;ng c&oacute; m&aacute;y xay th&igrave; c&oacute; thể băm nhuyễn v&agrave; trộn đều hỗn hợp phần sốt ceasar đ&oacute; l&ecirc;n nh&eacute;.</span></p>\r\n\r\n<p><span style=\"background-color:rgb(255, 255, 255); color:rgb(17, 17, 17); font-size:14px\">- Tiếp đến, cho nồi l&ecirc;n bếp v&agrave; luộc ch&iacute;n trứng. </span></p>\r\n\r\n<p><span style=\"background-color:rgb(255, 255, 255); color:rgb(17, 17, 17); font-size:14px\">- Chảo n&oacute;ng, cho ch&uacute;t dầu v&agrave; &aacute;p chảo phần ức g&agrave;. C&aacute;c bạn để phần thị g&agrave; nguội thi cắt th&agrave;nh l&aacute;t vừa ăn.</span></p>\r\n\r\n<p><span style=\"background-color:rgb(255, 255, 255); color:rgb(17, 17, 17); font-size:14px\">- Salad sau khi rửa sạch để r&aacute;o th&igrave; cắt kh&uacute;c vừa ăn. trộn với sốt ceasar vừa l&agrave;m ở tr&ecirc;n. Cứ 100g salad th&igrave; cho 2 muỗng canh sốt. Cuối c&ugrave;ng cho g&agrave;, c&agrave; chua bi, trứng g&agrave; lu&ocirc;c v&agrave; b&aacute;nh m&igrave; routons l&ecirc;n trang tr&iacute; đẹp mắt l&agrave; xong.</span></p>\r\n','','<p><span style=\"background-color:rgb(255, 255, 255); color:rgb(17, 17, 17); font-size:14px\">T&ocirc;m chi&ecirc;n hoa tuyết - Bếp Nh&agrave; TV Studio </span></p>\r\n\r\n<p><span style=\"background-color:rgb(255, 255, 255); color:rgb(17, 17, 17); font-size:14px\">Tổ chức sản xuất : Vick Le </span></p>\r\n\r\n<p><span style=\"background-color:rgb(255, 255, 255); color:rgb(17, 17, 17); font-size:14px\">Quay Phim : L&ecirc; Anh Nguy&ecirc;n - Vick Le </span></p>\r\n\r\n<p><span style=\"background-color:rgb(255, 255, 255); color:rgb(17, 17, 17); font-size:14px\">Dựng Phim : Vick Le </span></p>\r\n\r\n<p><span style=\"background-color:rgb(255, 255, 255); color:rgb(17, 17, 17); font-size:14px\">Design H&igrave;nh Ảnh : L&ecirc; Anh Nguy&ecirc;n </span></p>\r\n\r\n<p><span style=\"background-color:rgb(255, 255, 255); color:rgb(17, 17, 17); font-size:14px\">Đầu Bếp : Chef Hữu Đức</span></p>\r\n',2,5,8,1,1,'2018-04-16 15:27:18','2018-06-21 03:05:25',150,0,0,0,0,0,1,0),(11,'Mứt dừa non truyền thống và lá dứa','Chef Kim','<p><span style=\"color:rgb(17, 17, 17); font-size:14px\">C&aacute;ch l&agrave;m mứt dừa kh&ocirc;ng qu&aacute; kh&oacute; hay cầu k&igrave; một ch&uacute;t n&agrave;o. H&ocirc;m nay, h&atilde;y c&ugrave;ng Bếp Nh&agrave; t&igrave;m hiểu c&aacute;ch l&agrave;m mứt dừa n&agrave;y nh&eacute;. Mứt dừa đ&atilde; l&agrave; một phần kh&ocirc;ng thể thiếu trong những khay mứt, kẹo của mỗi gia đ&igrave;nh trong Việt v&agrave;o trong ng&agrave;y Tết cổ truyền rồi.</span></p>\r\n','2018/04/16/1523867310-Huong-dan-lam-mut-dua-non-truyen-thong-va-la-dua-Vao-bep-cung-Bep-Nha.mp4','videos/2018/04/16/1523867294-mut-dua.png',NULL,'02:23','30 phút','<p><span style=\"background-color:rgb(255, 255, 255); color:rgb(17, 17, 17); font-size:14px\">Nguy&ecirc;n liệu: </span></p>\r\n\r\n<p><span style=\"background-color:rgb(255, 255, 255); color:rgb(17, 17, 17); font-size:14px\">- 500 gr cơm dừa (kh&ocirc;ng qu&aacute; gi&agrave; cũng kh&ocirc;ng qu&aacute; non) </span></p>\r\n\r\n<p><span style=\"background-color:rgb(255, 255, 255); color:rgb(17, 17, 17); font-size:14px\">- 200 gr đường </span></p>\r\n\r\n<p><span style=\"background-color:rgb(255, 255, 255); color:rgb(17, 17, 17); font-size:14px\">- 100 ml sữa tươi</span></p>\r\n\r\n<p><span style=\"background-color:rgb(255, 255, 255); color:rgb(17, 17, 17); font-size:14px\">- &frac12; mcf vani </span></p>\r\n\r\n<p><span style=\"background-color:rgb(255, 255, 255); color:rgb(17, 17, 17); font-size:14px\">- &frac12; mcf chiết xuất l&aacute; dứa</span></p>\r\n\r\n<p><span style=\"background-color:rgb(255, 255, 255); color:rgb(17, 17, 17); font-size:14px\">- 1 ch&uacute;t muối</span></p>\r\n','','<p><span style=\"background-color:rgb(255, 255, 255); color:rgb(17, 17, 17); font-size:14px\">C&aacute;ch l&agrave;m: </span></p>\r\n\r\n<p><span style=\"background-color:rgb(255, 255, 255); color:rgb(17, 17, 17); font-size:14px\">- L&agrave;m sạch cơm dừa, cắt mỏng, cho v&agrave;o chậu nước ng&acirc;m 4</span><span style=\"color:rgb(17, 17, 17); font-size:14px\">-5 tiếng cho ra bớt dầu. </span></p>\r\n\r\n<p><span style=\"color:rgb(17, 17, 17); font-size:14px\">- Vớt dừa ra để r&aacute;o, cho đường v&agrave;o x&oacute;c đều. chia l&agrave;m 2 phần bằng nhau </span></p>\r\n\r\n<p><span style=\"color:rgb(17, 17, 17); font-size:14px\">- Phần 1 (mứt dừa truyền thống) ng&acirc;m đường qua đ&ecirc;m. Cho l&ecirc;n chảo, th&ecirc;m sữa tươi v&agrave; vani v&agrave;o, s&ecirc;n nhỏ lửa đến khi dừa kết tinh v&agrave; kh&ocirc; lại. đảo li&ecirc;n tục trong qu&aacute; tr&igrave;nh s&ecirc;n </span></p>\r\n\r\n<p><span style=\"color:rgb(17, 17, 17); font-size:14px\">- Phần 2 (mứt dừa l&aacute; dứa) cho tinh chất l&aacute; dứa v&agrave;o trộn đều. ng&acirc;m đường qua đ&ecirc;m. . Cho l&ecirc;n chảo s&ecirc;n nhỏ lửa đến khi dừa kết tinh v&agrave; kh&ocirc; lại. đảo li&ecirc;n tục trong qu&aacute; tr&igrave;nh s&ecirc;n </span></p>\r\n\r\n<p><span style=\"color:rgb(17, 17, 17); font-size:14px\">- Để nguội, bảo quản trong hộp k&iacute;n .</span></p>\r\n\r\n<p><span style=\"color:rgb(17, 17, 17); font-size:14px\">Ch&uacute;c c&aacute;c bạn th&agrave;nh c&ocirc;ng !</span></p>\r\n','**','<p>Tổ chức sản xuất : Vick Le&nbsp;</p>\r\n\r\n<p>Quay Phim : L&ecirc; Anh Nguy&ecirc;n - Vick Le&nbsp;</p>\r\n\r\n<p>Dựng Phim : Vick Le&nbsp;</p>\r\n\r\n<p>Design H&igrave;nh Ảnh : L&ecirc; Anh Nguy&ecirc;n&nbsp;</p>\r\n\r\n<p>Đầu Bếp : Chef Kim</p>\r\n\r\n<p>MỌI NGƯỜI NHỚ SUBSCRIBE K&Ecirc;NH ĐỂ XEM NGAY C&Aacute;C VIDEO MỚI NHẤT.&nbsp;</p>\r\n\r\n<p>► SUBSCRIBE CHANNEL:&nbsp;<a href=\"https://www.youtube.com/bepnhatv\">https://www.youtube.com/bepnhatv</a>&nbsp;</p>\r\n\r\n<p>Cả nh&agrave; theo d&otilde;i th&ocirc;ng tin của Bếp Nh&agrave; TV tại đ&acirc;y nh&eacute;:&nbsp;</p>\r\n\r\n<p>► Fanpage:&nbsp;<a href=\"https://www.youtube.com/redirect?redir_token=kEK1zeYshP7Hare_7A1KnyYVHgp8MTUyNjM1NjQ5NUAxNTI2MjcwMDk1&amp;q=https%3A%2F%2Fwww.facebook.com%2Fbepnhatv%2F&amp;v=Q5kdlMNBO-U&amp;event=video_description\">https://www.facebook.com/bepnhatv/</a>&nbsp;</p>\r\n\r\n<p>► Youtube:&nbsp;<a href=\"https://www.youtube.com/bepnhatv\">https://www.youtube.com/bepnhatv</a>&nbsp;</p>\r\n\r\n<p>---------------------&nbsp;</p>\r\n\r\n<p>&copy; Bản quyền thuộc về Bếp Nh&agrave; TV</p>\r\n\r\n<p>&copy; Copyright by Bep Nha TV ☞ Do not Reup</p>\r\n',0,6,7,1,1,'2018-04-16 15:28:52','2018-05-28 10:29:38',72,0,0,0,0,0,0,0),(12,'Hướng dẫn làm Súp bí đỏ thơm ngon đẹp da','Chef Hữu Đức','<p><span style=\"background-color:rgb(255, 255, 255); color:rgb(17, 17, 17); font-size:14px\">S&uacute;p b&iacute; đỏ c&oacute; vị b&ugrave;i b&ugrave;i, ngon ngọt của tr&aacute;i b&iacute; đỏ kết hợp với sự beo b&eacute;o của kem sữa tươi l&agrave; những cảm nhận bạn sẽ nghĩ đến ngay khi m&agrave; bạn đ&atilde; được thưởng thức m&oacute;n s&uacute;p tuyệt hảo n&agrave;y. S&uacute;p b&iacute; đỏ ăn k&egrave;m với b&aacute;nh m&igrave; l&agrave; m&oacute;n ăn được rất nhiều người ưa chuộng. B&iacute; đỏ lại cung cấp rất nhiều vitamin v&agrave; kho&aacute;ng chất cần thiết cơ thể. Bếp Nh&agrave; xin được giới thiệu với c&aacute;c bạn c&aacute;ch l&agrave;m m&oacute;n s&uacute;p b&iacute; đỏ tuyệt hảo v&agrave; đầy chất dinh dưỡng n&agrave;y nh&eacute;! </span></p>\r\n\r\n<p>&nbsp;</p>\r\n','2018/04/16/1523867440-Huong-dan-lam-Sup-bi-do-thom-ngon-dep-da-Vao-bep-cung-Bep-Nha.mp4','videos/2018/04/16/1523867491-youtube-thumnails.jpg',NULL,'03:25','15 - 20 phút thực hi','<p><span style=\"color:rgb(17, 17, 17); font-size:14px\">Nguy&ecirc;n liệu: </span></p>\r\n\r\n<p><span style=\"color:rgb(17, 17, 17); font-size:14px\">- B&iacute; đỏ: 1-1,5kg </span></p>\r\n\r\n<p><span style=\"color:rgb(17, 17, 17); font-size:14px\">- Cần t&acirc;y: 50g </span></p>\r\n\r\n<p><span style=\"color:rgb(17, 17, 17); font-size:14px\">- Ng&ograve; t&acirc;y: 10g </span></p>\r\n\r\n<p><span style=\"color:rgb(17, 17, 17); font-size:14px\">- H&agrave;nh baoro (tỏi t&acirc;y): 10g </span></p>\r\n\r\n<p><span style=\"color:rgb(17, 17, 17); font-size:14px\">- Thyme (cỏ xạ hương) với rosemary (l&aacute; hương thảo) tươi: 10g </span></p>\r\n\r\n<p><span style=\"color:rgb(17, 17, 17); font-size:14px\">- H&agrave;nh t&acirc;y: 200g </span></p>\r\n\r\n<p><span style=\"color:rgb(17, 17, 17); font-size:14px\">- Bơ lạc: 5g </span></p>\r\n\r\n<p><span style=\"color:rgb(17, 17, 17); font-size:14px\">- Wipping cream: 15-20ml (c&oacute; thể điều chỉnh th&ecirc;m/bớt tuỳ độ b&eacute;o muốn d&ugrave;ng) </span></p>\r\n\r\n<p><span style=\"color:rgb(17, 17, 17); font-size:14px\">- Sữa tươi: 80ml </span></p>\r\n\r\n<p><span style=\"color:rgb(17, 17, 17); font-size:14px\">- Bayleaf (l&aacute; nguyệt quế): 2 l&aacute; nhỏ </span></p>\r\n\r\n<p><span style=\"color:rgb(17, 17, 17); font-size:14px\">- Muối: n&ecirc;m nếm tuỳ theo độ ngọt của b&iacute;</span></p>\r\n\r\n<p><span style=\"color:rgb(17, 17, 17); font-size:14px\">- Hai tăm xi&ecirc;n</span></p>\r\n\r\n<p><span style=\"color:rgb(17, 17, 17); font-size:14px\">- Một ch&uacute;t nước d&ugrave;ng g&agrave; (hoặc nước lọc)</span></p>\r\n','','<p><span style=\"color:rgb(17, 17, 17); font-size:14px\">C&aacute;ch l&agrave;m: </span></p>\r\n\r\n<p><span style=\"color:rgb(17, 17, 17); font-size:14px\">- Sơ chế c&aacute;c nguy&ecirc;n liệu: cắt nhỏ h&agrave;nh t&acirc;y, cần t&acirc;y, boa r&ocirc;, ng&ograve; t&acirc;y, thyme v&agrave; rosemary. </span></p>\r\n\r\n<p><span style=\"color:rgb(17, 17, 17); font-size:14px\">- Cắt bỏ phần đầu quả b&iacute; (giữ lại l&agrave;m nắp đậy), bỏ hết phần ruột b&ecirc;n trong, tiếp đ&oacute; cho cần t&acirc;y, baoro, ng&ograve; t&acirc;y, thyme, rosemary v&agrave; 1 &iacute;t h&agrave;nh t&acirc;y cắt nhỏ v&agrave;o b&ecirc;n trong b&iacute; đỏ đậy nắp lại. D&ugrave;ng tăm xi&ecirc;n lại cho phần nắp kh&ocirc;ng bị rớt. </span></p>\r\n\r\n<p><span style=\"color:rgb(17, 17, 17); font-size:14px\">- Đem phần b&iacute; đỏ n&agrave;y đ&uacute;t l&ograve; nướng ở nhiệt độ 250 độ trong khoảng 15-20 ph&uacute;t (Thời gian nướng sẽ tuỳ thuộc v&agrave;o k&iacute;ch thước của b&iacute;). Nướng tới khi n&agrave;o c&oacute; m&ugrave;i thơm lan toả, c&aacute;c bạn c&oacute; thể lấy que xi&ecirc;n thử qua tr&aacute;i b&iacute; nếu thấy xi&ecirc;n dễ d&agrave;ng th&igrave; phần b&iacute; của ch&uacute;ng ta đ&atilde; được rồi. </span></p>\r\n\r\n<p><span style=\"color:rgb(17, 17, 17); font-size:14px\">- B&iacute; đỏ ch&iacute;n bỏ, chờ nguội sau đ&oacute; lấy hết nguy&ecirc;n liệu b&ecirc;n trong ra v&agrave; đem nạo lấy phần thịt của b&iacute; đỏ. </span></p>\r\n\r\n<p><span style=\"color:rgb(17, 17, 17); font-size:14px\">- Bắc chảo l&ecirc;n bếp, chảo n&oacute;ng cho bơ v&agrave;o, cho tiếp h&agrave;nh t&acirc;y v&agrave; h&agrave;nh boa r&ocirc; v&agrave;o x&agrave;o cho tới khi ch&iacute;n mềm. Tiếp đ&oacute; bỏ phần b&iacute; đỏ v&agrave;o đảo đều, th&ecirc;m nước d&ugrave;ng g&agrave; (hoặc nước lọc) v&agrave; k&egrave;m theo 2 l&aacute; bayleaf nhỏ. </span></p>\r\n\r\n<p><span style=\"color:rgb(17, 17, 17); font-size:14px\">- Th&ecirc;m phần sữa tươi đ&atilde; chuẩn bị v&agrave;o chảo. N&ecirc;m nếm ch&uacute;t muối tuỳ theo độ ngọt của b&iacute; v&agrave; khẩu vị của c&aacute;c bạn nh&eacute;. S&uacute;p s&ocirc;i đều th&igrave; bỏ 2 l&aacute; nguyệt quế ra. Sau đ&oacute; cho hỗn hợp v&agrave;o m&aacute;y xay, xay nhuyễn tới khi s&uacute;p c&oacute; độ s&aacute;nh (như clip). Cho lại phần s&uacute;p ra chảo, th&ecirc;m wipping cream v&agrave; quấy đều. Xong tắt bếp. </span></p>\r\n\r\n<p><span style=\"color:rgb(17, 17, 17); font-size:14px\">- Cho s&uacute;p ra dĩa đựng s&uacute;p v&agrave; trang tr&iacute; bằng wipping cream v&agrave; thưởng thức th&ocirc;i nh&eacute;! </span></p>\r\n\r\n<p>&nbsp;</p>\r\n','**','<p><span style=\"color:rgb(17, 17, 17); font-size:14px\">S&uacute;p B&iacute; Đỏ - Bếp Nh&agrave; TV Studio </span></p>\r\n\r\n<p><span style=\"color:rgb(17, 17, 17); font-size:14px\">Tổ chức sản xuất : Vick Le </span></p>\r\n\r\n<p><span style=\"color:rgb(17, 17, 17); font-size:14px\">Quay Phim : L&ecirc; Anh Nguy&ecirc;n - Vick Le </span></p>\r\n\r\n<p><span style=\"color:rgb(17, 17, 17); font-size:14px\">Dựng Phim : Vick Le </span></p>\r\n\r\n<p><span style=\"color:rgb(17, 17, 17); font-size:14px\">Design H&igrave;nh Ảnh : L&ecirc; Anh Nguy&ecirc;n </span></p>\r\n\r\n<p><span style=\"color:rgb(17, 17, 17); font-size:14px\">Đầu Bếp : Chef Hữu Đức </span></p>\r\n\r\n<p><span style=\"color:rgb(17, 17, 17); font-size:14px\">MỌI NGƯỜI NHỚ SUBSCRIBE K&Ecirc;NH ĐỂ XEM NGAY C&Aacute;C VIDEO MỚI NHẤT. </span></p>\r\n\r\n<p><span style=\"color:rgb(17, 17, 17); font-size:14px\">► SUBSCRIBE CHANNEL: </span><a class=\"yt-simple-endpoint style-scope yt-formatted-string\" href=\"https://www.youtube.com/bepnhatv\" style=\"display: inline-block; cursor: pointer; text-decoration-line: none; color: var(--yt-endpoint-visited-color, var(--yt-spec-icon-active-button-link)); font-family: Roboto, Arial, sans-serif; font-size: 14px; white-space: pre-wrap;\">https://www.youtube.com/bepnhatv</a><span style=\"color:rgb(17, 17, 17); font-size:14px\"> </span></p>\r\n\r\n<p><span style=\"color:rgb(17, 17, 17); font-size:14px\">Cả nh&agrave; theo d&otilde;i th&ocirc;ng tin của Bếp Nh&agrave; TV tại đ&acirc;y nh&eacute;: </span></p>\r\n\r\n<p><span style=\"color:rgb(17, 17, 17); font-size:14px\">► Fanpage: </span><a class=\"yt-simple-endpoint style-scope yt-formatted-string\" href=\"https://www.youtube.com/redirect?redir_token=kEK1zeYshP7Hare_7A1KnyYVHgp8MTUyNjM1NjQ5NUAxNTI2MjcwMDk1&amp;q=https%3A%2F%2Fwww.facebook.com%2Fbepnhatv%2F&amp;v=Q5kdlMNBO-U&amp;event=video_description\" style=\"display: inline-block; cursor: pointer; text-decoration-line: none; color: var(--yt-endpoint-visited-color, var(--yt-spec-icon-active-button-link)); font-family: Roboto, Arial, sans-serif; font-size: 14px; white-space: pre-wrap;\">https://www.facebook.com/bepnhatv/</a><span style=\"color:rgb(17, 17, 17); font-size:14px\"> </span></p>\r\n\r\n<p><span style=\"color:rgb(17, 17, 17); font-size:14px\">► Youtube: </span><a class=\"yt-simple-endpoint style-scope yt-formatted-string\" href=\"https://www.youtube.com/bepnhatv\" style=\"display: inline-block; cursor: pointer; text-decoration-line: none; color: var(--yt-endpoint-visited-color, var(--yt-spec-icon-active-button-link)); font-family: Roboto, Arial, sans-serif; font-size: 14px; white-space: pre-wrap;\">https://www.youtube.com/bepnhatv</a><span style=\"color:rgb(17, 17, 17); font-size:14px\"> </span></p>\r\n\r\n<p><span style=\"color:rgb(17, 17, 17); font-size:14px\">--------------------- </span></p>\r\n\r\n<p><span style=\"color:rgb(17, 17, 17); font-size:14px\">&copy; Bản quyền thuộc về Bếp Nh&agrave; TV</span></p>\r\n\r\n<p><span style=\"color:rgb(17, 17, 17); font-size:14px\">&copy; Copyright by Bep Nha TV ☞ Do not Reup</span></p>\r\n',1,5,4,1,1,'2018-04-16 15:31:57','2018-06-21 03:05:41',203,0,0,0,0,0,1,0),(13,'Mì Ý Sốt Pesto - Lạ miệng không kém phần thơm ngon','Chef Hữu Đức','<p><span style=\"color:rgb(17, 17, 17); font-size:14px\">M&igrave; &Yacute; m&oacute;n m&igrave; truyền thống, thơm ngon đến từ đất nước &Yacute;. Sự kết hợp tuyệt vời của m&igrave; &Yacute; v&agrave; sốt pesto lạ miệng sẽ khiến bạn ngất ng&acirc;y với hương vị mang đậm chất Ch&acirc;u &Acirc;u.&nbsp;Sốt pesto&nbsp;c&oacute; nguồn gốc từ Genova được l&agrave;m từ l&aacute; basic (l&aacute; quế t&acirc;y), tỏi v&agrave; hạt th&ocirc;ng mang theo hương vị đặc trưng của loại l&aacute; n&agrave;y. Bếp Nh&agrave; xin giới thiệu với c&aacute;c bạn c&aacute;ch l&agrave;m m&igrave; &Yacute; sốt Pesto hấp dẫn n&agrave;y nh&eacute;!</span></p>\r\n','2018/04/16/1523867661-Mi-Y-Sot-Pesto-La-mieng-khong-kem-phan-thom-ngon-Vao-bep-cung-Bep-Nha.mp4','videos/2018/04/16/1523867590-basil-spaghetti-tuhmbnails.jpg',NULL,'02:28','20 phút','<p><span style=\"background-color:rgb(255, 255, 255); color:rgb(17, 17, 17); font-size:14px\">Nguy&ecirc;n Liệu:<br />\r\n<br />\r\n300 gr m&igrave; pasta<br />\r\n50 gr l&aacute; basil<br />\r\n100 gr phomai Pamesan<br />\r\n6 con t&ocirc;m to<br />\r\n150 ml dầu oliu<br />\r\n50 gr hạt th&ocirc;ng hoặc hạt &oacute;c ch&oacute;<br />\r\nMột ch&uacute;t rượu vang trắng<br />\r\nMuối v&agrave; ti&ecirc;u<br />\r\n3 t&eacute;p tỏi</span></p>\r\n','','<p><span style=\"background-color:rgb(255, 255, 255); color:rgb(17, 17, 17); font-size:14px\">C&aacute;ch l&agrave;m: </span></p>\r\n\r\n<p><span style=\"background-color:rgb(255, 255, 255); color:rgb(17, 17, 17); font-size:14px\">Bước 1: Cho v&agrave;o nước luộc m&igrave; ch&uacute;t dầu olive v&agrave; một ch&uacute;t muối. Luộc m&igrave; trong v&ograve;ng 7 ph&uacute;t, từ l&uacute;c nước s&ocirc;i. </span></p>\r\n\r\n<p><span style=\"background-color:rgb(255, 255, 255); color:rgb(17, 17, 17); font-size:14px\">Bước 2: L&agrave;m sốt: Rang hạt &oacute;c ch&oacute; tới l&uacute;c dậy m&ugrave;i thơm l&ecirc;n. Sau đ&oacute; d&ugrave;ng cối gi&atilde; sơ hạt &oacute;c ch&oacute;. Tiếp tục cho hết hạt &oacute;c ch&oacute; v&ocirc; cối xay c&ugrave;ng với dầu olive, l&aacute; basil (l&aacute; quế t&acirc;y) , ph&ocirc; mai parmesan bột, tỏi, ch&uacute;t muối v&agrave; ti&ecirc;u sau cũng l&agrave; th&ecirc;m 1 &iacute;t nước v&agrave;o v&agrave; xay nhuyễn. </span></p>\r\n\r\n<p><span style=\"background-color:rgb(255, 255, 255); color:rgb(17, 17, 17); font-size:14px\">Bước 3: Ướp t&ocirc;m: với ch&uacute;t muối, ti&ecirc;u v&agrave; dầu olive khoảng 10-15 ph&uacute;t. </span></p>\r\n\r\n<p><span style=\"background-color:rgb(255, 255, 255); color:rgb(17, 17, 17); font-size:14px\">Bước 4: Bắc chảo l&ecirc;n bếp, chảo n&oacute;ng cho dầu olive v&agrave; phi thơm ch&uacute;t h&agrave;nh t&iacute;m, cho phần m&igrave; sau khi r&aacute;o nước v&agrave;o x&agrave;o sơ. Th&ecirc;m ch&uacute;t rượu vang trắng để l&agrave;m dậy th&ecirc;m m&ugrave;i thơm cho m&igrave; nh&eacute;. Sau đ&oacute; tr&igrave;nh b&agrave;y m&igrave; ra dĩa v&agrave; chế phần sốt Pesto l&ecirc;n. </span></p>\r\n\r\n<p><span style=\"background-color:rgb(255, 255, 255); color:rgb(17, 17, 17); font-size:14px\">***C&oacute; hai c&aacute;ch tr&igrave;nh b&agrave;y: C&oacute; thể chế sốt l&ecirc;n m&igrave; sau khi đ&atilde; ra dĩa. Hoặc chế sốt v&ocirc; chung với m&igrave; trong chảo v&agrave; trộn đều. </span></p>\r\n\r\n<p><span style=\"background-color:rgb(255, 255, 255); color:rgb(17, 17, 17); font-size:14px\">*** Lưu &yacute;: Phần sốt sẽ đặc n&ecirc;n c&aacute;c bạn nhớ th&ecirc;m nước cho phần sốt lo&atilde;ng ra để dễ chế biến v&agrave; sốt sẽ &aacute;o đều sợi m&igrave;. </span></p>\r\n\r\n<p>&nbsp;</p>\r\n','***','<p><span style=\"color:rgb(17, 17, 17); font-size:14px\">Mỳ &Yacute; Sốt Pesto - Bếp Nh&agrave; TV Studio</span></p>\r\n\r\n<p>Tổ chức sản xuất : Vick Le&nbsp;</p>\r\n\r\n<p>Quay Phim : L&ecirc; Anh Nguy&ecirc;n - Vick Le&nbsp;</p>\r\n\r\n<p>Dựng Phim : Vick Le&nbsp;</p>\r\n\r\n<p>Design H&igrave;nh Ảnh : L&ecirc; Anh Nguy&ecirc;n&nbsp;</p>\r\n\r\n<p>Đầu Bếp : Chef Hữu Đức&nbsp;</p>\r\n\r\n<p>MỌI NGƯỜI NHỚ SUBSCRIBE K&Ecirc;NH ĐỂ XEM NGAY C&Aacute;C VIDEO MỚI NHẤT.&nbsp;</p>\r\n\r\n<p>► SUBSCRIBE CHANNEL:&nbsp;<a href=\"https://www.youtube.com/bepnhatv\">https://www.youtube.com/bepnhatv</a>&nbsp;</p>\r\n\r\n<p>Cả nh&agrave; theo d&otilde;i th&ocirc;ng tin của Bếp Nh&agrave; TV tại đ&acirc;y nh&eacute;:&nbsp;</p>\r\n\r\n<p>► Fanpage:&nbsp;<a href=\"https://www.youtube.com/redirect?redir_token=kEK1zeYshP7Hare_7A1KnyYVHgp8MTUyNjM1NjQ5NUAxNTI2MjcwMDk1&amp;q=https%3A%2F%2Fwww.facebook.com%2Fbepnhatv%2F&amp;v=Q5kdlMNBO-U&amp;event=video_description\">https://www.facebook.com/bepnhatv/</a>&nbsp;</p>\r\n\r\n<p>► Youtube:&nbsp;<a href=\"https://www.youtube.com/bepnhatv\">https://www.youtube.com/bepnhatv</a>&nbsp;</p>\r\n\r\n<p>---------------------&nbsp;</p>\r\n\r\n<p>&copy; Bản quyền thuộc về Bếp Nh&agrave; TV</p>\r\n\r\n<p>&copy; Copyright by Bep Nha TV ☞ Do not Reup</p>\r\n',2,5,1,1,1,'2018-04-16 15:34:29','2018-06-20 03:54:10',331,0,0,0,0,0,1,0),(14,'Lẩu gà nấu nấm siêu ngon, siêu bổ','Chef Phước Lành','<p><span style=\"color:rgb(17, 17, 17); font-size:14px\">Lẩu g&agrave; nấu nấm c&oacute; vị thơm ngọt, đậm đ&agrave; của thịt g&agrave; v&agrave; c&aacute;c loại nấm l&agrave; m&oacute;n ăn được nhiều người y&ecirc;u th&iacute;ch, rất th&iacute;ch hợp với những buổi sum họp gia đ&igrave;nh hay bạn b&egrave;. Nếu bạn l&agrave; Fan cuồng của nấm th&igrave; chắc hẳn bạn sẽ kh&ocirc;ng thể bỏ qua m&oacute;n lẩu hấp dẫn n&agrave;y. Bếp Nh&agrave; xin được giới thiệu với c&aacute;c bạn c&aacute;ch chế biến m&oacute;n lẩu nấu nấm đơn giản m&agrave; kh&ocirc;ng k&eacute;m phần thơm ngon nh&eacute;! </span></p>\r\n','2018/05/14/1526285157-Cach-lam-lau-ga-nau-nam-sieu-ngon,-sieu-bo-Vao-bep-cung-Bep-Nha.mp4','videos/2018/05/14/1526285669-lau-ga-nam.jpg',NULL,'03:29','','<p>Nguy&ecirc;n liệu:<br />\r\n1. Nước lẩu:<br />\r\n- Xương ức g&agrave;: 200gr<br />\r\n- Xương ống heo: 200gr<br />\r\n- C&agrave; rốt: 1 củ<br />\r\n- Củ cải trắng: 1 củ<br />\r\n- Ng&ograve; r&iacute;: 50gr (lấy cả rễ)20&nbsp;<br />\r\n- Nước lạnh: 3 l&iacute;t<br />\r\n- H&agrave;nh t&iacute;m: 3 củ<br />\r\n- H&agrave;nh boa r&ocirc;: 1 c&acirc;y<br />\r\n- G&agrave; ta: &frac12; con<br />\r\n- Kỷ tử: 20gr<br />\r\n- T&aacute;o đỏ 20gr<br />\r\n- Đẳng s&acirc;m 20gr<br />\r\n- Bắp mỹ 1 tr&aacute;i<br />\r\n- Gia vị n&ecirc;m: Bột ngọt: 3 th&igrave;a caf&eacute;, hạt n&ecirc;m: 2 th&igrave;a caf&eacute;, muối: 2 th&igrave;a caf&eacute;, đường ph&egrave;n: 30gr</p>\r\n\r\n<p>2. Nguy&ecirc;n liệu ăn k&egrave;m:&nbsp;<br />\r\n- Rau tần &ocirc;:&nbsp; 1 b&oacute;<br />\r\n- Nấm đ&ocirc;ng c&ocirc; tươi: 200gr&nbsp;<br />\r\n- Nấm kim ch&acirc;m: 200gr&nbsp;<br />\r\n- Nấm linh chi trắng, linh chi n&acirc;u: 200gr<br />\r\n- Nấm đ&ugrave;i g&agrave; 100gr<br />\r\n- M&igrave; trứng 300gr<br />\r\n- Ớt sừng, h&agrave;nh l&aacute;, nước tương.</p>\r\n','','<p>C&aacute;ch l&agrave;m</p>\r\n\r\n<p>- Cho xương g&agrave;, xương hẹo v&agrave; thị g&agrave; trần sơ qua nước s&ocirc;i, với c&aacute;ch l&agrave;m n&agrave;y sẽ gi&uacute;p phần xương sẽ sạch hơn v&agrave; nước lấu v&agrave; thịt g&agrave; của ch&uacute;ng ta ngon hơn. Sau đ&oacute; rửa lại với nước sạch v&agrave; để r&aacute;o nước.<br />\r\n- Củ cải trắng, c&agrave; rốt rửa sạch gọt vỏ v&agrave; cắt kh&uacute;c vừa ăn. Ng&ograve; r&iacute; rửa sạch cắt lấy phần rễ.<br />\r\n- Cho nồi nước l&ecirc;n bếp, cho tiếp củ cải trắng, c&agrave; rốt, ng&ograve; r&iacute; c&ugrave;ng với phần xương heo v&agrave;o nồi nấu sau đ&oacute; nấu s&ocirc;i tr&ecirc;n lửa lớn, đến khi nước d&ugrave;ng s&ocirc;i c&aacute;c bạn giảm nhỏ lửa cho s&ocirc;i từ từ, ch&uacute; &yacute; vớt bọt thường xuy&ecirc;n để nước d&ugrave;ng được trong hơn nh&eacute;. Nấu s&ocirc;i trong khoảng thời gian từ 15-20 ph&uacute;t.<br />\r\n- Tiếp đến, c&aacute;c bạn vớt phần củ quả v&agrave; xương để b&aacute;t ri&ecirc;ng.<br />\r\n- Cho 2 mc dầu v&agrave;o chảo n&oacute;ng, phi thơm h&agrave;nh boa r&ocirc;, h&agrave;nh t&iacute;m.&nbsp;<br />\r\n- Sau đ&oacute; cho tiếp dầu h&agrave;nh n&agrave;y v&agrave;o nước d&ugrave;ng, đồng thời c&aacute;c bạn cho tiếp phần thịt g&agrave;, t&aacute;o đỏ, kỷ tử, đẳng s&acirc;m v&agrave; bắp Mỹ v&agrave;o nấu s&ocirc;i.<br />\r\n&nbsp;- Đợi nước d&ugrave;ng s&ocirc;i lại giảm bớt lửa, lưu &yacute; vớt bọt. V&agrave; n&ecirc;m v&agrave;o nước d&ugrave;ng đường phen, muối, hạt n&ecirc;m v&agrave; bột ngọt.&nbsp;<br />\r\n- Nấu lửa nhỏ khoảng 5 ph&uacute;t, sau c&ugrave;ng cho tất cả c&aacute;c loại nấm v&agrave;o nấu s&ocirc;i khoảng một ph&uacute;t tắt bếp.<br />\r\n- Luộc m&igrave;: cho 1 muỗng canh dầu v&agrave;o nước s&ocirc;i, cho m&igrave;nh trứng v&agrave;o trụng khoảng 5 ph&uacute;t, vớt ra l&agrave; được.&nbsp;</p>\r\n','','<p>Lẩu G&agrave; Nấu Nấm&nbsp; - Bếp Nh&agrave; TV Studio</p>\r\n\r\n<p>Tổ chức sản xuất : Vick Le<br />\r\nTrợ l&yacute; sản xuất : Wawa Hy<br />\r\nQuay Phim : L&ecirc; Anh Nguy&ecirc;n - Vick Le<br />\r\nDựng Phim : Vick Le<br />\r\nDesign H&igrave;nh Ảnh : L&ecirc; Anh Nguy&ecirc;n<br />\r\nĐầu Bếp : Chef Phước L&agrave;nh</p>\r\n\r\n<p>MỌI NGƯỜI NHỚ SUBSCRIBE K&Ecirc;NH ĐỂ XEM NGAY C&Aacute;C VIDEO MỚI NHẤT.<br />\r\n► SUBSCRIBE CHANNEL: https://www.youtube.com/bepnhatv</p>\r\n\r\n<p>Cả nh&agrave; theo d&otilde;i th&ocirc;ng tin của Bếp Nh&agrave; TV tại đ&acirc;y nh&eacute;:</p>\r\n\r\n<p>► Fanpage:&nbsp; https://www.facebook.com/bepnhatv/<br />\r\n► Youtube: https://www.youtube.com/bepnhatv<br />\r\n---------------------<br />\r\n&copy; Bản quyền thuộc về Bếp Nh&agrave; TV<br />\r\n&copy; Copyright by Bep Nha TV ☞ Do not Reup</p>\r\n',0,6,9,1,1,'2018-05-14 15:14:47','2018-06-21 03:06:03',391,0,0,0,0,0,1,0),(15,'Cá hồi áp chảo sốt kem','Chef Hữu Đức','<p>Với nguy&ecirc;n liệu ch&iacute;nh l&agrave; c&aacute; hồi thơm ngon gi&agrave;u dinh dưỡng, m&oacute;n c&aacute; hồi sốt kem l&agrave; một m&oacute;n ăn c&oacute; hương vị đặc biệt m&agrave; bạn kh&ocirc;ng thể bỏ qua. Hấp dẫn ngay từ h&igrave;nh thức cho đến hương vị, m&oacute;n c&aacute; hồi sốt kem đặc biệt th&iacute;ch hợp cho một bữa tiệc gia đ&igrave;nh kiểu &Acirc;u. Với c&aacute;ch chế biến kh&ocirc;ng qu&aacute; cầu k&igrave;, bạn c&oacute; thể thực hiện m&oacute;n ăn n&agrave;y với những gia vị phổ biến nhưng vẫn đảm bảo được hương vị hấp dẫn của m&oacute;n ăn. Xin mời c&ugrave;ng Bếp Nh&agrave; kh&aacute;m ph&aacute; m&oacute;n ăn n&agrave;y nh&eacute;.</p>\r\n\r\n<p>&nbsp;</p>\r\n','2018/05/14/1526286145-Ca-hoi-ap-chao-sot-kem.mp4','videos/2018/05/14/1526286153-ca-hoi-ap-chao-sot-kem.jpg',NULL,'04:14','','<p>Nguy&ecirc;n li&ecirc;u:</p>\r\n\r\n<p>C&aacute; hồi 180-200g.<br />\r\nMuối 2g<br />\r\nTi&ecirc;u trắng xay 2g<br />\r\nDầu olive 10ml<br />\r\nTh&igrave; l&agrave;, thyme, rosemary cắt nhỏ: 2g</p>\r\n\r\n<p><br />\r\nPhần nước sốt: Bơ 20g; H&agrave;nh t&acirc;y 50g; Cần t&acirc;y 25g; H&agrave;nh boa r&ocirc; 25g; Vang trắng 100ml; Nước d&ugrave;ng c&aacute; hoặc g&agrave; 200ml ;Th&igrave; l&agrave; 10g; Muối 2g; Wipping cream 100ml; Nước cốt chanh 5ml</p>\r\n\r\n<p><br />\r\nRau ăn k&egrave;m : Khoai t&acirc;y 150g; B&iacute; ng&ograve;i 50g; C&agrave; rốt 50g; Măng t&acirc;y 100g; Bắp non 50g; C&agrave; bi 3; tr&aacute;i nhỏ Bắp Mỹ 50g.</p>\r\n','','<p>C&aacute;ch l&agrave;m:</p>\r\n\r\n<p>- C&aacute; ướp với muối ti&ecirc;u dầu olive v&agrave; c&aacute;c loại l&aacute; thơm băm nhỏ. Để trong v&ograve;ng 10&rsquo; cho thấm gia vị</p>\r\n\r\n<p>- Rau củ chần sơ sau đ&oacute; ng&acirc;m nước đ&aacute;, vớt r&aacute;o nước.</p>\r\n\r\n<p>- Khoai t&acirc;y luộc ch&iacute;n. Ướp với ch&uacute;t muối, ti&ecirc;u, dầu olive v&agrave; k&egrave;m l&aacute; rosemary đem phầ khoai t&acirc;y n&agrave;y đi đ&uacute;t l&ograve; ở nhiệt độ 200 độ C trong 5-10 ph&uacute;t.</p>\r\n\r\n<p>* Phần nước sốt:</p>\r\n\r\n<p>- cho bơ sau đ&oacute; cho h&agrave;nh t&acirc;y, cần t&acirc;y, h&agrave;nh boa r&ocirc;, th&igrave; l&agrave; x&agrave;o tới khi ch&iacute;n mềm v&agrave; dậy m&ugrave;i thơm th&igrave; cho tiếp rượu vang trắng v&agrave; nước d&ugrave;ng v&agrave;o nấu c&ugrave;ng.</p>\r\n\r\n<p>- Nấu s&ocirc;i tới khi sốt r&uacute;t lại c&ograve;n 1/3 th&igrave; lược qua r&acirc;y lấy nước sốt. N&ecirc;m muối v&agrave; wipping cream, tiếp đ&oacute; cho th&ecirc;m một &iacute;t th&igrave; l&agrave; cắt nhỏ v&agrave; nước cốt chanh. Quậy đều tới l&uacute;c sốt đạt được độ s&aacute;nh vừa phải th&igrave; tắt bếp.</p>\r\n\r\n<p>- &Aacute;p chảo c&aacute;: c&aacute; đem &aacute;p chảo cho v&agrave;ng đều c&aacute;c mặt. Cho th&ecirc;m 1 ch&uacute;t rượu vang trắng l&ecirc;n c&aacute;. Điều n&agrave;y sẽ gi&uacute;p bạn khử được m&ugrave;i tanh của c&aacute;. Tiếp đế, cho phần đ&uacute;t l&ograve; c&aacute; ở nhiệt độ 200-250 độ C trong 10-15&rsquo;. Thời lượng đ&uacute;t l&ograve; c&aacute; sẽ tuỳ thuộc v&agrave;o k&iacute;ch thước của miếng c&aacute;</p>\r\n\r\n<p>- Cho chảo l&ecirc;n bếp, chảo n&oacute;ng cho bơ, tỏi v&agrave;o phi thơm. Cho tiếp phần rau củ đ&atilde; chần sơ ban n&atilde;y v&agrave;o v&agrave; th&ecirc;m ch&uacute;t muối, ti&ecirc;u đảo đều cho rau củ ngấm gia vị.</p>\r\n\r\n<p>- Cho rau củ v&agrave; c&aacute; ra đĩa trang tr&iacute; bằng nước sốt kem v&agrave; c&aacute;c bạn đ&atilde; c&oacute; thể thưởng thức c&aacute; hồi &aacute;p chảo sốt k&egrave;m n&agrave;y rồi nh&eacute;!</p>\r\n\r\n<p>Ch&uacute;c c&aacute;c bạn th&agrave;nh c&ocirc;ng v&agrave; ngon miệng !</p>\r\n','','<p>C&aacute; Hồi &Aacute;p Chảo Sốt Kem&nbsp; - Bếp Nh&agrave; TV Studio</p>\r\n\r\n<p>Tổ chức sản xuất : Vick Le<br />\r\nTrợ L&yacute; Sản Xuất: Wawa Hy<br />\r\nQuay Phim : L&ecirc; Anh Nguy&ecirc;n - Vick Le<br />\r\nDựng Phim : Vick Le<br />\r\nDesign H&igrave;nh Ảnh : L&ecirc; Anh Nguy&ecirc;n<br />\r\nĐầu Bếp : Chef Hữu Đức</p>\r\n\r\n<p>MỌI NGƯỜI NHỚ SUBSCRIBE K&Ecirc;NH ĐỂ XEM NGAY C&Aacute;C VIDEO MỚI NHẤT.<br />\r\n► SUBSCRIBE CHANNEL: https://www.youtube.com/bepnhatv</p>\r\n\r\n<p>Cả nh&agrave; theo d&otilde;i th&ocirc;ng tin của Bếp Nh&agrave; TV tại đ&acirc;y nh&eacute;:</p>\r\n\r\n<p>► Fanpage:&nbsp; https://www.facebook.com/bepnhatv/<br />\r\n► Youtube: https://www.youtube.com/bepnhatv<br />\r\n---------------------<br />\r\n&copy; Bản quyền thuộc về Bếp Nh&agrave; TV<br />\r\n&copy; Copyright by Bep Nha TV ☞ Do not Reup</p>\r\n',0,5,10,1,1,'2018-05-14 15:22:47','2018-06-21 03:07:05',137,0,0,0,0,0,0,0),(16,'Mực nhồi thịt chiên xù','Chef Phước Lành','<p><span style=\"color:rgb(17, 17, 17); font-size:14px\">MỰC NHỒI THỊT CHI&Ecirc;N X&Ugrave; nghe l&agrave; đ&atilde; thấy th&egrave;m, m&oacute;n ăn hấp dẫn bổ dưỡng m&agrave; chắc chắn c&aacute;c b&eacute; v&agrave; mọi th&agrave;nh vi&ecirc;n trong gia đ&igrave;nh bạn sẽ m&ecirc; mệt m&oacute;n n&agrave;y cho xem. L&agrave;m thấy n&agrave;o đ&atilde; chế biến được m&oacute;n mực nhồi thịt chi&ecirc;n x&ugrave; một c&aacute;ch thơm ngon, chuẩn vị như nh&agrave; h&agrave;ng. Bepnha.TV xin được giới thiệu với c&aacute;c bạn c&aacute;ch l&agrave;m mực nhồi thịt chi&ecirc;n x&ugrave; chầm mắm me thơm ngon n&agrave;y nh&eacute;!</span></p>\r\n','2018/05/14/1526286205-Muc-nhoi-thit-chien-xu-Vao-bep-cung-Bep-Nha.mp4','videos/2018/05/14/1526286264-muc-nhoi-thit.jpg',NULL,'03:54','','<p>Nguy&ecirc;n liệu:<br />\r\n- Mực sữa: 0,5kg<br />\r\n- Thịt nạt xay: 100gr<br />\r\n- Gi&ograve; sống: 100gr<br />\r\n- Nấm m&egrave;o 20gr<br />\r\n- H&agrave;nh l&aacute;, ng&ograve; r&iacute;<br />\r\n- Ti&ecirc;u, muối, hạt n&ecirc;m, đường<br />\r\n- Bột chi&ecirc;n gi&ograve;n, bột chi&ecirc;n x&ugrave;<br />\r\n- Trứng g&agrave; 2 quả<br />\r\n- Rau ăn k&egrave;m: t&iacute;a t&ocirc;, diếp c&aacute;, dưa leo, ớt<br />\r\n- Xốt me: me vắt 200gr, h&agrave;nh t&acirc;y 100gr, sả c&acirc;y 40gr, gừng 30gr, h&agrave;nh t&iacute;m 30gr, ớt sừng đỏ 2 tr&aacute;i, nước lạnh 500ml, đường 200gr, nước mắm 60ml, muối sấy &frac12;tsp</p>\r\n','','<p>C&aacute;ch l&agrave;m:<br />\r\n- Mực l&agrave;m sạch để r&aacute;o nước.<br />\r\n- Sơ chế: h&agrave;nh t&acirc;y, h&agrave;nh t&iacute;m, gừng, h&agrave;nh l&aacute;, ng&ograve; r&iacute;, nấm m&egrave;o, sả, ớt cắt nhuyễn.&nbsp;<br />\r\n- Tiếp đến cho v&agrave;o t&ocirc; lớn gi&ograve; sống, thịt xay trộn đều với h&agrave;nh l&aacute;, ng&ograve; r&iacute;, nấm m&egrave;o. Th&ecirc;m gia vị &frac12; mcf muối, 1 mcf đường, 1 mcf hạt n&ecirc;m trộn đều hỗn hợp.<br />\r\n- Sau khi trộn xong tiến h&agrave;nh nhồi nh&acirc;n thịt v&agrave;o bụng mực sữa, d&ugrave;ng t&acirc;m ghim cố định lại.<br />\r\n- Mực sau khi được nhồi nh&acirc;n lần lượt lăn qua bột chi&ecirc;n gi&ograve;n, trứng g&agrave; v&agrave; bột chi&ecirc;n x&ugrave;.<br />\r\n- Cho dầu v&agrave;o chảo đến khi dầu s&ocirc;i khoảng 130oC (c&aacute;ch thử dầu, cho 1 miếng bột x&ugrave; v&agrave;o dầu, nếu bột x&ugrave; ch&igrave;m xuống đ&aacute;y v&agrave; nổi l&ecirc;n ngay lập tức l&agrave; được), cho mực v&agrave;o chi&ecirc;n với lửa vừa, đến khi mực ch&iacute;n th&igrave; cho lửa lớn v&agrave; vớt mực ra để r&aacute;o dầu.<br />\r\n- L&agrave;m nước chấm mắm me:<br />\r\n- Cho phần h&agrave;nh t&iacute;m, h&agrave;nh t&acirc;y, sả c&acirc;y, gừng đ&atilde; cắt nhỏ v&agrave;o chảo dầu phi thơm sau đ&oacute; cho tiếp 250 ml nước v&agrave; me vắt v&agrave;o nấu, đến khi s&ocirc;i khoảng 10 ph&uacute;t lược lấy nước me.<br />\r\n- Tiếp đến cho th&ecirc;m 250ml nước c&ograve;n lại v&agrave;o phần x&aacute;c me ban n&atilde;y v&agrave; lược lấy nước me lần 2.<br />\r\n- Cho nước me l&ecirc;n bếp nấu s&ocirc;i, cho th&ecirc;m nước 2 mc mắm, 2 mc đường, n&ecirc;m lại cho vừa ăn. Nấu s&ocirc;i phần nước sốt tr&ecirc;n lửa nhỏ đến khi sốt sệt lại l&agrave; được. C&aacute;c bạn c&oacute; thể cho th&ecirc;m ớt nếu bạn th&iacute;ch ăn cay nh&eacute;.</p>\r\n\r\n<p>&nbsp;</p>\r\n','','<p>Mực nhồi thịt chi&ecirc;n x&ugrave;&nbsp; - Bếp Nh&agrave; TV Studio</p>\r\n\r\n<p>Tổ chức sản xuất : Vick Le<br />\r\nTrợ l&yacute; sản xuất : Wawa Hy<br />\r\nQuay Phim : L&ecirc; Anh Nguy&ecirc;n - Vick Le<br />\r\nDựng Phim : Vick Le<br />\r\nDesign H&igrave;nh Ảnh : L&ecirc; Anh Nguy&ecirc;n<br />\r\nĐầu Bếp : Chef Phước L&agrave;nh</p>\r\n\r\n<p>MỌI NGƯỜI NHỚ SUBSCRIBE K&Ecirc;NH ĐỂ XEM NGAY C&Aacute;C VIDEO MỚI NHẤT.<br />\r\n► SUBSCRIBE CHANNEL: https://www.youtube.com/bepnhatv</p>\r\n\r\n<p>Cả nh&agrave; theo d&otilde;i th&ocirc;ng tin của Bếp Nh&agrave; TV tại đ&acirc;y nh&eacute;:</p>\r\n\r\n<p>► Fanpage:&nbsp; https://www.facebook.com/bepnhatv/<br />\r\n► Youtube: https://www.youtube.com/bepnhatv<br />\r\n---------------------<br />\r\n&copy; Bản quyền thuộc về Bếp Nh&agrave; TV<br />\r\n&copy; Copyright by Bep Nha TV ☞ Do not Reup</p>\r\n',0,6,10,1,1,'2018-05-14 15:24:43','2018-06-21 03:07:15',269,0,0,0,0,0,1,0),(17,'Lê hầm rượu vang','Chef Hữu Đức','<p>Nếu bạn đ&atilde; ph&aacute;t ngấy với những m&oacute;n tr&aacute;ng miệng b&igrave;nh thường th&igrave; tại sao kh&ocirc;ng thử m&oacute;n L&ecirc; hầm rượu vang nhỉ? Một m&oacute;n ăn độc đ&aacute;o, nồng n&agrave;n hương rượu vang, độ ngọt thanh của tr&aacute;i l&ecirc; v&agrave; m&agrave;i đỏ thật bắt mắt. Hẳn l&agrave; bạn sẽ kh&ocirc;ng ngần ngại thử ngay m&oacute;n ăn đến từ nước Ph&aacute;p l&atilde;ng mạn n&agrave;y. H&atilde;y c&ugrave;ng Bếp Nh&agrave; học c&aacute;ch chế biến m&oacute;n tr&aacute;ng miệng L&ecirc; Hầm Rượu Vang n&agrave;y nha!</p>\r\n','2018/05/14/1526287841-Le-ham-ruou-vang.mp4','videos/2018/05/14/1526287849-le-ham-ruou-vang.jpg',NULL,'02:51','','<p>Nguy&ecirc;n liệu:<br />\r\n- L&ecirc; Mỹ hoặc l&ecirc; Nam phi: 3 tr&aacute;i&nbsp;<br />\r\n- Rượu vang đỏ: 600ml<br />\r\n- Hoa hồi: 5g&nbsp;<br />\r\n- Quế chi: 10g&nbsp;<br />\r\n- Đường c&aacute;t: 40g<br />\r\n- Cam v&agrave;ng cắt l&aacute;t mỏng: 50g<br />\r\n- Ăn k&egrave;m : kem Vani<br />\r\n- Trang tr&iacute; decor: d&acirc;u t&acirc;y, sơ ri,..</p>\r\n','','<p>C&aacute;ch l&agrave;m:<br />\r\n- Sơ chế: l&ecirc; gọt vỏ, bỏ phần l&otilde;i v&agrave; cắt l&agrave;m đ&ocirc;i. Cam cắt khoanh tr&ograve;n.<br />\r\n- Sau đ&oacute;, xếp l&ecirc; v&agrave;o nồi, cho tiếp rượu vang đỏ, đường, quế, hoa hồi v&agrave; cam v&agrave;o nấu s&ocirc;i. C&aacute;c bạn n&ecirc;n chọn nồi nhỏ để rượu ngập được l&ecirc; như vậy sẽ gi&uacute;p cho l&ecirc; được ngấm đều vị v&agrave; thơm ngon hơn.<br />\r\n- Nấu s&ocirc;i khoảng 5 &ndash; 7 ph&uacute;t, vớt bỏ quế ,hoa hồi. Nấu s&ocirc;i th&ecirc;m khoảng 5 ph&uacute;t c&aacute;c bạn vớt bỏ cam.Tiếp đ&oacute; hầm th&ecirc;m 10 ph&uacute;t th&igrave; vớt l&ecirc; ra b&aacute;t ri&ecirc;ng. Tuỳ v&agrave;o độ mềm hay cứng của l&ecirc; m&agrave; thời gian hầm l&ecirc; sẽ tăng hoặc giảm nh&eacute;.<br />\r\n&nbsp;- Phần nước sốt c&ograve;n lại trong nồi, c&aacute;c bạn tiếp tục nấu s&ocirc;i tr&ecirc;n lửa nhỏ tới l&uacute;c sốt c&ocirc; đặc lại tới độ s&aacute;nh theo y&ecirc;u cầu (Nước sốt dẻo v&agrave; quyện lại như mật l&agrave; được nh&eacute;).<br />\r\n- Cắt l&ecirc;, d&acirc;u t&acirc;y, cam v&agrave; decor ra dĩa. Rưới phần sốt l&ecirc;n v&agrave; thưởng thức.<br />\r\n*Lưu &yacute;: lửa kh&ocirc;ng được qu&aacute; lớn nếu kh&ocirc;ng l&ecirc; v&agrave; nước sốt sẽ bị ch&aacute;y kh&eacute;t</p>\r\n','','<p>L&ecirc; Hầm Rượu Vang&nbsp; - Bếp Nh&agrave; TV Studio</p>\r\n\r\n<p>Tổ chức sản xuất : Vick Le<br />\r\nTrợ L&yacute; Sản Xuất: Wawa Hy<br />\r\nQuay Phim : L&ecirc; Anh Nguy&ecirc;n - Vick Le<br />\r\nDựng Phim : L&ecirc; Anh Nguy&ecirc;n<br />\r\nDesign H&igrave;nh Ảnh : L&ecirc; Anh Nguy&ecirc;n<br />\r\nĐầu Bếp : Chef Hữu Đức</p>\r\n\r\n<p>MỌI NGƯỜI NHỚ SUBSCRIBE K&Ecirc;NH ĐỂ XEM NGAY C&Aacute;C VIDEO MỚI NHẤT.<br />\r\n► SUBSCRIBE CHANNEL: https://www.youtube.com/bepnhatv</p>\r\n\r\n<p>Cả nh&agrave; theo d&otilde;i th&ocirc;ng tin của Bếp Nh&agrave; TV tại đ&acirc;y nh&eacute;:</p>\r\n\r\n<p>► Fanpage:&nbsp; https://www.facebook.com/bepnhatv/<br />\r\n► Youtube: https://www.youtube.com/bepnhatv<br />\r\n---------------------<br />\r\n&copy; Bản quyền thuộc về Bếp Nh&agrave; TV<br />\r\n&copy; Copyright by Bep Nha TV ☞ Do not Reup</p>\r\n',0,5,14,1,1,'2018-05-14 15:51:18','2018-06-21 03:07:56',235,0,0,0,0,0,0,0),(18,'Salad trái cây với sò điệp','Chef Hữu Đức','<p>Tr&aacute;i c&acirc;y tươi m&aacute;t, xốt mayonnaise mềm mịn, s&ograve; điệp &aacute;p chảo thơm lừng c&ugrave;ng rượu vang &ndash; tất cả hợp th&agrave;nh một bản h&ograve;a ca du dương, nhịp nh&agrave;ng .<br />\r\nĐ&oacute; l&agrave; một m&oacute;n ăn dễ l&agrave;m, thực hiện rất nhanh. B&iacute; quyết quan trọng nhất: chọn s&ograve; điệp tươi v&agrave; tr&aacute;i c&acirc;y tươi. Bếp Nh&agrave; TV xin hướng dẫn c&aacute;c bạn c&aacute;ch l&agrave;m m&oacute;n ăn n&agrave;y một c&aacute;ch đơn giản v&agrave; ngon nhất.</p>\r\n','2018/05/14/1526287977-Salad-trai-cay-voi-so-diep-Vao-bep-cung-Bep-Nha.mp4','videos/2018/05/14/1526288156-trai-cay-voi-so-diep.jpg',NULL,'02:28','','<p>Nguy&ecirc;n liệu.&nbsp;<br />\r\nCồi s&ograve; điệp: 200g.&nbsp;<br />\r\nL&ecirc; h&agrave;n quốc: 1 tr&aacute;i.&nbsp;<br />\r\nT&aacute;o đỏ: 1 tr&aacute;i.&nbsp;<br />\r\nKiwi: 2 tr&aacute;i.&nbsp;<br />\r\nD&acirc;u t&acirc;y: 5-6 tr&aacute;i<br />\r\nXo&agrave;i: 1 tr&aacute;i.&nbsp;&nbsp;<br />\r\nSữa chua kh&ocirc;ng đường: 1 hủ. ( 100g)<br />\r\nMayonaise: 300g<br />\r\nSữa đặc: 100g<br />\r\nMuối: 1/4 muỗng c&agrave; ph&ecirc;.<br />\r\nTi&ecirc;u: 1/4 muỗng c&agrave; ph&ecirc;.&nbsp;<br />\r\nRượu vang trắng: 1 muỗng c&agrave; ph&ecirc;.&nbsp;<br />\r\nRau decor: v&agrave;i cọng salad, cải mầm, hoa cải b&oacute; x&ocirc;i.</p>\r\n','','<p>C&aacute;ch L&agrave;m:&nbsp;<br />\r\n- Nước sốt: trộn đều mayonaise, sữa chua, sữa đặc với nhau. Theo tỉ lệ 3.1.1<br />\r\n&nbsp;<br />\r\n- Tr&aacute;i c&acirc;y cắt khối vu&ocirc;ng nhỏ vừa ăn. Ri&ecirc;ng t&aacute;o với l&ecirc; khi cắt xong th&igrave; đem ng&acirc;m v&agrave;o nước muối pha lo&atilde;ng để tr&aacute;nh bị đen.&nbsp;</p>\r\n\r\n<p>- S&ograve; điệp đem &aacute;p chảo với bơ. Sau đ&oacute; n&ecirc;m sơ muối ti&ecirc;u v&agrave; khử m&ugrave;i bằng rượu vang trắng.&nbsp;</p>\r\n\r\n<p>- Cho tr&aacute;i c&acirc;y đ&atilde; cắt v&agrave;o t&ocirc; v&agrave; trộn với phần sốt đ&atilde; pha. Lượng sốt trộn vừa phải.( c&oacute; thể tăng hoặc giảm tuỳ sở th&iacute;ch v&agrave; khẩu vị). Decor tr&aacute;i c&acirc;u v&agrave; s&ograve; điệp ra dĩa l&agrave; c&oacute; thể thưởng thức rồi.</p>\r\n','','<p>Salad Tr&aacute;i C&acirc;y v&agrave; S&ograve; Điệp&nbsp; - Bếp Nh&agrave; TV Studio</p>\r\n\r\n<p>Tổ chức sản xuất : Vick Le<br />\r\nTrợ l&yacute; sản xuất : Wawa Hy<br />\r\nQuay Phim : L&ecirc; Anh Nguy&ecirc;n - Vick Le<br />\r\nDựng Phim : Vick Le<br />\r\nDesign H&igrave;nh Ảnh : L&ecirc; Anh Nguy&ecirc;n<br />\r\nĐầu Bếp : Chef Hữu Đức</p>\r\n\r\n<p>MỌI NGƯỜI NHỚ SUBSCRIBE K&Ecirc;NH ĐỂ XEM NGAY C&Aacute;C VIDEO MỚI NHẤT.<br />\r\n► SUBSCRIBE CHANNEL: https://www.youtube.com/bepnhatv</p>\r\n\r\n<p>Cả nh&agrave; theo d&otilde;i th&ocirc;ng tin của Bếp Nh&agrave; TV tại đ&acirc;y nh&eacute;:</p>\r\n\r\n<p>► Fanpage:&nbsp; https://www.facebook.com/bepnhatv/<br />\r\n► Youtube: https://www.youtube.com/bepnhatv<br />\r\n---------------------<br />\r\n&copy; Bản quyền thuộc về Bếp Nh&agrave; TV<br />\r\n&copy; Copyright by Bep Nha TV ☞ Do not Reup</p>\r\n',0,5,8,1,1,'2018-05-14 15:56:21','2018-06-21 03:08:06',270,0,0,0,0,0,1,0),(19,'Thịt đông ngày tết','','<p>Thịt đ&ocirc;ng hấp dẫn, lạ miệng - Chuẩn bị cho tết sum vầy ấm &aacute;p&nbsp; ❤<br />\r\nH&ocirc;m nay, ad xin gửi đến c&aacute;c bạn c&aacute;ch nấu m&oacute;n canh sườn heo hầm c&ugrave;ng với một số củ quả vừa thơm ngon hấp dẫn m&agrave; cung cấp được những chất dinh dưỡng cho c&aacute;c th&agrave;nh vi&ecirc;n trong gia đ&igrave;nh. V&agrave;o những ng&agrave;y thời tiết se lạnh như hiện nay th&igrave; những chị em phụ nữ n&ecirc;n c&acirc;n nhắc nấu những m&oacute;n canh ấm n&oacute;ng c&oacute; hương vị hấp dẫn để cho bữa ăn trở n&ecirc;n thơm ngon, độc đ&aacute;o hơn. Đ&acirc;y l&agrave; một m&oacute;n canh thơm ngon bổ dưỡng m&agrave; c&aacute;c chị em phụ nữ c&oacute; thể c&acirc;n nhắc v&agrave; lựa chọn cho bữa ăn gia đ&igrave;nh th&ecirc;m hấp dẫn hơn. C&ugrave;ng Ad v&agrave;o bếp nh&eacute;.&nbsp; ❤</p>\r\n\r\n<p>&nbsp;</p>\r\n','2018/05/14/1526288318-Cach-lam-thit-dong-ngay-tet-Vao-bep-cung-Bep-Nha.mp4','videos/2018/05/14/1526288734-thit-dong.jpg',NULL,'02:26','','<p>Nguy&ecirc;n liệu<br />\r\n- 1 kg thịt ch&acirc;n gi&ograve; heo c&ograve;n nguy&ecirc;n b&igrave;<br />\r\n- 30g mộc nhĩ kh&ocirc;, ng&acirc;m nở<br />\r\n- 20g nấm hương kh&ocirc;, ng&acirc;m nở<br />\r\n- V&agrave;i củ h&agrave;nh kh&ocirc;, v&agrave;i l&aacute;t gừng mỏng<br />\r\n- Hạt ti&ecirc;u, muối</p>\r\n\r\n<p>&nbsp;</p>\r\n','','<p>C&aacute;ch l&agrave;m:<br />\r\n- Cạo b&igrave; thật sạch cho hết l&ocirc;ng rồi th&aacute;i miếng vu&ocirc;ng cỡ vừa ăn. Th&agrave;nh phần b&igrave; l&agrave; rất quan trọng v&igrave; n&oacute; quyết định trực tiếp đến độ đ&ocirc;ng của m&oacute;n ăn.<br />\r\n- Mộc nhĩ v&agrave; nấm hương ng&acirc;m nở, rửa sạch, cắt bỏ ch&acirc;n. Sau đ&oacute; đem mộc nhĩ th&aacute;i sợi, nấm cắt đ&ocirc;i.<br />\r\n- Đun một nồi nước, cho một v&agrave;i l&aacute;t gừng mỏng để chần thịt. Thịt được chần trong nước c&oacute; gừng sẽ giảm m&ugrave;i h&ocirc;i v&agrave; sạch hơn.&nbsp;<br />\r\n- Phi thơm h&agrave;nh rồi cho thịt v&agrave;o x&agrave;o với muối cho ngấm. Tiếp đ&oacute; đổ nước x&acirc;m xấp mặt thịt, ninh nhỏ lửa, ch&uacute; &yacute; vớt bỏ bọt để thịt đ&ocirc;ng được trong.<br />\r\n- Sau khi ninh nhừ thịt th&igrave; cho tiếp mộc nhĩ v&agrave; nấm hương v&agrave;o đun tiếp cho ch&iacute;n.&nbsp;<br />\r\n- Đổ thịt đ&ocirc;ng ra b&aacute;t hoặc khu&ocirc;n đẹp, rắc một ch&uacute;t hạt ti&ecirc;u l&ecirc;n bề mặt. Đợi khi thịt nguội, đ&ocirc;ng cứng, nước trong veo th&igrave; mang ra ăn được.</p>\r\n','','',0,6,11,1,1,'2018-05-14 16:06:01','2018-05-28 10:30:53',112,0,0,0,0,0,0,0),(20,'Kẹo Milo cube tự làm','','<p><span style=\"color:rgb(17, 17, 17); font-size:14px\">Trong những ng&agrave;y vừa qua c&aacute;c bạn trẻ đang truyền tai nhau một m&oacute;n ăn cực hot l&agrave; những vi&ecirc;n b&aacute;nh Milo Cube cực xinh! Mặc d&ugrave; chưa ch&iacute;nh thức xuất hiện tại Việt Nam nhưng những em Milo nhỏ nhắn h&igrave;nh vu&ocirc;ng n&agrave;y đ&atilde; v&agrave; đang &ldquo;đốn tim&rdquo; kh&ocirc;ng &iacute;t c&aacute;c t&iacute;n đồ ẩm thực. Tuy nhi&ecirc;n, thay v&igrave; phải bỏ ra 200 đến hơn 300k cho một bịch Milo Cube, h&atilde;y c&ugrave;ng Bếp Nh&agrave; thử tự tay l&agrave;m v&agrave; thưởng thức m&oacute;n ăn si&ecirc;u &ldquo;cute&rdquo; n&agrave;y nh&eacute;! Với vị ngọt vừa phải, thơm b&eacute;o ngậy m&ugrave;i milo đặc trưng được tạo th&agrave;nh khối vu&ocirc;ng si&ecirc;u dễ thương m&agrave; lại kh&ocirc;ng hề kh&oacute; l&agrave;m ch&uacute;t n&agrave;o, h&atilde;y cũng v&agrave;o bếp với ch&uacute;ng m&igrave;nh n&agrave;o </span></p>\r\n','2018/05/14/1526288786-Kẹo-Milo-Cube-tu-lam-Chua-bao-gio-de-den-the.mp4','videos/2018/05/14/1526289162-milo.jpg',NULL,'01:31','','<p>Nguy&ecirc;n liệu:&nbsp;<br />\r\n- 100 gr bột milo<br />\r\n- 150ml whipping cream<br />\r\n- 300 gr socola đen<br />\r\n- 2 th&igrave;a bơ</p>\r\n','','<p>C&aacute;ch l&agrave;m:<br />\r\n- Cho 150ml whipping cream v&agrave; 2 th&igrave;a bơ v&agrave;o đun n&oacute;ng<br />\r\n- Tiếp tục cho 100gr bột milo, quấy đều tiếp<br />\r\n- Cho 300gr socola đen v&agrave;o đun chảy c&ugrave;ng hỗn hợp<br />\r\n-&nbsp; Đổ hỗn hợp v&agrave;o khay c&oacute; l&oacute;t giấy nến rồi cho v&agrave;o ngăn m&aacute;t tủ lạnh 4-5 tiếng<br />\r\n- Cắt th&agrave;nh h&igrave;nh vu&ocirc;ng v&agrave; trộn với bột milo</p>\r\n','6','',0,5,15,1,1,'2018-05-14 16:13:11','2018-05-28 10:18:38',266,0,0,0,0,0,0,0),(21,'Tiệm bánh Cối xay gió Đà Lạt','VJ Chúc Anh','<p><span style=\"color:rgb(17, 17, 17); font-size:14px\">Tiệm b&aacute;nh Cối Xay Gi&oacute; được mệnh danh như một địa điểm Check In kh&ocirc;ng thể bỏ qua khi đến với Đ&agrave; Lạt!! Với bức tường v&agrave;ng đặc trưng v&agrave; biển hiệu cực &quot;chất&quot;, nơi đ&acirc;y đ&atilde; trở th&agrave;nh địa điểm để chụp ra những bức h&igrave;nh &quot;sống ảo&quot; si&ecirc;u đẹp của c&aacute;c bạn trẻ!! Hơn thế nữa, với gi&aacute; b&aacute;nh chỉ 15.000- 20.000 VND cho một chiếc b&aacute;nh mỳ đầy ắp chả, pate, thịt v&agrave; bơ v&ocirc; c&ugrave;ng thơm ngon, ngay khi đặt ch&acirc;n tới Đ&agrave; Lạt, ch&uacute;ng m&igrave;nh đ&atilde; ngay lập tức tới đ&acirc;y để kh&aacute;m ph&aacute; thử xem b&aacute;nh mỳ ở đ&acirc;y c&oacute; g&igrave; m&agrave; hấp dẫn tới vậy!! H&atilde;y c&ugrave;ng Bếp Nh&agrave; bắt đầu cuộc h&agrave;nh tr&igrave;nh kh&aacute;m ph&aacute; một địa điểm &quot;must-go&quot; cực chất với m&oacute;n b&aacute;nh mỳ si&ecirc;u nổi tiếng ở Đ&agrave; Lạt trong thời gian qua nh&eacute;!! </span></p>\r\n','2018/05/14/1526289341-Tiem-banh-coi-xay-gio-Da-Lat-Diem-den-Bep-Nha.mp4','videos/2018/05/14/1526289360-coi-xay-gio.jpg',NULL,'03:08','','','','','','',0,3,16,1,1,'2018-05-14 16:16:21','2018-06-11 03:07:23',356,0,0,0,0,0,1,0),(22,'Chế Biến Yến Mạch cho Gymer ','VJ Chúc Anh','','2018/05/14/1526289433-Che-Bien-Yen-Mach-cho-Gymer-Gymer-vao-Bep-Show-Bep-Nha-TV.mp4','videos/2018/05/14/1526289573-che-bien-yen-mach.jpg',NULL,'01:55','','<p><span style=\"color:rgb(17, 17, 17); font-size:14px\">Chế Biến Yến Mạch cho Gymer - Gymer v&agrave;o Bếp Show - Bếp Nh&agrave; TV Một Sản Phẩm mới của Bếp Nh&agrave; TV.</span></p>\r\n','','','','<p>Chế Biến Yến Mạch cho Gymer - Gymer v&agrave;o Bếp Show - Bếp Nh&agrave; TV<br />\r\nKịch Bản : Vick Le - Ch&uacute;c Anh<br />\r\nQuay Phim : L&ecirc; Nguy&ecirc;n - Vick Le<br />\r\nDựng Phim : Vick Le<br />\r\nThu &Acirc;m : L&ecirc; Nguy&ecirc;n<br />\r\nMC : Ch&uacute;c Anh</p>\r\n\r\n<p>MỌI NGƯỜI NHỚ SUBSCRIBE K&Ecirc;NH ĐỂ XEM NGAY C&Aacute;C VIDEO MỚI NHẤT.<br />\r\n► SUBSCRIBE CHANNEL: https://www.youtube.com/bepnhatv</p>\r\n\r\n<p>Cả nh&agrave; theo d&otilde;i th&ocirc;ng tin của Bếp Nh&agrave; TV tại đ&acirc;y nh&eacute;:</p>\r\n\r\n<p>► Fanpage:&nbsp; https://www.facebook.com/bepnhatv/<br />\r\n► Youtube: https://www.youtube.com/bepnhatv<br />\r\n---------------------<br />\r\n&copy; Bản quyền thuộc về Bếp Nh&agrave; TV<br />\r\n&copy; Copyright by Bep Nha TV ☞ Do not Reup</p>\r\n',0,17,18,1,1,'2018-05-14 16:20:03','2018-06-21 04:25:45',255,0,0,0,0,0,0,0),(23,'Khám phá những quán Mì Vịt Tiềm ngon nổi tiếng Sài Gòn (phần 1)','VJ Chúc Anh','','2018/05/14/1526289664-Diem-den-Bep-Nha-Kham-pha-nhung-quan-Mi-Vit-Tiem-ngon-noi-tieng-Sai-Gon-Phan-1-.mp4','videos/2018/05/14/1526290151-mi-vit-tiem-1.jpg',NULL,'10:10','','<p><span style=\"color:rgb(17, 17, 17); font-size:14px\">Điểm đến Bếp Nh&agrave; - Kh&aacute;m ph&aacute; những qu&aacute;n M&igrave; Vịt Tiềm ngon nổi tiếng S&agrave;i G&ograve;n ( Phần 1 ) </span></p>\r\n\r\n<p><span style=\"color:rgb(17, 17, 17); font-size:14px\">Mỳ vịt tiềm chắc hẳn đ&atilde; kh&ocirc;ng c&ograve;n xa lạ với tất cả c&aacute;c t&iacute;n đồ ẩm thực tại S&agrave;i G&ograve;n, hương thơm hấp dẫn c&ugrave;ng vị ngọt đặc trưng đ&atilde; gi&uacute;p cho mỳ vịt tiềm trở th&agrave;nh m&oacute;n ăn ưa th&iacute;ch của rất nhiều người. Với v&ocirc; v&agrave;n c&aacute;c cửa tiệm nổi tiếng, để c&oacute; thể t&igrave;m ra được những địa điểm c&oacute; m&oacute;n mỳ vịt tiềm ngon nhất, Bếp Nh&agrave; Channel đ&atilde; đi kh&aacute;m ph&aacute; c&aacute;c cửa h&agrave;ng nổi tiếng l&acirc;u đời tr&ecirc;n khắp th&agrave;nh phố. V&agrave; b&acirc;y giờ h&atilde;y c&ugrave;ng theo d&otilde;i phần đầu ti&ecirc;n trong h&agrave;nh tr&igrave;nh của ch&uacute;ng m&igrave;nh nh&eacute;!!! </span></p>\r\n\r\n<p>&nbsp;</p>\r\n','','','','',0,3,16,1,1,'2018-05-14 16:29:58','2018-06-21 03:09:01',202,0,0,0,0,0,1,0),(24,' Khám phá những quán Mì Vịt Tiềm ngon nổi tiếng Sài Gòn (phần 2)','','','2018/05/14/1526290253-Kham-pha-nhung-quan-Mi-Vit-Tiem-ngon-noi-tieng-Sai-Gon-Phan-2-Diem-den-Bep-Nha.mp4','videos/2018/05/14/1526290352-mi-vit-tiem-2.jpg',NULL,'05:38','','<p><span style=\"color:rgb(17, 17, 17); font-size:14px\">Kh&aacute;m ph&aacute; những qu&aacute;n M&igrave; Vịt Tiềm ngon nổi tiếng S&agrave;i G&ograve;n - Phần 2 </span></p>\r\n\r\n<p><span style=\"color:rgb(17, 17, 17); font-size:14px\">Mỳ vịt tiềm chắc hẳn đ&atilde; kh&ocirc;ng c&ograve;n xa lạ với tất cả c&aacute;c t&iacute;n đồ ẩm thực tại S&agrave;i G&ograve;n, hương thơm hấp dẫn c&ugrave;ng vị ngọt đặc trưng đ&atilde; gi&uacute;p cho mỳ vịt tiềm trở th&agrave;nh m&oacute;n ăn ưa th&iacute;ch của rất nhiều người. Với v&ocirc; v&agrave;n c&aacute;c cửa tiệm nổi tiếng, để c&oacute; thể t&igrave;m ra được những địa điểm c&oacute; m&oacute;n mỳ vịt tiềm ngon nhất, Bếp Nh&agrave; Channel đ&atilde; đi kh&aacute;m ph&aacute; c&aacute;c cửa h&agrave;ng nổi tiếng l&acirc;u đời tr&ecirc;n khắp th&agrave;nh phố. V&agrave; b&acirc;y giờ h&atilde;y c&ugrave;ng theo d&otilde;i phần đầu ti&ecirc;n trong h&agrave;nh tr&igrave;nh của ch&uacute;ng m&igrave;nh nh&eacute;!!!</span></p>\r\n',NULL,'','','',0,3,16,1,1,'2018-05-14 16:33:37','2018-05-14 10:32:12',98,0,0,0,0,0,0,0),(25,'Bánh canh cua chợ Hòa Bình','VJ Chúc Anh','','2018/05/14/1526290827-Ganh-Banh-Canh-Cua-cho-Hoa-Binh-Bep-Nha-Tuyet-Dinh-Ky.mp4','videos/2018/05/14/1526291012-banh-canh-cua-cho-hoa-binh.jpg',NULL,'07:35','','<p><span style=\"color:rgb(17, 17, 17); font-size:14px\">Bếp Nh&agrave; Tuyệt Đỉnh K&yacute; - G&aacute;nh B&aacute;nh Canh Cua chợ Ho&agrave; B&igrave;nh Chợ Ho&agrave; B&igrave;nh </span></p>\r\n\r\n<p><span style=\"color:rgb(17, 17, 17); font-size:14px\">Nổi danh l&agrave; nơi c&oacute; những qu&aacute;n ăn v&ocirc; c&ugrave;ng ngon nhưng gi&aacute; th&agrave;nh lại rất rẻ tại S&agrave;i G&ograve;n. Tuy nhi&ecirc;n, ở đ&acirc;y c&oacute; tồn tại th&ocirc;ng tin về một g&aacute;nh b&aacute;nh canh với gi&aacute; 200k cho một b&aacute;t b&aacute;nh canh đầy đủ. Bếp Nh&agrave; Channel đ&atilde; thử đi t&igrave;m hiểu về g&aacute;nh b&aacute;nh canh n&agrave;y v&agrave; độ ngon của n&oacute; như thế n&agrave;o, xin mời c&aacute;c bạn đi kh&aacute;m ph&aacute; c&ugrave;ng Bếp Nh&agrave; nh&eacute;. Ch&uacute;ng ta c&ugrave;ng l&ecirc;n đường n&agrave;o.</span></p>\r\n\r\n<p>&nbsp;</p>\r\n',NULL,'','','',0,3,16,1,1,'2018-05-14 16:44:43','2018-05-14 10:32:26',137,0,0,0,0,0,0,0),(26,'Sâm bí đao','','','2018/05/14/1526291193-Sam-bi-dao-Vao-bep-cung-Bep-Nha.mp4','videos/2018/05/14/1526291509-sam-bi-dao.jpg',NULL,'01:06','','<p><span style=\"color:rgb(17, 17, 17); font-size:14px\">Với v&agrave;i nguy&ecirc;n liệu dễ kiếm v&agrave; chỉ cần d&agrave;nh ra 1 ch&uacute;t thời gian, bạn sẽ c&oacute; ngay một nồi nước s&acirc;m b&iacute; đao ngon cho cả nh&agrave;. Kh&ocirc;ng chỉ giải nhiệt, s&acirc;m b&iacute; đao c&ograve;n gi&uacute;p l&agrave;m đẹp da, mượt t&oacute;c, chống say nắng theo c&aacute;ch ho&agrave;n to&agrave;n tự nhi&ecirc;n. H&atilde;y thử ngay nh&eacute;!</span></p>\r\n\r\n<p><span style=\"color:rgb(17, 17, 17); font-size:14px\">Nguy&ecirc;n liệu:</span></p>\r\n\r\n<p><span style=\"color:rgb(17, 17, 17); font-size:14px\">- 1,5 kg b&iacute; đao gi&agrave; </span></p>\r\n\r\n<p><span style=\"color:rgb(17, 17, 17); font-size:14px\">- 1 quả la h&aacute;n quả</span></p>\r\n\r\n<p><span style=\"color:rgb(17, 17, 17); font-size:14px\">- 20 gr thục địa </span></p>\r\n\r\n<p><span style=\"color:rgb(17, 17, 17); font-size:14px\">- 4 l&iacute;t nước</span></p>\r\n\r\n<p><span style=\"color:rgb(17, 17, 17); font-size:14px\">- 2 nh&aacute;nh l&aacute; dứa</span></p>\r\n\r\n<p><span style=\"color:rgb(17, 17, 17); font-size:14px\">- 10 c&acirc;y m&iacute;a </span></p>\r\n\r\n<p><span style=\"color:rgb(17, 17, 17); font-size:14px\">- Đường </span></p>\r\n\r\n<p><span style=\"color:rgb(17, 17, 17); font-size:14px\">C&aacute;ch l&agrave;m: - Xếp m&iacute;a dưới đ&aacute;y nồi, cho b&iacute; đao cắt khoanh ( để nguy&ecirc;n vỏ ) l&ecirc;n tr&ecirc;n.</span></p>\r\n\r\n<p><span style=\"color:rgb(17, 17, 17); font-size:14px\">- Th&ecirc;m la h&aacute;n quả, thục địa v&agrave; l&aacute; dứa v&agrave;o. Đổ nước đậy nắp lại.</span></p>\r\n\r\n<p><span style=\"color:rgb(17, 17, 17); font-size:14px\">- Đun đến khi b&iacute; đao mềm th&igrave; tắt bếp, n&ecirc;m đường vừa uống.</span></p>\r\n\r\n<p><span style=\"color:rgb(17, 17, 17); font-size:14px\">Ch&uacute;c c&aacute;c bạn th&agrave;nh c&ocirc;ng ! </span></p>\r\n\r\n<p>&nbsp;</p>\r\n','','','','',0,6,14,1,1,'2018-05-14 16:52:28','2018-05-28 10:12:12',248,0,0,0,0,0,0,0),(27,'Bánh mì chà bông phô mai ','','','2018/05/14/1526291588-Banh-Mi-Cha-Bong-Pho-Mai-Diem-den-Bep-Nha.mp4','videos/2018/05/14/1526291852-banh-mi-cha-bong-pho-mai.jpg',NULL,'16:30','','<p><span style=\"color:rgb(17, 17, 17); font-size:14px\">B&aacute;nh M&igrave; Ch&agrave; B&ocirc;ng Ph&ocirc; Mai - Ai ai cũng đang săn t&igrave;m để thử. </span></p>\r\n\r\n<p><span style=\"color:rgb(17, 17, 17); font-size:14px\">Trong những ng&agrave;y qua tr&ecirc;n mạng đang lan truyền nhau một m&oacute;n b&aacute;nh cực hot: B&Aacute;NH M&Igrave; CH&Agrave; B&Ocirc;NG PH&Ocirc; MAI!!</span></p>\r\n\r\n<p><span style=\"color:rgb(17, 17, 17); font-size:14px\">Với lớp ph&ocirc; mai b&eacute;o ngậy ngập tr&agrave;n nh&acirc;n b&ecirc;n trong chiếc b&aacute;nh, lớp ch&agrave; b&ocirc;ng quyện bơ v&agrave;ng &oacute;ng hấp dẫn, độ mềm thơm lừng của b&aacute;nh m&igrave;, c&aacute;c t&iacute;n đồ ẩm thực ở khắp nơi đang &ldquo;ph&aacute;t cuồng&rdquo; l&ecirc;n v&igrave; m&oacute;n b&aacute;nh n&agrave;y!! Với gi&aacute; b&aacute;n 130.000VND cho 1 chiếc b&aacute;nh 700gr, c&oacute; rất nhiều bạn trẻ đang l&ugrave;ng sục t&igrave;m nơi b&aacute;n chiếc b&aacute;nh si&ecirc;u hot n&agrave;y! Ng&agrave;y h&ocirc;m nay Bếp Nh&agrave; Channel đ&atilde; c&ugrave;ng t&igrave;m tới một trong những địa điểm b&aacute;n B&aacute;nh M&igrave; Ch&agrave; B&ocirc;ng Ph&ocirc; Mai đầu ti&ecirc;n tại S&agrave;i G&ograve;n để thưởng thức v&agrave; review thử xem l&yacute; do v&igrave; sao m&oacute;n b&aacute;nh n&agrave;y lại hot tới vậy. </span></p>\r\n\r\n<p><span style=\"color:rgb(17, 17, 17); font-size:14px\">H&atilde;y c&ugrave;ng thưởng thức với ch&uacute;ng m&igrave;nh nha, like v&agrave; share nếu bạn cũng th&iacute;ch m&oacute;n ăn n&agrave;y. C&ograve;n nếu bạn đ&atilde; thử thưởng thức v&agrave; thấy kh&ocirc;ng ngon như kỳ vọng, h&atilde;y comment ph&iacute;a b&ecirc;n dưới chia sẻ cảm nhận của bạn nh&eacute;!!</span></p>\r\n\r\n<p>&nbsp;</p>\r\n','','','','',0,3,16,1,1,'2018-05-14 16:58:05','2018-05-28 10:12:17',133,0,0,0,0,0,0,0),(28,'Bò hầm trái cây','','','2018/05/17/1526526870-bo-ham-trai-cay.mp4','videos/2018/05/17/1526527552-bo-ham-trai-cay.jpg',NULL,'01:21','','','','','','',2,5,12,1,1,'2018-05-17 10:28:50','2018-05-28 10:12:57',390,0,0,0,0,0,0,0),(29,'Cá chưng tương','','','2018/05/17/1526527772-ca-chung-tuong.mp4','videos/2018/05/17/1526528382-ca-chung-tuong.jpg',NULL,'01:13','','','','','','',0,6,10,1,1,'2018-05-17 10:41:00','2018-06-21 03:10:36',345,0,0,0,0,0,1,0),(30,'Canh cá đậu hũ','','','2018/05/17/1526530028-canh-ca-dau-hu.mp4','videos/2018/05/21/1526871686-canh-ca-dau-hu.jpg',NULL,'01:17','','','','','','',3,6,4,1,1,'2018-05-17 11:08:23','2018-06-21 03:09:56',798,0,0,0,0,0,1,0),(31,'Gà hấp muối','','','2018/05/17/1526530142-ga-hap-muoi.mp4','videos/2018/05/21/1526871993-ga-luoc-muoi-2.jpg',NULL,'00:58','','','','','','',0,6,13,1,1,'2018-05-17 11:10:16','2018-06-21 03:10:19',860,0,0,0,0,0,0,0),(32,'Mì Ý Sốt Carbonara quyến rũ khó quên','Chef Hữu Đức','','',NULL,NULL,'03:31','','','','','','',0,5,1,1,NULL,'2018-05-28 09:32:32',NULL,0,0,0,0,0,0,0,1),(33,'Mì Ý Sốt Carbonara quyến rũ khó quên','Chef Hữu Đức','','',NULL,NULL,'03:31','','','','','','',0,5,1,1,NULL,'2018-05-28 09:32:59',NULL,0,0,0,0,0,0,0,1),(34,'Mì Ý Sốt Carbonara quyến rũ khó quên','Chef Hữu Đức','','',NULL,NULL,'03:31','','','','','','',0,5,1,1,NULL,'2018-05-28 09:33:28',NULL,0,0,0,0,0,0,0,1),(35,'Cách làm Bún Cá Ngừ Nha Trang cực ngon','Kim Kim','<p><strong>B&uacute;n c&aacute; ngừ</strong><span style=\"font-size:17px\">&nbsp;một m&oacute;n ăn d&acirc;n d&atilde; những cực k&igrave; thơm ngon bởi hương vị ngọt thơm từ nước d&ugrave;ng , thịt c&aacute; ngừ dai ngọt ăn chung với b&uacute;n v&agrave;o những buổi chiều se lạnh m&ugrave;a mưa th&igrave; c&ograve;n g&igrave; bằng phải kh&ocirc;ng n&agrave;o c&aacute;c bạn</span></p>\r\n','',NULL,NULL,'04:45','','<p>Nguy&ecirc;n Liệu:</p>\r\n\r\n<p><span style=\"color:rgb(17, 17, 17); font-size:14px\">- 1 CON C&Aacute; NGỪ </span></p>\r\n\r\n<p><span style=\"color:rgb(17, 17, 17); font-size:14px\">- &frac12; quả thơm </span></p>\r\n\r\n<p><span style=\"color:rgb(17, 17, 17); font-size:14px\">- 3 quả c&agrave; chua </span></p>\r\n\r\n<p><span style=\"color:rgb(17, 17, 17); font-size:14px\">- H&agrave;nh l&aacute; </span></p>\r\n\r\n<p><span style=\"color:rgb(17, 17, 17); font-size:14px\">- H&agrave;nh tỏi băm</span></p>\r\n','<p><span style=\"color:rgb(17, 17, 17); font-size:14px\">- Nước mắm </span></p>\r\n\r\n<p><span style=\"color:rgb(17, 17, 17); font-size:14px\">- Muối</span></p>\r\n\r\n<p><span style=\"color:rgb(17, 17, 17); font-size:14px\">- Đường </span></p>\r\n\r\n<p><span style=\"color:rgb(17, 17, 17); font-size:14px\">- Bột n&ecirc;m </span></p>\r\n\r\n<p><span style=\"color:rgb(17, 17, 17); font-size:14px\">- Mắm rước huế </span></p>\r\n\r\n<p><span style=\"color:rgb(17, 17, 17); font-size:14px\">- B&uacute;n tươi </span></p>\r\n\r\n<p><span style=\"color:rgb(17, 17, 17); font-size:14px\">- Rau sống</span></p>\r\n','<p><span style=\"color:rgb(17, 17, 17); font-size:14px\">C&aacute;ch l&agrave;m:<br />\r\n<br />\r\n- Chi&ecirc;n v&agrave;ng 2 mặt c&aacute;<br />\r\n<br />\r\n- Phi thơm tỏi h&agrave;nh, cho c&agrave; chua v&agrave; thơm v&agrave;o x&agrave;o. N&ecirc;m ch&uacute;t bột n&ecirc;m<br />\r\n<br />\r\n- Nấu nước s&ocirc;i với sả c&acirc;y. Cho c&agrave; chua v&agrave; thơm v&agrave;o. N&ecirc;m nếm gia vị. cho mắm rước huế. Nước s&ocirc;i lại th&igrave; cho c&aacute; v&agrave;o nấu 5 ph&uacute;t. N&ecirc;m nếm lại cho vừa ăn.<br />\r\n<br />\r\nCh&uacute;c c&aacute;c bạn th&agrave;nh c&ocirc;ng !</span></p>\r\n','','',0,6,10,1,NULL,'2018-05-28 10:35:56',NULL,0,0,0,0,0,0,0,1),(36,'Cách làm Bún Cá Ngừ Nha Trang cực ngon','Kim Kim','<p><strong>B&uacute;n c&aacute; ngừ</strong><span style=\"font-size:17px\">&nbsp;một m&oacute;n ăn d&acirc;n d&atilde; những cực k&igrave; thơm ngon bởi hương vị ngọt thơm từ nước d&ugrave;ng , thịt c&aacute; ngừ dai ngọt ăn chung với b&uacute;n v&agrave;o những buổi chiều se lạnh m&ugrave;a mưa th&igrave; c&ograve;n g&igrave; bằng phải kh&ocirc;ng n&agrave;o c&aacute;c bạn</span></p>\r\n','',NULL,NULL,'04:45','','<p>Nguy&ecirc;n Liệu:</p>\r\n\r\n<p><span style=\"color:rgb(17, 17, 17); font-size:14px\">- 1 CON C&Aacute; NGỪ </span></p>\r\n\r\n<p><span style=\"color:rgb(17, 17, 17); font-size:14px\">- &frac12; quả thơm </span></p>\r\n\r\n<p><span style=\"color:rgb(17, 17, 17); font-size:14px\">- 3 quả c&agrave; chua </span></p>\r\n\r\n<p><span style=\"color:rgb(17, 17, 17); font-size:14px\">- H&agrave;nh l&aacute; </span></p>\r\n\r\n<p><span style=\"color:rgb(17, 17, 17); font-size:14px\">- H&agrave;nh tỏi băm</span></p>\r\n','<p><span style=\"color:rgb(17, 17, 17); font-size:14px\">- Nước mắm </span></p>\r\n\r\n<p><span style=\"color:rgb(17, 17, 17); font-size:14px\">- Muối</span></p>\r\n\r\n<p><span style=\"color:rgb(17, 17, 17); font-size:14px\">- Đường </span></p>\r\n\r\n<p><span style=\"color:rgb(17, 17, 17); font-size:14px\">- Bột n&ecirc;m </span></p>\r\n\r\n<p><span style=\"color:rgb(17, 17, 17); font-size:14px\">- Mắm rước huế </span></p>\r\n\r\n<p><span style=\"color:rgb(17, 17, 17); font-size:14px\">- B&uacute;n tươi </span></p>\r\n\r\n<p><span style=\"color:rgb(17, 17, 17); font-size:14px\">- Rau sống</span></p>\r\n','<p><span style=\"color:rgb(17, 17, 17); font-size:14px\">C&aacute;ch l&agrave;m:<br />\r\n<br />\r\n- Chi&ecirc;n v&agrave;ng 2 mặt c&aacute;<br />\r\n<br />\r\n- Phi thơm tỏi h&agrave;nh, cho c&agrave; chua v&agrave; thơm v&agrave;o x&agrave;o. N&ecirc;m ch&uacute;t bột n&ecirc;m<br />\r\n<br />\r\n- Nấu nước s&ocirc;i với sả c&acirc;y. Cho c&agrave; chua v&agrave; thơm v&agrave;o. N&ecirc;m nếm gia vị. cho mắm rước huế. Nước s&ocirc;i lại th&igrave; cho c&aacute; v&agrave;o nấu 5 ph&uacute;t. N&ecirc;m nếm lại cho vừa ăn.<br />\r\n<br />\r\nCh&uacute;c c&aacute;c bạn th&agrave;nh c&ocirc;ng !</span></p>\r\n','','',0,6,10,1,NULL,'2018-05-28 11:30:24',NULL,0,0,0,0,0,0,0,1),(37,'TEST 200','','','2018/06/20/1529461883-1528778722-Chan-ga-xao-cay-han-quoc.mp4','videos/2018/05/28/1527492699-My-Y-sot-kem-thit-hun-khoi.jpg',NULL,'05:00','','','','','','',0,5,8,1,1,'2018-05-28 14:32:07','2018-06-20 02:31:33',0,0,0,0,0,0,0,1),(38,'Mì Ý sốt Carbonara quyến rũ khó quên','Chef Hữu Đức','<p><span style=\"color:rgb(51, 51, 51)\"><strong>M&igrave; &yacute; sốt Carbonara</strong>&nbsp;l&agrave; m&oacute;n m&igrave; &yacute; được chế biến từ sốt kem tươi, trứng g&agrave; v&agrave; thịt hun kh&oacute;i .Theo c&aacute;c chuy&ecirc;n gia th&igrave; đ&acirc;y l&agrave; một trong 3 m&oacute;n m&igrave; &yacute; phổ biến nhất hiện nay. M&igrave; &yacute; được nấu theo c&aacute;ch n&agrave;y sẽ c&oacute; sợi m&igrave; b&oacute;ng bẩy, ch&iacute;n vừa đủ, kết hợp với nước sốt h&agrave;nh t&acirc;y v&agrave; thịt x&ocirc;ng kh&oacute;i, tạo cho m&oacute;n ăn n&agrave;y một n&eacute;t đặc trưng ri&ecirc;ng. Hấp dẫn người ăn ở vị b&eacute;o ngậy của nước sốt, m&ugrave;i thơm đ&uacute;ng chất Ch&acirc;u &Acirc;u của thịt x&ocirc;ng kh&oacute;i , khiến bao thực kh&aacute;ch phải đắm say. Chỉ với 15 ph&uacute;t cho m&oacute;n ăn n&agrave;y, c&aacute;c bạn đ&atilde; sẵn s&agrave;ng v&agrave;o bếp c&ugrave;ng&nbsp;<span style=\"color:rgb(51, 102, 255)\"><em><strong><a href=\"http://website%20bepnha.tv/\" style=\"box-sizing: border-box; background-color: transparent; color: rgb(51, 102, 255); text-decoration-line: none;\">Bepnha.tv</a></strong></em></span>&nbsp;để thực hiện ngay chưa ạ?</span></p>\r\n','2018/05/28/1527493669-Mì-Ý-Sốt-Carbonara-quyen-ru-kho-quen-Vao-bep-cung-Bep-Nha.mp4','videos/2018/05/28/1527493684-mi-my-carbonara.jpg',NULL,'03:31','','<p>Nguy&ecirc;n Liệu :&nbsp;</p>\r\n\r\n<ul>\r\n	<li>M&igrave; &Yacute;: 250g</li>\r\n	<li>Thịt heo x&ocirc;ng kh&oacute;i: 50g</li>\r\n	<li>Whipping Cream: 120ml</li>\r\n	<li>Sữa tươi: 120ml</li>\r\n	<li>H&agrave;nh t&acirc;y: &frac14; củ h&agrave;nh t&acirc;y</li>\r\n	<li>1 tr&aacute;i trứng g&agrave;</li>\r\n	<li>Ph&ocirc; mai parmesan bột: 50g</li>\r\n	<li>Bơ lạt: 2 mcf</li>\r\n	<li>3 t&eacute;p tỏi</li>\r\n	<li>Muối ti&ecirc;u: &frac12; mcf</li>\r\n</ul>\r\n','','<p>C&aacute;ch l&agrave;m:</p>\r\n\r\n<ul>\r\n	<li>\r\n	<p>Luộc m&igrave; &Yacute; khoảng 7-8 ph&uacute;t. Sau đ&oacute; vớt ra v&agrave; trộn đều với ch&uacute;t dầu. Khi luộc m&igrave; cho v&agrave;o nồi nước luộc một &iacute;t muối v&agrave; dầu ăn. (Điều n&agrave;y gi&uacute;p cho m&igrave; luộc được b&oacute;ng v&agrave; kh&ocirc;ng bị d&iacute;nh v&agrave;o nhau)</p>\r\n	</li>\r\n	<li>\r\n	<p>H&agrave;nh t&acirc;y, thịt nguội th&aacute;i hạt lựu.</p>\r\n	</li>\r\n	<li>\r\n	<p>Cho chảo l&ecirc;n bếp, chảo n&oacute;ng cho bơ lạc, cho tiếp h&agrave;nh t&acirc;y v&agrave;o v&agrave; x&agrave;o chung với bơ cho ch&iacute;n mềm. Tiếp đ&oacute; cho phần thịt nguội đ&atilde; cắt nhỏ v&agrave;o x&agrave;o sơ.</p>\r\n	</li>\r\n	<li>\r\n	<p>Tiếp đến, c&aacute;c bạn cho th&ecirc;m sữa tươi v&agrave;o v&agrave; đun s&ocirc;i ở lửa nhỏ.</p>\r\n	</li>\r\n	<li>\r\n	<p>Trộn chung 1 tr&aacute;i trứng g&agrave; c&ugrave;ng với Whipping cream, ph&ocirc; mai bột th&agrave;nh 1 hỗn hợp v&agrave; cho tiếp hỗn hợp n&agrave;y v&agrave;o chung với sữa đang nấu.</p>\r\n	</li>\r\n	<li>\r\n	<p>Khuấy đều cho s&ocirc;i khoảng 3-5 ph&uacute;t, phần sốt sệt xuống th&igrave; n&ecirc;m nếm th&ecirc;m muối ti&ecirc;u cho vừa ăn l&agrave; được.</p>\r\n	</li>\r\n	<li>\r\n	<p>M&igrave; &yacute; sau khi luộc v&agrave; để r&aacute;o th&igrave; đem x&agrave;o chung với tỏi bằm. Khi cọng m&igrave; đ&atilde; săn đều th&igrave; cho tiếp phần sốt v&agrave;o v&agrave; đảo đều để sốt được b&aacute;m đều quanh cọng m&igrave;.</p>\r\n	</li>\r\n	<li>\r\n	<p>Cho phần m&igrave; ra dĩa xong rắc một &iacute;t ng&ograve; t&acirc;y bằm nhuyễn c&ugrave;ng ph&ocirc; mai bột v&agrave; thưởng thức.</p>\r\n	</li>\r\n</ul>\r\n','','<p><span style=\"color:rgb(17, 17, 17); font-size:14px\">M&igrave; &Yacute; Sốt Carbonara - Bếp Nh&agrave; TV Studio<br />\r\n<br />\r\nTổ chức sản xuất : Vick Le<br />\r\n<br />\r\nQuay Phim : L&ecirc; Anh Nguy&ecirc;n - Vick Le<br />\r\n<br />\r\nDựng Phim : Vick Le<br />\r\n<br />\r\nDesign H&igrave;nh Ảnh : L&ecirc; Anh Nguy&ecirc;n<br />\r\n<br />\r\nĐầu Bếp : Chef Hữu Đức </span><br />\r\n<br />\r\n<span style=\"color:rgb(17, 17, 17); font-size:14px\">Cả nh&agrave; theo d&otilde;i th&ocirc;ng tin của Bếp Nh&agrave; TV tại đ&acirc;y nh&eacute;:<br />\r\n<br />\r\n► Fanpage: </span><a class=\"yt-simple-endpoint style-scope yt-formatted-string\" href=\"https://www.youtube.com/redirect?event=video_description&amp;v=jqrxf7UFqzs&amp;redir_token=d8fnJlLAlWGZodsNVcuj3UWkpcV8MTUyNzU4MDk1MUAxNTI3NDk0NTUx&amp;q=https%3A%2F%2Fwww.facebook.com%2Fbepnhatv%2F\" style=\"display: inline-block; cursor: pointer; text-decoration-line: none; color: var(--yt-endpoint-visited-color, var(--yt-spec-icon-active-button-link)); font-family: Roboto, Arial, sans-serif; font-size: 14px; white-space: pre-wrap;\">https://www.facebook.com/bepnhatv/</a><br />\r\n<span style=\"color:rgb(17, 17, 17); font-size:14px\">► Youtube: </span><a class=\"yt-simple-endpoint style-scope yt-formatted-string\" href=\"https://www.youtube.com/bepnhatv\" style=\"display: inline-block; cursor: pointer; text-decoration-line: none; color: var(--yt-endpoint-visited-color, var(--yt-spec-icon-active-button-link)); font-family: Roboto, Arial, sans-serif; font-size: 14px; white-space: pre-wrap;\">https://www.youtube.com/bepnhatv</a><br />\r\n<br />\r\n<span style=\"color:rgb(17, 17, 17); font-size:14px\">---------------------<br />\r\n&copy; Bản quyền thuộc về Bếp Nh&agrave; TV &copy; Copyright by Bep Nha TV ☞ Do not Reup</span></p>\r\n',0,5,1,1,1,'2018-05-28 14:49:21','2018-06-20 02:48:22',494,0,0,0,0,0,1,0),(39,'Sườn hầm sa kê táo đỏ','Chef Phước Lành','<p><span style=\"color:rgb(51, 51, 51)\"><strong>Sa k&ecirc;</strong>&nbsp;c&ograve;n c&oacute; t&ecirc;n gọi kh&aacute;c l&agrave; c&acirc;y b&aacute;nh m&igrave;, thuộc họ d&acirc;u tằm. Ở nước ta c&acirc;y sake được trồng nhiều ở ph&iacute;a Nam. Bộ phận c&oacute; thể d&ugrave;ng trong y học gồm, rễ, l&aacute;, vỏ v&agrave; nhựa c&acirc;y. Theo Đ&ocirc;ng y, rễ sa k&ecirc; c&oacute; t&iacute;nh l&agrave;m dịu, trị ho; vỏ c&oacute; t&aacute;c dụng s&aacute;t tr&ugrave;ng; l&aacute; c&oacute; c&ocirc;ng dụng ti&ecirc;u vi&ecirc;m, ti&ecirc;u độc, lợi tiểu. B&ecirc;n cạnh việc d&ugrave;ng quả sa k&ecirc; để chữa bệnh th&igrave; n&oacute; c&ograve;n d&ugrave;ng để chế biến n&ecirc;n những m&oacute;n ăn ngon. V&agrave; h&ocirc;m nay,&nbsp;<span style=\"color:rgb(51, 102, 255)\"><em><strong><a href=\"http://website%20bepnha.tv/\" style=\"box-sizing: border-box; background-color: transparent; color: rgb(51, 102, 255); text-decoration-line: none;\">Bepnha.tv</a></strong></em>&nbsp;</span>sẽ hướng dẫn cho c&aacute;c bạn c&aacute;ch nấu m&oacute;n canh sườn non với quả sa k&ecirc; rất ngon v&agrave; bổ nh&eacute;.Nhất l&agrave; c&aacute;c b&eacute; cũng sẽ rất th&iacute;ch m&oacute;n ăn n&agrave;y đấy.</span></p>\r\n','2018/05/28/1527493799-Suon-ham-sake-tao-do-Vao-bep-cung-Bep-Nha.mp4','videos/2018/05/28/1527493871-suon-ham-sake.png',NULL,'01:46','','<p><strong>Nguy&ecirc;n liệu:</strong></p>\r\n\r\n<ul>\r\n	<li>Sườn heo: 0,5 kg</li>\r\n	<li>Sa k&ecirc;: 1 tr&aacute;i</li>\r\n	<li>H&agrave;nh l&aacute;, ng&ograve; r&iacute;, ớt</li>\r\n	<li>T&aacute;o đỏ: 50g</li>\r\n	<li>Gia vị:Muối, đường, hạt n&ecirc;m, nước mắm, ti&ecirc;u</li>\r\n</ul>\r\n','','<p><strong>C&aacute;ch l&agrave;m</strong><br />\r\n<br />\r\n&nbsp;</p>\r\n\r\n<p>&ndash; Sa k&ecirc; gọt bỏ vỏ xanh, bỏ c&ugrave;i, cắt miếng vừa ăn, ng&acirc;m trong nước muối pha lo&atilde;ng để sa k&ecirc; kh&ocirc;ng bị đen.</p>\r\n\r\n<p>&ndash; Sườn heo rửa sạch, chần sơ qua nước s&ocirc;i cho sườn được sạch v&agrave; laoij bỏ bớt m&aacute;u bẩn b&aacute;m tr&ecirc;n sườn.</p>\r\n\r\n<p>&ndash; T&aacute;o đỏ ng&acirc;m với nước lạnh.</p>\r\n\r\n<p>&ndash; Cho 2 l&iacute;t nước lạnh v&agrave;o nồi v&agrave; cho sườn heo đ&atilde; chần sơ với 2 củ h&agrave;nh t&iacute;m v&agrave;o hầm, hầm khoảng 30 ph&uacute;t kể từ l&uacute;c nước s&ocirc;i.</p>\r\n\r\n<p><em>* Ch&uacute; &yacute; trong qu&aacute; tr&igrave;nh hầm khi nước bắt s&ocirc;i giảm lửa nhỏ lại v&agrave; vớt bọt trong qu&aacute; tr&igrave;nh hầm.</em></p>\r\n\r\n<p>&ndash; Sau 30 ph&uacute;t hầm cho sa k&ecirc;, t&aacute;o đỏ v&agrave;o nấu tiếp khoảng 15 ph&uacute;t đến khi sa k&ecirc; ch&iacute;n mềm.</p>\r\n\r\n<p>&ndash; N&ecirc;m nếm gia vị: 1 mcf muối, 2 mcf hạt n&ecirc;m, 1 mcf đường, 2 mcf nước mắm n&ecirc;m lại cho vừa ăn. Cuối c&ugrave;ng cho h&agrave;nh l&aacute;, ng&ograve; r&iacute; cắt kh&uacute;c, ti&ecirc;u xay v&agrave;o v&agrave; thưởng thức.</p>\r\n\r\n<p>&nbsp;</p>\r\n','','<p><span style=\"color:rgb(17, 17, 17); font-size:14px\">Sườn Hầm Sa k&ecirc; t&aacute;o đỏ - Bếp Nh&agrave; TV Studio<br />\r\n<br />\r\nTổ chức sản xuất : Vick Le<br />\r\n<br />\r\nQuay Phim : L&ecirc; Anh Nguy&ecirc;n - Vick Le<br />\r\n<br />\r\nDựng Phim : Vick Le<br />\r\n<br />\r\nDesign H&igrave;nh Ảnh : L&ecirc; Anh Nguy&ecirc;n<br />\r\n<br />\r\nĐầu Bếp : Chef Phước L&agrave;nh</span></p>\r\n\r\n<p><span style=\"color:rgb(17, 17, 17); font-size:14px\">Cả nh&agrave; theo d&otilde;i th&ocirc;ng tin của Bếp Nh&agrave; TV tại đ&acirc;y nh&eacute;:</span></p>\r\n\r\n<p><br />\r\n<span style=\"color:rgb(17, 17, 17); font-size:14px\">► Fanpage:&nbsp;</span><a class=\"yt-simple-endpoint style-scope yt-formatted-string\" href=\"https://www.youtube.com/redirect?event=video_description&amp;v=jqrxf7UFqzs&amp;redir_token=d8fnJlLAlWGZodsNVcuj3UWkpcV8MTUyNzU4MDk1MUAxNTI3NDk0NTUx&amp;q=https%3A%2F%2Fwww.facebook.com%2Fbepnhatv%2F\" style=\"color: var(--yt-endpoint-visited-color, var(--yt-spec-icon-active-button-link)); display: inline-block; cursor: pointer; text-decoration-line: none; font-family: Roboto, Arial, sans-serif; font-size: 14px; white-space: pre-wrap;\">https://www.facebook.com/bepnhatv/</a><br />\r\n<span style=\"color:rgb(17, 17, 17); font-size:14px\">► Youtube:&nbsp;</span><a class=\"yt-simple-endpoint style-scope yt-formatted-string\" href=\"https://www.youtube.com/bepnhatv\" style=\"color: var(--yt-endpoint-visited-color, var(--yt-spec-icon-active-button-link)); display: inline-block; cursor: pointer; text-decoration-line: none; font-family: Roboto, Arial, sans-serif; font-size: 14px; white-space: pre-wrap;\">https://www.youtube.com/bepnhatv</a><br />\r\n<br />\r\n<span style=\"color:rgb(17, 17, 17); font-size:14px\">---------------------<br />\r\n&copy; Bản quyền thuộc về Bếp Nh&agrave; TV &copy; Copyright by Bep Nha TV ☞ Do not Reup</span></p>\r\n\r\n<p><br />\r\n<br />\r\n&nbsp;</p>\r\n',0,6,4,1,1,'2018-05-28 14:51:54','2018-07-02 08:37:20',283,0,0,0,0,0,0,0),(40,'Gỏi bông súng tôm thịt ngon mê ly ngày hè','Chef Phước Lành','<p><span style=\"color:rgb(51, 51, 51)\"><strong>Gỏi b&ocirc;ng s&uacute;ng</strong>&nbsp;l&agrave; m&oacute;n ăn thanh m&aacute;t, gi&ograve;n ngon cho m&ugrave;a h&egrave;. Với c&aacute;ch chế biến kh&ocirc;ng qu&aacute; cầu kỳ, nguy&ecirc;n liệu v&ocirc; c&ugrave;ng dễ kiếm. Đặc biệt, v&agrave;o những ng&agrave;y h&egrave; với đĩa&nbsp;<strong>gỏi b&ocirc;ng s&uacute;ng</strong>&nbsp;sẽ gi&uacute;p bạn nhanh ch&oacute;ng xua tan đi c&aacute;i nắng oi ả ngay tức th&igrave;. Chỉ cần th&ecirc;m ch&uacute;t t&ocirc;m ch&uacute;t thịt với v&agrave;i cọng rau thơm l&agrave; c&oacute; m&oacute;n gỏi b&ocirc;ng s&uacute;ng cực kỳ tuyệt vời. H&atilde;y c&ugrave;ng&nbsp;<span style=\"color:rgb(51, 102, 255)\"><strong><a href=\"http://website%20bepnha.tv/\" style=\"box-sizing: border-box; background-color: transparent; color: rgb(51, 102, 255); text-decoration-line: none;\">bepnha.tv</a></strong></span>&nbsp;học c&aacute;ch chế biến m&oacute;n gỏi ngon tuyệt n&agrave;y nha.</span></p>\r\n','2018/05/28/1527493998-Goi-bong-sung-tom-thit-ngon-me-ly-ngay-he-Vao-bep-cung-Bep-Nha.mp4','videos/2018/05/28/1527494007-goi-bong-sung.jpg',NULL,'02:50','','<p><strong>Nguy&ecirc;n liệu:</strong></p>\r\n\r\n<p>T&ocirc;m s&uacute;: 400g<br />\r\nThịt ba chỉ: 300g<br />\r\nB&ocirc;ng s&uacute;ng: 2 b&oacute;<br />\r\nH&agrave;nh t&acirc;y: 1 củ<br />\r\nRau răm: 1 &iacute;t<br />\r\nGia vị: Tỏi, ớt, h&agrave;nh phi, đậu phộng, đường, nước mắm, muối, hạt n&ecirc;m, dầu ăn<br />\r\nTắc: 100g</p>\r\n','','<p><strong>C&aacute;ch l&agrave;m:</strong><br />\r\n<br />\r\n&nbsp;</p>\r\n\r\n<p>&ndash; Chuẩn bị nước luộc thịt + t&ocirc;m: cho v&agrave;o nước luộc &nbsp;2 mcf muối, 2mcf hạt n&ecirc;m, 1 mcf bột ngọt. Cho thịt v&agrave;o l&uacute;c nước c&ograve;n ấm.&nbsp;Thịt ch&iacute;n vớt ra v&agrave; ng&acirc;m v&agrave;o &acirc;u nước lạnh.</p>\r\n\r\n<p>&ndash;&nbsp;Sau khi vớt thịt ra tiếp tục cho t&ocirc;m v&agrave;o luộc đến khi t&ocirc;m cong lại l&agrave; ch&iacute;n, luộc khoảng 7 &ndash; 10 ph&uacute;t. Khi luộc ch&iacute;n vớt ra ng&acirc;m nước lạnh v&agrave; lột vỏ bỏ phần đầu.</p>\r\n\r\n<p>&ndash;&nbsp;H&agrave;nh t&acirc;y cắt sợi v&agrave; ng&acirc;m v&agrave;o nước đ&aacute; (gi&uacute;p h&agrave;nh t&acirc;y bớt hăng). Ớt sừng th&aacute;i sợi, bỏ hột. Rau răm rửa sạch th&aacute;i nhỏ.<br />\r\n&ndash; B&ocirc;ng s&uacute;ng tước bỏ vỏ, cắt kh&uacute;c vừa ăn, chẻ đ&ocirc;i v&agrave; ng&acirc;m v&agrave;o nước c&oacute; pha 1 &iacute;t nước cốt tắc. (Gi&uacute;p cho b&ocirc;ng s&uacute;ng kh&ocirc;ng bị th&acirc;m đen)</p>\r\n\r\n<p>&ndash; Tỏi băm nhuyễn cho v&agrave;o dầu n&oacute;ng phi v&agrave;ng l&ecirc;n.</p>\r\n\r\n<p>&ndash; Nước mắm trộn gỏi (sốt trộn gỏi): trộn đều 6mc đường + 5 mc nước mắm + 4 mc nước cốt tắc. N&ecirc;m nếm lại vừa ăn. (T&ugrave;y thuộc v&agrave;o khẩu vị của mỗi người m&agrave; c&oacute; thể gia giảm số lượng gia vị của nước mắm gỏi nh&eacute;)</p>\r\n\r\n<p>&ndash; Trộn gỏi:</p>\r\n\r\n<ul>\r\n	<li>B&ocirc;ng s&uacute;ng rửa sạch với nước, vớt ra để r&aacute;o nước trộn. Sau đ&oacute; trộn phần b&ocirc;ng s&uacute;ng n&agrave;y với &frac12; sốt trộn gỏi để khoảng 30 ph&uacute;t cho b&ocirc;ng s&uacute;ng ngấm sốt.</li>\r\n	<li>Tiếp đ&oacute;, chắt bỏ nước sốt trong b&ocirc;ng s&uacute;ng, tiếp tục cho th&ecirc;m thịt ba chỉ, t&ocirc;m, h&agrave;nh phi, tỏi phi, đậu phộng, rau răm cắt nhỏ v&agrave; &frac12; nước sốt trộn gỏi c&ograve;n lại v&agrave;o v&agrave; trộn đều l&ecirc;n gỏi.</li>\r\n	<li>Cho gỏi ra dĩa, tr&igrave;nh bay v&agrave; thưởng thức.</li>\r\n</ul>\r\n\r\n<p>&nbsp;</p>\r\n','','<p><span style=\"color:rgb(17, 17, 17); font-size:14px\">Gỏi b&ocirc;ng s&uacute;ng t&ocirc;m thịt - Bếp Nh&agrave; TV Studio</span><br />\r\n<br />\r\n<span style=\"color:rgb(17, 17, 17); font-size:14px\">Tổ chức sản xuất : Vick Le</span><br />\r\n<br />\r\n<span style=\"color:rgb(17, 17, 17); font-size:14px\">Quay Phim : L&ecirc; Anh Nguy&ecirc;n - Vick Le</span><br />\r\n<br />\r\n<span style=\"color:rgb(17, 17, 17); font-size:14px\">Dựng Phim : Vick Le</span><br />\r\n<br />\r\n<span style=\"color:rgb(17, 17, 17); font-size:14px\">Design H&igrave;nh Ảnh : L&ecirc; Anh Nguy&ecirc;n</span><br />\r\n<br />\r\n<span style=\"color:rgb(17, 17, 17); font-size:14px\">Đầu Bếp : Chef Phước L&agrave;nh<br />\r\n<br />\r\nCả nh&agrave; theo d&otilde;i th&ocirc;ng tin của Bếp Nh&agrave; TV tại đ&acirc;y nh&eacute;:<br />\r\n<br />\r\n► Fanpage:&nbsp;</span><a class=\"yt-simple-endpoint style-scope yt-formatted-string\" href=\"https://www.youtube.com/redirect?event=video_description&amp;v=jqrxf7UFqzs&amp;redir_token=d8fnJlLAlWGZodsNVcuj3UWkpcV8MTUyNzU4MDk1MUAxNTI3NDk0NTUx&amp;q=https%3A%2F%2Fwww.facebook.com%2Fbepnhatv%2F\" style=\"color: var(--yt-endpoint-visited-color, var(--yt-spec-icon-active-button-link)); display: inline-block; cursor: pointer; text-decoration-line: none; font-family: Roboto, Arial, sans-serif; font-size: 14px; white-space: pre-wrap;\">https://www.facebook.com/bepnhatv/</a><br />\r\n<span style=\"color:rgb(17, 17, 17); font-size:14px\">► Youtube:&nbsp;</span><a class=\"yt-simple-endpoint style-scope yt-formatted-string\" href=\"https://www.youtube.com/bepnhatv\" style=\"color: var(--yt-endpoint-visited-color, var(--yt-spec-icon-active-button-link)); display: inline-block; cursor: pointer; text-decoration-line: none; font-family: Roboto, Arial, sans-serif; font-size: 14px; white-space: pre-wrap;\">https://www.youtube.com/bepnhatv</a><br />\r\n<br />\r\n<span style=\"color:rgb(17, 17, 17); font-size:14px\">---------------------<br />\r\n&copy; Bản quyền thuộc về Bếp Nh&agrave; TV &copy; Copyright by Bep Nha TV ☞ Do not Reup</span><br />\r\n&nbsp;</p>\r\n',0,6,9,1,1,'2018-05-28 14:54:37','2018-06-21 03:11:18',1804,0,0,0,0,0,1,0),(41,'Sủi cảo Thiên Thiên - Tiệm Sủi Cảo Nổi Danh Sài Gòn','VJ Chúc Anh','<p><span style=\"color:rgb(17, 17, 17); font-size:14px\">Đ&atilde; từ l&acirc;u, con đường H&agrave; T&ocirc;n Quyền nổi danh như một con đường d&agrave;nh ri&ecirc;ng cho m&oacute;n sủi cảo. Cứ khi chiều tới, khắp con phố tấp nập những người tới chỉ để thưởng thức m&oacute;n sủi cảo trứ danh thuộc ẩm thực Trung Hoa. Nổi bật l&ecirc;n trong đ&oacute; l&agrave; cửa tiệm Sủi Cảo Thi&ecirc;n Thi&ecirc;n, nơi được mệnh danh l&agrave; c&oacute; b&aacute;n m&oacute;n sủi cảo ngon nhất tại S&agrave;i G&ograve;n. C&oacute; điều g&igrave; đặc biệt ở m&oacute;n sủi cảo Thi&ecirc;n Thi&ecirc;n? Điều hấp dẫn g&igrave; đ&atilde; mang lại danh tiếng cho cửa tiệm qua h&agrave;ng chục năm? H&atilde;y c&ugrave;ng t&igrave;m hiểu với ch&uacute;ng m&igrave;nh trong Bếp Nh&agrave; Tuyệt Đỉnh k&yacute; ng&agrave;y h&ocirc;m nay nh&eacute;!! </span></p>\r\n\r\n<p>&nbsp;</p>\r\n','2018/05/28/1527494161-Bep-Nha-Tuyet-Dinh-Ky-SUI-CAO-THIEN-THIEN-Tiem-Sui-Cao-Noi-Danh-Sai-Gon.mp4','videos/2018/05/28/1527494192-sui-cao-thien-thien.jpg',NULL,'03:43','','','','','','',0,3,16,1,1,'2018-05-28 14:59:12','2018-05-28 10:31:11',136,0,0,0,0,0,0,0),(42,'Cách làm Bún Cá Ngừ Nha Trang cực ngon','Kim Kim','<p><strong>B&uacute;n c&aacute; ngừ</strong><span style=\"font-size:17px\">&nbsp;một m&oacute;n ăn d&acirc;n d&atilde; những cực k&igrave; thơm ngon bởi hương vị ngọt thơm từ nước d&ugrave;ng , thịt c&aacute; ngừ dai ngọt ăn chung với b&uacute;n v&agrave;o những buổi chiều se lạnh m&ugrave;a mưa th&igrave; c&ograve;n g&igrave; bằng phải kh&ocirc;ng n&agrave;o c&aacute;c bạn</span></p>\r\n','2018/05/28/1527494417-bun-ca-ngu.mp4','videos/2018/05/28/1527494430-bun-ca-ngu.jpg',NULL,'04:45','','<p>Nguy&ecirc;n Liệu:</p>\r\n\r\n<p><span style=\"color:rgb(17, 17, 17); font-size:14px\">- 1 CON C&Aacute; NGỪ </span></p>\r\n\r\n<p><span style=\"color:rgb(17, 17, 17); font-size:14px\">- &frac12; quả thơm </span></p>\r\n\r\n<p><span style=\"color:rgb(17, 17, 17); font-size:14px\">- 3 quả c&agrave; chua </span></p>\r\n\r\n<p><span style=\"color:rgb(17, 17, 17); font-size:14px\">- H&agrave;nh l&aacute; </span></p>\r\n\r\n<p><span style=\"color:rgb(17, 17, 17); font-size:14px\">- H&agrave;nh tỏi băm</span></p>\r\n','<p><span style=\"color:rgb(17, 17, 17); font-size:14px\">- Nước mắm </span></p>\r\n\r\n<p><span style=\"color:rgb(17, 17, 17); font-size:14px\">- Muối</span></p>\r\n\r\n<p><span style=\"color:rgb(17, 17, 17); font-size:14px\">- Đường </span></p>\r\n\r\n<p><span style=\"color:rgb(17, 17, 17); font-size:14px\">- Bột n&ecirc;m </span></p>\r\n\r\n<p><span style=\"color:rgb(17, 17, 17); font-size:14px\">- Mắm rước huế </span></p>\r\n\r\n<p><span style=\"color:rgb(17, 17, 17); font-size:14px\">- B&uacute;n tươi </span></p>\r\n\r\n<p><span style=\"color:rgb(17, 17, 17); font-size:14px\">- Rau sống</span></p>\r\n','<p><span style=\"color:rgb(17, 17, 17); font-size:14px\">C&aacute;ch l&agrave;m:<br />\r\n<br />\r\n- Chi&ecirc;n v&agrave;ng 2 mặt c&aacute;<br />\r\n<br />\r\n- Phi thơm tỏi h&agrave;nh, cho c&agrave; chua v&agrave; thơm v&agrave;o x&agrave;o. N&ecirc;m ch&uacute;t bột n&ecirc;m<br />\r\n<br />\r\n- Nấu nước s&ocirc;i với sả c&acirc;y. Cho c&agrave; chua v&agrave; thơm v&agrave;o. N&ecirc;m nếm gia vị. cho mắm rước huế. Nước s&ocirc;i lại th&igrave; cho c&aacute; v&agrave;o nấu 5 ph&uacute;t. N&ecirc;m nếm lại cho vừa ăn.<br />\r\n<br />\r\nCh&uacute;c c&aacute;c bạn th&agrave;nh c&ocirc;ng !</span></p>\r\n','','',0,6,10,1,1,'2018-05-28 15:01:47','2018-06-21 03:12:22',410,0,0,0,0,0,0,0),(43,'Cháo hột vịt lộn bắc thảo','','<p><span style=\"color:rgb(17, 17, 17); font-size:14px\">C&aacute;c bạn đ&atilde; c&oacute; gợi &yacute; g&igrave; cho bữa cơm gia đ&igrave;nh m&igrave;nh h&ocirc;m n&agrave;y chưa? H&atilde;y c&ugrave;ng Bếp Nh&agrave; TV v&agrave;o bếp thực hiện m&oacute;n CH&Aacute;O HỘT VỊT BẮC THẢO THỊT BẰM v&ocirc; c&ugrave;ng thơm ngon hấp dẫn n&agrave;y nh&eacute;.</span></p>\r\n','2018/05/28/1527496436-Chao-bac-thao.mp4','videos/2018/05/28/1527496542-chao-hot-vit-bac-thao-2.jpg',NULL,'01:30','','<p><span style=\"color:rgb(17, 17, 17); font-size:14px\">Nguy&ecirc;n liệu:<br />\r\n<br />\r\n- 300 gr thịt heo xay<br />\r\n- 5 trứng vịt bắc thảo<br />\r\n- 1 ch&eacute;n gạo<br />\r\n- Hạt n&ecirc;m<br />\r\n- Muối<br />\r\n- Đường<br />\r\n- H&agrave;nh băm<br />\r\n- H&agrave;nh ng&ograve; cắt nhỏ<br />\r\n- H&agrave;nh phi<br />\r\n- Ti&ecirc;u </span></p>\r\n\r\n<p>&nbsp;</p>\r\n','','<p><span style=\"color:rgb(17, 17, 17); font-size:14px\">C&aacute;ch l&agrave;m:<br />\r\n<br />\r\n- Ướp thịt với gia vị trong 15 ph&uacute;t<br />\r\n<br />\r\n- Phi thơm h&agrave;nh, cho thịt v&agrave;o x&agrave;o ch&iacute;n.<br />\r\n<br />\r\n- Nấu ch&aacute;o nhừ với 1 ch&eacute;n gạo<br />\r\n<br />\r\n- Cho thịt v&agrave;o, n&ecirc;m nếm vừa ăn. Th&ecirc;m trứng bắc thảo cắt nhỏ v&agrave; thưởng thức. Ch&uacute;c c&aacute;c bạn th&agrave;nh c&ocirc;ng !</span></p>\r\n','','',0,6,4,1,1,'2018-05-28 15:35:46','2018-07-02 08:37:32',204,0,0,0,0,0,1,0),(44,'Miến chiên giòn nhân thịt','','<p><span style=\"color:rgb(17, 17, 17); font-size:14px\">Miến chi&ecirc;n gi&ograve;n nh&acirc;n thịt l&agrave; m&oacute;n ăn nghe c&oacute; vẻ kh&aacute; mới lạ. Tuy nhi&ecirc;n, với c&aacute;ch l&agrave;m cực đơn giản m&agrave; th&agrave;nh phẩm lại ngon tuyệt n&ecirc;n bất cứ chị em nội trợ n&agrave;o cũng đều th&iacute;ch m&ecirc; m&oacute;n ăn n&agrave;y. Lớp miến gi&ograve;n thơm, nh&acirc;n thịt đậm đ&agrave; chấm k&egrave;m tương ớt l&agrave; ngon nhất đ&oacute; ! C&aacute;c bạn h&atilde;y c&ugrave;ng Ad l&agrave;m thử m&oacute;n ăn n&agrave;y nh&eacute; mọi người</span></p>\r\n','2018/05/28/1527501541-Mien-chien-gion.mp4','videos/2018/05/28/1527499774-mien-chien-gion.jpg',NULL,'06:38','','<p><span style=\"color:rgb(17, 17, 17); font-size:14px\">Nguy&ecirc;n liệu:<br />\r\n<br />\r\n&ndash; 100g miến gạo (c&oacute; nơi gọi l&agrave; hủ tiếu, b&uacute;n kh&ocirc;, m&igrave; gạo) </span></p>\r\n\r\n<p><span style=\"color:rgb(17, 17, 17); font-size:14px\">&ndash; 100g thịt vai xay </span></p>\r\n\r\n<p><span style=\"color:rgb(17, 17, 17); font-size:14px\">&ndash; 5-6 tai nấm hương </span></p>\r\n\r\n<p><span style=\"color:rgb(17, 17, 17); font-size:14px\">&ndash; 2 tai mộc nhĩ ng&acirc;m nở </span></p>\r\n\r\n<p><span style=\"color:rgb(17, 17, 17); font-size:14px\">&ndash; 1 quả trứng </span></p>\r\n\r\n<p><span style=\"color:rgb(17, 17, 17); font-size:14px\">&ndash; Gia vị: 2 th&igrave;a hạt n&ecirc;m; 1 th&igrave;a mắm; 1 &iacute;t ti&ecirc;u </span></p>\r\n\r\n<p><span style=\"color:rgb(17, 17, 17); font-size:14px\">&ndash; H&agrave;nh kh&ocirc; 2 củ băm nhỏ; 2 nh&aacute;nh h&agrave;nh l&aacute; th&aacute;i nhỏ </span></p>\r\n\r\n<p>&nbsp;</p>\r\n','','<p><span style=\"color:rgb(17, 17, 17); font-size:14px\">C&aacute;ch l&agrave;m :</span></p>\r\n\r\n<p><span style=\"color:rgb(17, 17, 17); font-size:14px\">- Ng&acirc;m miến gạo trong nước ấm khoảng 50 độ C trong 10 ph&uacute;t cho mềm rồi chắt bỏ nước, bẻ th&agrave;nh c&aacute;c đoạn c&oacute; độ d&agrave;i 5cm </span></p>\r\n\r\n<p><span style=\"color:rgb(17, 17, 17); font-size:14px\">- Mộc nhĩ, nấm hương ng&acirc;m với nước ấm cho nở mềm. Rửa sạch lại với nước lạnh rồi th&aacute;i nhỏ. H&agrave;nh kh&ocirc; b&oacute;c vỏ sạch vỏ rồi băm nhỏ </span></p>\r\n\r\n<p><span style=\"color:rgb(17, 17, 17); font-size:14px\">- Cho thịt nạc xay v&agrave;o t&ocirc;, n&ecirc;m th&ecirc;m hạt n&ecirc;m, hạt ti&ecirc;u, nước mắm. Đập một quả trứng v&agrave;o t&ocirc; thịt, trộn đều. Cho h&agrave;nh kh&ocirc; băm nhỏ, nấm hương, mộc nhĩ th&aacute;i nhỏ v&agrave;o t&ocirc;. Cuối c&ugrave;ng cắt nhỏ h&agrave;nh l&aacute; v&agrave;o v&agrave; trộn trều. </span></p>\r\n\r\n<p><span style=\"color:rgb(17, 17, 17); font-size:14px\">- Bắc chảo l&ecirc;n bếp v&agrave; đổ dầu, khi dầu n&oacute;ng, rải 1 lớp miến l&ecirc;n mặt chảo. Tiếp theo cho 1 lớp nh&acirc;n thịt d&agrave;n đều, khoảng 5 ph&uacute;t sau cho tiếp 1 lớp miến rải đều phủ k&iacute;n mặt nh&acirc;n, đun nhỏ lửa khoảng 10 ph&uacute;t, rồi d&ugrave;ng đũa lật. </span></p>\r\n\r\n<p><span style=\"color:rgb(17, 17, 17); font-size:14px\">- Khi hai mặt miến v&agrave;ng đều, bạn vớt ra đĩa, cắt miếng vừa ăn v&agrave; thưởng thức với nước mắm chua ngọt. Ch&uacute;c c&aacute;c bạn th&agrave;nh c&ocirc;ng v&agrave; ngon miệng!</span></p>\r\n','','',0,6,1,1,1,'2018-05-28 16:30:19','2018-05-28 10:15:55',355,0,0,0,0,0,0,0),(45,'Mề Gà Xào Xả Ớt','','<p><span style=\"color:rgb(17, 17, 17); font-size:14px\">Mề g&agrave; x&agrave;o sả ớt gi&ograve;n ngon, cay cay sẽ l&agrave; m&oacute;n nhậu ngon cho &ocirc;ng x&atilde; của c&aacute;c bạn. M&oacute;n mề g&agrave; x&agrave;o sả ớt rất hấp dẫn, c&aacute;ch l&agrave;m m&oacute;n mề g&agrave; x&agrave;o sả ớt cực đơn giản. C&ugrave;ng Ad v&agrave;o bếp để thực hiện m&oacute;n ăn n&agrave;y nh&eacute;&nbsp;</span></p>\r\n','2018/05/28/1527500156-Me-ga-xao.mp4','videos/2018/05/28/1527500152-me-ga-xao-xa-ot.jpg',NULL,'01:14','','<p><span style=\"color:rgb(17, 17, 17); font-size:14px\">Nguy&ecirc;n liệu: </span></p>\r\n\r\n<p><span style=\"color:rgb(17, 17, 17); font-size:14px\">- 300g mề g&agrave; </span></p>\r\n\r\n<p><span style=\"color:rgb(17, 17, 17); font-size:14px\">- &frac12; củ h&agrave;nh t&acirc;y, bổ cau </span></p>\r\n\r\n<p><span style=\"color:rgb(17, 17, 17); font-size:14px\">- 1 quả ớt bằm </span></p>\r\n\r\n<p><span style=\"color:rgb(17, 17, 17); font-size:14px\">- 1 muỗng c&agrave; ph&ecirc; hạt n&ecirc;m </span></p>\r\n\r\n<p><span style=\"color:rgb(17, 17, 17); font-size:14px\">- 2 muỗng c&agrave; ph&ecirc; bột nghệ </span></p>\r\n\r\n<p><span style=\"color:rgb(17, 17, 17); font-size:14px\">- 2 muỗng canh sả băm</span></p>\r\n\r\n<p><span style=\"color:rgb(17, 17, 17); font-size:14px\">- 1 ch&uacute;t hạt ti&ecirc;u </span></p>\r\n\r\n<p><span style=\"color:rgb(17, 17, 17); font-size:14px\">- 1 muỗng c&agrave; ph&ecirc; muối</span></p>\r\n\r\n<p><span style=\"color:rgb(17, 17, 17); font-size:14px\">- 1/3 b&aacute;t nước </span></p>\r\n\r\n<p>&nbsp;</p>\r\n','','<p><span style=\"color:rgb(17, 17, 17); font-size:14px\">C&aacute;ch l&agrave;m: </span></p>\r\n\r\n<p><span style=\"color:rgb(17, 17, 17); font-size:14px\">- Mề g&agrave; cắt bỏ phần mỡ, th&aacute;i miếng vừa ăn. Rửa với nước pha muối, sau đ&oacute; xả qua nước lạnh thật sạch. </span></p>\r\n\r\n<p><span style=\"color:rgb(17, 17, 17); font-size:14px\">- Ướp mề với hạt n&ecirc;m, bột nghệ, hạt ti&ecirc;u v&agrave; muối. Để 20 ph&uacute;t cho mề g&agrave; ngấm gia vị. </span></p>\r\n\r\n<p><span style=\"color:rgb(17, 17, 17); font-size:14px\">- Bắc chảo l&ecirc;n bếp, cho v&agrave;o 1 muỗng canh dầu, dầu n&oacute;ng phi thơm tỏi. Cho mề g&agrave; v&agrave;o x&agrave;o với lửa vừa. Th&ecirc;m sả băm, ớt băm, đảo đều. </span></p>\r\n\r\n<p><span style=\"color:rgb(17, 17, 17); font-size:14px\">- X&agrave;o 5 ph&uacute;t th&igrave; cho 1/3 ch&eacute;n nước v&agrave;o x&agrave;o cho đến khi nước cạn, mề g&agrave; ch&iacute;n, cho h&agrave;nh t&acirc;y v&agrave;o đảo đều, m&ecirc;m nếm lại cho vừa ăn l&agrave; tắt bếp. Ch&uacute;c c&aacute;c bạn th&agrave;nh c&ocirc;ng! </span></p>\r\n\r\n<p>&nbsp;</p>\r\n','','',3,6,13,1,1,'2018-05-28 16:36:27','2018-06-21 04:25:10',381,0,0,0,0,0,0,0),(46,'Bún riêu chay ngon tuyệt vời cho lễ Phật Đản','Chef Diệu Lành','<p><span style=\"color:rgb(51, 51, 51)\">B&uacute;n ri&ecirc;u chay được l&agrave;m từ những nguy&ecirc;n liệu đơn giản như đậu hũ, c&agrave; rốt, c&agrave; chua&hellip; nhưng lại ngon đến kh&ocirc;ng ngờ. Những ai y&ecirc;u th&iacute;ch ăn chay hay đơn giản muốn thay đổi vị th&igrave; kh&ocirc;ng n&ecirc;n bỏ qua m&oacute;n n&agrave;y. H&atilde;y c&ugrave;ng<span style=\"color:rgb(51, 102, 255)\">&nbsp;<strong><a href=\"http://website%20bepnha.tv/\" style=\"box-sizing: border-box; background-color: transparent; color: rgb(51, 102, 255); text-decoration-line: none;\">bepnha.tv</a></strong></span>&nbsp;học c&aacute;ch chế biến m&oacute;n b&uacute;n ri&ecirc;u chay hấp dẫn n&agrave;y nha!</span></p>\r\n','2018/06/05/1528167245-Bun-rieu-chay-Vao-bep-cung-Bep-Nha.mp4','videos/2018/06/05/1528167302-bun-rieu-chay.jpg',NULL,'04:04','','<p><strong>Nguy&ecirc;n liệu</strong></p>\r\n\r\n<p>&ndash; 50gr nấm đ&ocirc;ng c&ocirc;</p>\r\n\r\n<p>&ndash; 50gr nấm linh chi n&acirc;u</p>\r\n\r\n<p>&ndash; 50gr nấm rơm</p>\r\n\r\n<p>&ndash; 100gr đậu hũ chi&ecirc;n nhỏ</p>\r\n\r\n<p>&ndash; 3c&agrave; chua</p>\r\n\r\n<p>&ndash; Mắm chay: 50gr tương đậu xay, 30gr thơm, 20gr sả xay</p>\r\n\r\n<p>&nbsp;</p>\r\n','<p>&ndash; Ri&ecirc;u chay: 2 b&igrave;a đậu trắng, 1 c&agrave; chua, 1tsp dầu điều &ndash; nước d&ugrave;ng: 1 c&agrave; rốt, 2 củ cải, &frac12; su h&agrave;o, 3 c&agrave; chua, &frac12; nh&aacute;nh boaro</p>\r\n\r\n<p>&ndash; Ăn k&egrave;m: 500gr b&uacute;n, 100gr rau muống chẻ, 50gr bắp chuối sợi, 50gr gi&aacute; sống.</p>\r\n\r\n<p>&ndash; Gia vị: 3tbsp nước mắm chay, 1tsp giấm, 3tsp hạt n&ecirc;m nấm, 1tsp muối, 2tbsp đường, 1tsp dầu m&egrave;, &frac12;tsp ti&ecirc;u, dầu ăn</p>\r\n','<p><strong>C&aacute;ch l&agrave;m :</strong></p>\r\n\r\n<p>&ndash; sơ chế rau củ v&agrave; cắt kh&uacute;c. Sau đ&oacute; phi thơm boaro với &iacute;t dầu ăn trong nồi hầm.</p>\r\n\r\n<p>&ndash; Cho to&agrave;n bộ rau củ v&agrave;o x&agrave;o đều để khử bớt m&ugrave;i nồng khoảng 5 ph&uacute;t.</p>\r\n\r\n<p>&ndash; Tiếp đ&oacute;, cho tiếp 1 l&iacute;t rưỡi nước v&agrave;o v&agrave; hầm 30 ph&uacute;t để rau củ tiết nước ngọt.</p>\r\n\r\n<p>&ndash; L&agrave;m mắm: l&agrave;m n&oacute;ng chảo, phi thơm boaro với dầu ăn.Khi h&agrave;nh boaro thơm, cho tiếp sả v&agrave;o đảo đều cho đến khi sả c&oacute; m&ugrave;i thơm. Cho tiếp tương đậu v&agrave;o v&agrave; đảo đều cho tới khi mắm sệt đặc lại l&agrave; xong.</p>\r\n\r\n<p>&ndash; L&agrave;m Ri&ecirc;u: nghiền nhuyễn đậu hũ trắng (chắt bỏ nước trong đậu). Bằm nhuyễn 1 tr&aacute;i c&agrave; chua. Cho chảo l&ecirc;n bếp x&agrave;o c&agrave; đến khi mềm, cho tiếp phần đậu hũ v&agrave;o x&agrave;o chung với dầu điều v&agrave; n&ecirc;m với 1tsp hạt n&ecirc;m cho thấm đều gia vị. X&agrave;o đến khi phần ri&ecirc;u r&aacute;o nước l&agrave; được nh&eacute;. Cho phần đậu đ&atilde; x&agrave;o ra t&ocirc; n&eacute;n chặt lại để ri&ecirc;u kết đặc lại.</p>\r\n\r\n<p>&ndash; Lọc tất cả rau củ để nước d&ugrave;ng trong, tiếp đến n&ecirc;m to&agrave;n bộ gia vị v&agrave; mắm chay v&agrave;o nồi nước d&ugrave;ng đun th&ecirc;m 5 ph&uacute;t để cho phần nước d&ugrave;ng được đầm đ&agrave;.</p>\r\n\r\n<p>&ndash; Lọc lại th&ecirc;m lần nữa để nước d&ugrave;ng trong, cho v&agrave;o nước d&ugrave;ng 3 tr&aacute;i c&agrave; chua bổ m&uacute;i, c&aacute;c loại nấm v&agrave; đậu hũ v&agrave;o đun th&ecirc;m 5 ph&uacute;t cho ch&iacute;n đều.</p>\r\n\r\n<p>&ndash; Tr&igrave;nh b&agrave;y ra t&ocirc;, ăn k&egrave;m với rau sống v&agrave; b&uacute;n.</p>\r\n','','<p><span style=\"color:rgb(17, 17, 17); font-size:14px\">B&uacute;n Ri&ecirc;u Chay - Bếp Nh&agrave; TV Studio</span><br />\r\n<br />\r\n<span style=\"color:rgb(17, 17, 17); font-size:14px\">Tổ chức sản xuất : Vick Le</span><br />\r\n<br />\r\n<span style=\"color:rgb(17, 17, 17); font-size:14px\">Quay Phim : L&ecirc; Anh Nguy&ecirc;n&nbsp;</span><br />\r\n<br />\r\n<span style=\"color:rgb(17, 17, 17); font-size:14px\">Dựng Phim :&nbsp;L&ecirc; Anh Nguy&ecirc;n</span><br />\r\n<br />\r\n<span style=\"color:rgb(17, 17, 17); font-size:14px\">Đầu Bếp : Chef Diệu L&agrave;nh<br />\r\n<br />\r\nCả nh&agrave; theo d&otilde;i th&ocirc;ng tin của Bếp Nh&agrave; TV tại đ&acirc;y nh&eacute;:<br />\r\n<br />\r\n► Fanpage:&nbsp;</span><a class=\"yt-simple-endpoint style-scope yt-formatted-string\" href=\"https://www.youtube.com/redirect?event=video_description&amp;v=jqrxf7UFqzs&amp;redir_token=d8fnJlLAlWGZodsNVcuj3UWkpcV8MTUyNzU4MDk1MUAxNTI3NDk0NTUx&amp;q=https%3A%2F%2Fwww.facebook.com%2Fbepnhatv%2F\" style=\"color: var(--yt-endpoint-visited-color, var(--yt-spec-icon-active-button-link)); display: inline-block; cursor: pointer; text-decoration-line: none; font-family: Roboto, Arial, sans-serif; font-size: 14px; white-space: pre-wrap;\">https://www.facebook.com/bepnhatv/</a><br />\r\n<span style=\"color:rgb(17, 17, 17); font-size:14px\">► Youtube:&nbsp;</span><a class=\"yt-simple-endpoint style-scope yt-formatted-string\" href=\"https://www.youtube.com/bepnhatv\" style=\"color: var(--yt-endpoint-visited-color, var(--yt-spec-icon-active-button-link)); display: inline-block; cursor: pointer; text-decoration-line: none; font-family: Roboto, Arial, sans-serif; font-size: 14px; white-space: pre-wrap;\">https://www.youtube.com/bepnhatv</a><br />\r\n<br />\r\n<span style=\"color:rgb(17, 17, 17); font-size:14px\">---------------------<br />\r\n&copy; Bản quyền thuộc về Bếp Nh&agrave; TV &copy; Copyright by Bep Nha TV ☞ Do not Reup</span></p>\r\n',1,21,22,1,1,'2018-06-05 10:02:58','2018-07-02 08:36:37',466,0,0,0,0,0,1,0),(47,'Súp kem nấm','Chef Hữu Đức','<p><span style=\"color:rgb(51, 51, 51)\">Một m&oacute;n khai vị kh&ocirc;ng thể thiếu trong thực đơn c&aacute;c m&oacute;n &Acirc;u &ndash;&nbsp;<strong>S&uacute;p kem nấm</strong>. Nếu bạn l&agrave; fans của nấm th&igrave; kh&ocirc;ng n&ecirc;n bỏ qua m&oacute;n ăn hấp dẫn n&agrave;y, hương thơm ng&agrave;o ngạt của c&aacute;c loại nấm h&ograve;a quyện c&ugrave;ng vị b&eacute;o ngậy của kem c&ugrave;ng m&agrave;u v&agrave;ng bắt mắt sẽ đ&aacute;nh thức to&agrave;n bộ vị gi&aacute;c của bạn đấy. Ngo&agrave;i ra, nấm c&ograve;n l&agrave; một loại thực phẩm tốt cho sức khỏe v&agrave; cực k&igrave; bỗ dưỡng cho b&eacute; cũng như cả nh&agrave; bạn đấy. H&atilde;y c&ugrave;ng&nbsp;<em><span style=\"color:rgb(51, 102, 255)\"><strong><a href=\"http://website%20bepnha.tv/\" style=\"box-sizing: border-box; background-color: transparent; color: rgb(51, 102, 255); text-decoration-line: none;\">bepnha.tv</a></strong></span></em>&nbsp;thực hiện m&oacute;n s&uacute;p thơm ngon tuyệt hảo n&agrave;y nh&eacute;!</span></p>\r\n','2018/06/05/1528170006-Sup-kem-nam.mp4','videos/2018/06/05/1528170399-sup-kem-nam.jpg',NULL,'02:09','','<p><strong>Nguy&ecirc;n liệu:</strong></p>\r\n\r\n<ul>\r\n	<li>2 muỗng bơ lạt.</li>\r\n	<li>1/2 củ h&agrave;nh t&acirc;y.</li>\r\n	<li>2,5 muỗng canh bột m&igrave;.</li>\r\n	<li>250ml sữa tươi.</li>\r\n	<li>2 muỗng canh wipping cream.</li>\r\n	<li>500ml nước d&ugrave;ng g&agrave;.</li>\r\n</ul>\r\n','<p>&nbsp;</p>\r\n\r\n<ul>\r\n	<li>100g nấm mỡ v&agrave; nấm linh chi trắng (tuỳ sở th&iacute;ch)</li>\r\n	<li>2 l&aacute; nguyệt quế kh&ocirc; (bayleaf)</li>\r\n	<li>2 t&eacute;p tỏi băm nhuyễn</li>\r\n	<li>Gia vị: muối, ti&ecirc;u.</li>\r\n</ul>\r\n','<p><strong>C&aacute;ch l&agrave;m:</strong><br />\r\n<br />\r\n&nbsp;</p>\r\n\r\n<p>&ndash; Nấm th&aacute;i l&aacute;t mỏng. H&agrave;nh t&acirc;y đem th&aacute;i hạt lựu nhỏ.</p>\r\n\r\n<p>&ndash; Cho bơ v&agrave;o nồi, x&agrave;o h&agrave;nh t&acirc;y với bơ cho tới khi ch&iacute;n mềm, x&agrave;o khoảng 6-8 ph&uacute;t.</p>\r\n\r\n<p>&ndash; Cho tiếp 2 mc bột m&igrave; v&agrave;o đảo đều c&ugrave;ng bơ v&agrave; h&agrave;nh t&acirc;y. Sau đ&oacute; cho 1/2 sữa tươi v&agrave;o đ&aacute;nh đều sao cho tạo th&agrave;nh 1 hỗn hợp c&oacute; độ s&aacute;nh. Tiếp theo cho hết 1/2 lượng sữa tươi c&ograve;n lại v&agrave;o v&agrave; đ&aacute;nh đều.</p>\r\n\r\n<p>&ndash; Cho to&agrave;n bộ phần nước d&ugrave;ng g&agrave; c&ugrave;ng l&aacute; bayleaf v&agrave; đun s&ocirc;i sau đ&oacute; hạ lửa v&agrave; cho nấm đ&atilde; th&aacute;i v&agrave;o.</p>\r\n\r\n<p>&ndash; Đun ở lửa nhỏ cho tới khi nấm ch&iacute;n v&agrave; s&uacute;p s&aacute;nh mịn l&agrave; được. Cuối c&ugrave;ng n&ecirc;m th&ecirc;m cream v&agrave;o để tăng độ b&eacute;o v&agrave; n&ecirc;m muối ti&ecirc;u cho vừa ăn.</p>\r\n\r\n<p>****M&oacute;n s&uacute;p n&agrave;y đạt y&ecirc;u cầu khi c&oacute; độ b&eacute;o vừa phải, kết cấu s&aacute;nh nhẹ v&agrave; dậy m&ugrave;i thơm của nấm. Ăn k&egrave;m với v&agrave;i l&aacute;t b&aacute;nh m&igrave; nướng bơ tỏi.</p>\r\n\r\n<p><span style=\"color:rgb(51, 51, 51)\"><em>Ch&uacute;c c&aacute;c bạn th&agrave;nh c&ocirc;ng v&agrave; ngon miệng với m&oacute;n&nbsp;<strong>S&uacute;p kem nấm</strong><strong>&nbsp;</strong></em><em>n</em><em>&agrave;y nh&eacute;!</em></span></p>\r\n','','<p><span style=\"color:rgb(17, 17, 17); font-size:14px\">S&uacute;p kem nấm - Bếp Nh&agrave; TV Studio</span><br />\r\n<br />\r\n<span style=\"color:rgb(17, 17, 17); font-size:14px\">Tổ chức sản xuất : Vick Le</span><br />\r\n<br />\r\n<span style=\"color:rgb(17, 17, 17); font-size:14px\">Quay Phim : L&ecirc; Anh Nguy&ecirc;n - Vick Le</span><br />\r\n<br />\r\n<span style=\"color:rgb(17, 17, 17); font-size:14px\">Dựng Phim :&nbsp;L&ecirc; Anh Nguy&ecirc;n</span><br />\r\n<br />\r\n<span style=\"color:rgb(17, 17, 17); font-size:14px\">Design H&igrave;nh Ảnh : L&ecirc; Anh Nguy&ecirc;n</span><br />\r\n<br />\r\n<span style=\"color:rgb(17, 17, 17); font-size:14px\">Đầu Bếp : Chef Hữu Đức<br />\r\n<br />\r\nCả nh&agrave; theo d&otilde;i th&ocirc;ng tin của Bếp Nh&agrave; TV tại đ&acirc;y nh&eacute;:<br />\r\n<br />\r\n► Fanpage:&nbsp;</span><a class=\"yt-simple-endpoint style-scope yt-formatted-string\" href=\"https://www.youtube.com/redirect?event=video_description&amp;v=jqrxf7UFqzs&amp;redir_token=d8fnJlLAlWGZodsNVcuj3UWkpcV8MTUyNzU4MDk1MUAxNTI3NDk0NTUx&amp;q=https%3A%2F%2Fwww.facebook.com%2Fbepnhatv%2F\" style=\"color: var(--yt-endpoint-visited-color, var(--yt-spec-icon-active-button-link)); display: inline-block; cursor: pointer; text-decoration-line: none; font-family: Roboto, Arial, sans-serif; font-size: 14px; white-space: pre-wrap;\">https://www.facebook.com/bepnhatv/</a><br />\r\n<span style=\"color:rgb(17, 17, 17); font-size:14px\">► Youtube:&nbsp;</span><a class=\"yt-simple-endpoint style-scope yt-formatted-string\" href=\"https://www.youtube.com/bepnhatv\" style=\"color: var(--yt-endpoint-visited-color, var(--yt-spec-icon-active-button-link)); display: inline-block; cursor: pointer; text-decoration-line: none; font-family: Roboto, Arial, sans-serif; font-size: 14px; white-space: pre-wrap;\">https://www.youtube.com/bepnhatv</a><br />\r\n<br />\r\n<span style=\"color:rgb(17, 17, 17); font-size:14px\">---------------------<br />\r\n&copy; Bản quyền thuộc về Bếp Nh&agrave; TV &copy; Copyright by Bep Nha TV ☞ Do not Reup</span></p>\r\n',0,5,4,1,1,'2018-06-05 10:47:33','2018-06-21 03:12:29',331,0,0,0,0,0,0,0),(48,'Ức gà sốt kem nấm','Chef Hữu Đức','<p><span style=\"color:rgb(51, 51, 51)\">Ức g&agrave; gi&ograve;n ngon c&ugrave;ng với sốt kem b&eacute;o ngậy chắc chắn sẽ đ&aacute;nh thức to&agrave;n bộ vị gi&aacute;c của bạn trong lần nếm thử đầu ti&ecirc;n.Một m&oacute;n ăn kh&ocirc;ng thể thiếu trong thực đơn c&aacute;c nh&agrave; h&agrave;ng m&oacute;n &Acirc;u, thơm ngon bổ dưỡng v&agrave; cực k&igrave; dễ l&agrave;m. H&ocirc;m nay&nbsp;<span style=\"color:rgb(51, 102, 255)\"><em><strong><a href=\"http://bepnha.tv/\" style=\"box-sizing: border-box; background-color: transparent; color: rgb(51, 102, 255); text-decoration: none;\">Bepnha.tv</a></strong></em></span>&nbsp;xin giới thiệu đến c&aacute;c bạn c&ocirc;ng thức l&agrave;m m&oacute;n Ức g&agrave; sốt kem nấm.&nbsp;</span></p>\r\n','2018/06/07/1528338601-Uc-ga-sot-kem-nam-Vao-bep-cung-Bep-Nha.mp4','videos/2018/06/07/1528338799-Cover.png',NULL,'03:17','','<p><strong>Nguy&ecirc;n liệu</strong></p>\r\n\r\n<ul>\r\n	<li>Ức g&agrave; nguy&ecirc;n miếng: 150g</li>\r\n	<li>Khoai t&acirc;y: 1 củ</li>\r\n	<li>Măng t&acirc;y: 50g</li>\r\n	<li>C&agrave; rốt: 50g</li>\r\n	<li>Đậu que Nhật: 50g</li>\r\n	<li>C&agrave; chua bi: 5 tr&aacute;i</li>\r\n	<li>Nấm linh chi trắng: 20g</li>\r\n	<li>Nấm đ&ocirc;ng c&ocirc; tươi: 20g</li>\r\n</ul>\r\n','<p>&nbsp;</p>\r\n\r\n<ul>\r\n	<li>H&agrave;nh t&acirc;y: 1/2 củ</li>\r\n	<li>Bơ lạt: 100g</li>\r\n	<li>Wipping cream: 100ml</li>\r\n	<li>Tỏi: 5-6 t&eacute;p</li>\r\n	<li>Gia vị: Muối, ti&ecirc;u</li>\r\n	<li>Dầu olive: 10ml</li>\r\n	<li>Vang trắng: 20ml</li>\r\n	<li>V&agrave;i nh&aacute;nh l&aacute; thyme v&agrave; rosmery tươi.</li>\r\n</ul>\r\n','<p><strong>C&aacute;ch l&agrave;m&nbsp;</strong><br />\r\n<br />\r\n&nbsp;</p>\r\n\r\n<p>&ndash; Ức g&agrave; ướp với muối ti&ecirc;u c&ugrave;ng l&agrave; thyme v&agrave; rosmery, dầu olive. Để 15 ph&uacute;t cho thấm sau đ&oacute; đem đi &aacute;p chảo cho v&agrave;ng mặt rồi đ&uacute;t l&ograve; ở nhiệt độ 200 trong v&ograve;ng 20-25 ph&uacute;t.</p>\r\n\r\n<p>&ndash; Khoai t&acirc;y &aacute;p chảo chung với g&agrave; v&agrave; đem đ&uacute;t l&ograve;. Cũng rắc ch&uacute;t muối v&agrave; ti&ecirc;u l&ecirc;n khoai t&acirc;y.</p>\r\n\r\n<p>&ndash; Rau củ luộc sơ xong ng&acirc;m nước đ&aacute; để giữ dc độ xanh v&agrave; gi&ograve;n. Sau đ&oacute; x&agrave;o xơ với bơ, tỏi v&agrave; n&ecirc;m nếm muối ti&ecirc;u.</p>\r\n\r\n<p>*&nbsp;<em>Phần nước sốt:</em></p>\r\n\r\n<p>&ndash; Cho bơ v&agrave;o chảo, x&agrave;o h&agrave;nh t&acirc;y ch&iacute;n mềm sau đ&oacute; cho th&ecirc;m nầm v&agrave;o x&agrave;o chung. Nấm ch&iacute;n cho rượu vang trắng v&ocirc;.</p>\r\n\r\n<p>&ndash; X&agrave;o th&ecirc;m 2 ph&uacute;t cho vang bay bớt m&ugrave;i rồi cho phần sữa tươi v&agrave;o v&agrave; nấu s&ocirc;i.</p>\r\n\r\n<p>&ndash; Cho nước d&ugrave;ng g&agrave; v&agrave;o v&agrave; n&ecirc;m muối, ti&ecirc;u vừa ăn. Sau c&ugrave;ng cho th&ecirc;m cream, nấu ở lửa nhỏ tới l&uacute;c sốt s&aacute;nh l&agrave; được.</p>\r\n\r\n<p>&ndash; Th&aacute;i ức g&agrave; th&agrave;nh miếng vừa ăn, trang tr&iacute; ra đĩa v&agrave;k&egrave;m theo c&aacute;c loại rau ch&uacute;ng ta đ&atilde; chuẩn bị nh&eacute;.<br />\r\n<br />\r\n<span style=\"color:rgb(51, 51, 51)\"><em>Ch&uacute;c c&aacute;c bạn th&agrave;nh c&ocirc;ng v&agrave; ngon miệng với m&oacute;n&nbsp;<strong>ức g&agrave; sốt kem nấm</strong>&nbsp;</em><em>n</em><em>&agrave;y nh&eacute;!</em></span></p>\r\n','','<p><span style=\"color:rgb(17, 17, 17); font-size:14px\">Ức G&agrave; Sốt Kem Nấm - Bếp Nh&agrave; TV Studio</span><br />\r\n<br />\r\n<span style=\"color:rgb(17, 17, 17); font-size:14px\">Tổ chức sản xuất : Vick Le</span><br />\r\n<br />\r\n<span style=\"color:rgb(17, 17, 17); font-size:14px\">Quay Phim : L&ecirc; Anh Nguy&ecirc;n - Vick Le</span><br />\r\n<br />\r\n<span style=\"color:rgb(17, 17, 17); font-size:14px\">Dựng Phim :&nbsp;L&ecirc; Anh Nguy&ecirc;n</span><br />\r\n<br />\r\n<span style=\"color:rgb(17, 17, 17); font-size:14px\">Design H&igrave;nh Ảnh : L&ecirc; Anh Nguy&ecirc;n</span><br />\r\n<br />\r\n<span style=\"color:rgb(17, 17, 17); font-size:14px\">Đầu Bếp : Chef Hữu Đức<br />\r\n<br />\r\nCả nh&agrave; theo d&otilde;i th&ocirc;ng tin của Bếp Nh&agrave; TV tại đ&acirc;y nh&eacute;:</span><br />\r\n&nbsp;</p>\r\n',3,5,13,1,1,'2018-06-07 09:34:37','2018-06-21 03:12:42',340,0,0,0,0,0,0,0),(49,'Chân Gà ngâm chưa ngọt siêu ngon','Chef Phước Lành','<p><span style=\"color:rgb(17, 17, 17); font-size:14px\">Ch&acirc;n g&agrave; ng&acirc;m giấm ớt vừa gi&ograve;n, vừa thơm hương sả, lại c&oacute; ch&uacute;t vị cay cay của ớt sẽ k&iacute;ch th&iacute;ch vị gi&aacute;c của mọi th&agrave;nh vi&ecirc;n gia đ&igrave;nh bạn trong những ng&agrave;y h&egrave; oi bức. M&oacute;n ăn n&agrave;y ch&uacute;ng ta vừa c&oacute; thể ăn chơi vừa c&oacute; thể ăn k&egrave;m b&uacute;n hoặc cơm để đổi vị nh&eacute;. V&agrave; b&acirc;y giờ mời c&aacute;c bạn c&ugrave;ng v&agrave;o bếp với Bepnha.tv để l&agrave;m m&oacute;n ăn si&ecirc;u ngon n&agrave;y nh&eacute;.</span></p>\r\n','2018/06/08/1528436196-Chân-Gà-Ngâm-chua-ngọt-Vao-Bep-cung-Bep-Nha.mp4','videos/2018/06/08/1528436547-maxresdefault.jpg',NULL,'02:21','','<p><strong>Nguy&ecirc;n liệu:</strong></p>\r\n\r\n<ul>\r\n	<li>Ch&acirc;n g&agrave;: 1kg</li>\r\n	<li>Xo&agrave;i xanh: 3 tr&aacute;i</li>\r\n	<li>Tr&aacute;i tắc: 6 tr&aacute;i</li>\r\n	<li>Sả c&acirc;y: 4 c&acirc;y</li>\r\n	<li>Ớt sừng: 2 tr&aacute;i</li>\r\n	<li>Gừng 1 củ nhỏ</li>\r\n</ul>\r\n','<p>&nbsp;</p>\r\n\r\n<ul>\r\n	<li>Rượu nếp H&agrave; Nội: 100ml</li>\r\n	<li>Giấm ăn: 300ml</li>\r\n	<li>Đườn:g 500g</li>\r\n	<li>Muối: 30g (khoảng 2 muỗng canh)</li>\r\n	<li>Nước lạnh: 700ml</li>\r\n</ul>\r\n','<p><strong>C&aacute;ch l&agrave;m:</strong><br />\r\n<br />\r\n&ndash; Ch&acirc;n g&agrave; rửa sạch, cắt đ&ocirc;i.</p>\r\n\r\n<p>&ndash; Xo&agrave;i xanh th&aacute;i miếng vừa ăn.</p>\r\n\r\n<p>&ndash; Nước s&ocirc;i cho ch&acirc;n g&agrave;, gừng v&agrave; rượu nếp v&agrave;o luộc 10 ph&uacute;t. Sau đ&oacute; vớt ra cho v&agrave;o thau nước đ&aacute; ng&acirc;m khoảng 30 ph&uacute;t. Vớt ch&acirc;n g&agrave; vầ rửa sạch lại lần nữa.</p>\r\n\r\n<p>&ndash; Tiếp đến chuẩn bị pha nước ng&acirc;m ch&acirc;n g&agrave;: khuấy đều 700ml nước + 300ml giấm + 500g đường + 30g&nbsp; muối+ sả c&acirc;y, ớt sừng cắt l&aacute;t.</p>\r\n\r\n<p>&ndash; Ch&acirc;n g&agrave; sau khi rửa sạch để r&aacute;o nước đem ra trộn đều với nước ng&acirc;m + xo&agrave;i xanh + tắc.</p>\r\n\r\n<p>&ndash; Ng&acirc;m trong khoảng 6-8 tiếng l&agrave; c&oacute; thể d&ugrave;ng được. Bảo quản trong ngăn m&aacute;t tủ lạnh.<br />\r\n<br />\r\n<span style=\"color:rgb(51, 51, 51)\"><em>Ch&uacute;c c&aacute;c bạn th&agrave;nh c&ocirc;ng v&agrave; ngon miệng với m&oacute;n&nbsp;<strong>ch&acirc;n g&agrave; ng&acirc;m chua ngọt</strong><strong>&nbsp;</strong></em><em>n</em><em>&agrave;y nh&eacute;!</em></span></p>\r\n\r\n<p>&nbsp;</p>\r\n','','<p><span style=\"color:rgb(17, 17, 17); font-size:14px\">Ch&acirc;n G&agrave; ng&acirc;m chua ngọt - Bếp Nh&agrave; TV Studio<br />\r\n<br />\r\nTổ chức sản xuất : Vick Le<br />\r\n<br />\r\nQuay Phim : L&ecirc; Anh Nguy&ecirc;n - Vick Le<br />\r\n<br />\r\nDựng Phim : Vick Le<br />\r\n<br />\r\nDesign H&igrave;nh Ảnh : L&ecirc; Anh Nguy&ecirc;n<br />\r\n<br />\r\nĐầu Bếp : Chef Phước L&agrave;nh</span></p>\r\n\r\n<p><span style=\"color:rgb(17, 17, 17); font-size:14px\">Cả nh&agrave; theo d&otilde;i th&ocirc;ng tin của Bếp Nh&agrave; TV tại đ&acirc;y nh&eacute;:</span></p>\r\n\r\n<p><br />\r\n<span style=\"color:rgb(17, 17, 17); font-size:14px\">► Fanpage:&nbsp;</span><a class=\"yt-simple-endpoint style-scope yt-formatted-string\" href=\"https://www.youtube.com/redirect?event=video_description&amp;v=jqrxf7UFqzs&amp;redir_token=d8fnJlLAlWGZodsNVcuj3UWkpcV8MTUyNzU4MDk1MUAxNTI3NDk0NTUx&amp;q=https%3A%2F%2Fwww.facebook.com%2Fbepnhatv%2F\" style=\"color: var(--yt-endpoint-visited-color, var(--yt-spec-icon-active-button-link)); display: inline-block; cursor: pointer; text-decoration-line: none; font-family: Roboto, Arial, sans-serif; font-size: 14px; white-space: pre-wrap;\">https://www.facebook.com/bepnhatv/</a><br />\r\n<span style=\"color:rgb(17, 17, 17); font-size:14px\">► Youtube:&nbsp;</span><a class=\"yt-simple-endpoint style-scope yt-formatted-string\" href=\"https://www.youtube.com/bepnhatv\" style=\"color: var(--yt-endpoint-visited-color, var(--yt-spec-icon-active-button-link)); display: inline-block; cursor: pointer; text-decoration-line: none; font-family: Roboto, Arial, sans-serif; font-size: 14px; white-space: pre-wrap;\">https://www.youtube.com/bepnhatv</a><br />\r\n<br />\r\n<span style=\"color:rgb(17, 17, 17); font-size:14px\">---------------------<br />\r\n&copy; Bản quyền thuộc về Bếp Nh&agrave; TV &copy; Copyright by Bep Nha TV ☞ Do not Reup</span></p>\r\n\r\n<p>&nbsp;</p>\r\n',0,6,13,1,1,'2018-06-08 12:42:54','2018-07-02 08:36:56',963,0,0,0,0,0,1,0),(50,'Bò hầm cay GOULASH Hungary','Vick Le','<p><span style=\"color:rgb(17, 17, 17); font-size:14px\">Goulash - được biết đến l&agrave; m&oacute;n b&ograve; hầm truyền thống xuất hiện trong c&aacute;c bữa ăn của đất nước Hungary. M&oacute;n n&agrave;y thực chất l&agrave; s&uacute;p hoặc c&oacute; thể được hầm thịt c&ugrave;ng rau củ, ướp với ớt v&agrave; c&aacute;c gia vị kh&aacute;c. Vốn l&agrave; một trong những v&ugrave;ng trồng ớt lớn nhất thế giới, kh&ocirc;ng c&oacute; g&igrave; ngạc nhi&ecirc;n khi m&oacute;n ăn đặc trưng của đất nước Hungary được xếp v&agrave;o m&oacute;n cay bậc nhất nh&igrave; ở c&aacute;c quốc gia. Bạn c&oacute; thể chế biến m&oacute;n n&agrave;y từ thịt b&ograve;, thịt lợn hay thịt cừu được cắt th&agrave;nh c&aacute;c phần nhỏ, ướp c&ugrave;ng ớt, muối v&agrave; đảo tr&ecirc;n bếp c&ugrave;ng h&agrave;nh t&acirc;y th&aacute;i l&aacute;t. Ngo&agrave;i ra, Goulash c&oacute; thể ăn k&egrave;m c&ugrave;ng m&igrave; ống hay b&aacute;nh m&igrave; chấm c&ugrave;ng sốt thịt sẽ rất tuyệt vời. Nghe đ&atilde; thấy xu&yacute;t xoa nức mũi chưa nhỉ? Giờ th&igrave; v&agrave;o bếp học thử c&aacute;ch l&agrave;m b&ograve; hầm cay Hungary ngay n&agrave;o! </span></p>\r\n\r\n<p>&nbsp;</p>\r\n','2018/06/20/1529462182-bo-ham-cay-Gouglash.mp4','videos/2018/06/11/1528702117-bo-ham-hungary.jpg',NULL,'06:08','','<p><span style=\"color:rgb(17, 17, 17); font-size:14px\">Nguy&ecirc;n liệu: </span></p>\r\n\r\n<p><span style=\"color:rgb(17, 17, 17); font-size:14px\">- 80ml dầu thực vật </span></p>\r\n\r\n<p><span style=\"color:rgb(17, 17, 17); font-size:14px\">- 3 củ h&agrave;nh t&acirc;y (th&aacute;i l&aacute;t d&agrave;i) </span></p>\r\n\r\n<p><span style=\"color:rgb(17, 17, 17); font-size:14px\">- 16gr ớt bột </span></p>\r\n\r\n<p><span style=\"color:rgb(17, 17, 17); font-size:14px\">- 36gr muối </span></p>\r\n\r\n<p><span style=\"color:rgb(17, 17, 17); font-size:14px\">- 1gr hạt ti&ecirc;u</span></p>\r\n\r\n<p><span style=\"color:rgb(17, 17, 17); font-size:14px\">- 1,3kg thịt b&ograve; (cắt kh&uacute;c vu&ocirc;ng nhỏ)</span></p>\r\n\r\n<p><span style=\"color:rgb(17, 17, 17); font-size:14px\">- 120ml nước</span></p>\r\n\r\n<p><span style=\"color:rgb(17, 17, 17); font-size:14px\">- 1 t&eacute;p tỏi (băm nhuyễn) </span></p>\r\n\r\n<p><span style=\"color:rgb(17, 17, 17); font-size:14px\">- 3-4 MC Tương c&agrave; chua</span></p>\r\n','','<p><span style=\"color:rgb(17, 17, 17); font-size:14px\">C&aacute;ch l&agrave;m:</span></p>\r\n\r\n<p><span style=\"color:rgb(17, 17, 17); font-size:14px\">- Đầu ti&ecirc;n, đổ dầu v&agrave;o chảo c&ugrave;ng h&agrave;nh t&acirc;y th&aacute;i l&aacute;t rồi đảo đều. </span></p>\r\n\r\n<p><span style=\"color:rgb(17, 17, 17); font-size:14px\">- Khi h&agrave;nh đ&atilde; mềm ngấm th&igrave; m&uacute;c h&agrave;nh ra b&aacute;t nh&eacute;. </span></p>\r\n\r\n<p><span style=\"color:rgb(17, 17, 17); font-size:14px\">- Giờ th&igrave; cho ớt bột, muối v&agrave; hạt ti&ecirc;u v&agrave;o b&aacute;t kh&aacute;c rồi trộn đều. Sau đ&oacute;, đổ phần thịt b&ograve; th&aacute;i kh&uacute;c nhỏ v&agrave;o b&aacute;t gia vị ớt. Trộn đều l&ecirc;n cho gia vị ngấm v&agrave;o c&aacute;c miếng thịt. Để thịt ướp khoảng 15 ph&uacute;t.</span></p>\r\n\r\n<p><span style=\"color:rgb(17, 17, 17); font-size:14px\">- Tiếp tục đổ phần thịt vừa trộn v&agrave;o chảo rồi đảo đều cho đến khi thịt săn lại, v&agrave;ng đều.</span></p>\r\n\r\n<p><span style=\"color:rgb(17, 17, 17); font-size:14px\">- Đổ tiếp b&aacute;t h&agrave;nh t&acirc;y đ&atilde; chi&ecirc;n v&agrave;o đảo đều c&ugrave;ng thịt. Giờ th&igrave; cho tương c&agrave; chua, nước, tỏi v&agrave; muối v&agrave;o đảo đều l&ecirc;n cho ngấm c&ugrave;ng thịt. Cuối c&ugrave;ng, giảm lửa nhỏ liu riu tr&ecirc;n bếp rồi đậy nắp nồi lại. Đun tr&ecirc;n bếp th&ecirc;m 1 - 2 tiếng, thỉnh thoảng mở nắp đảo qua l&agrave; c&oacute; thể m&uacute;c ra b&aacute;t thưởng thức sau đ&oacute; nh&eacute;. </span></p>\r\n\r\n<p><span style=\"color:rgb(17, 17, 17); font-size:14px\">Rắc th&ecirc;m ch&uacute;t rau thơm l&ecirc;n tr&ecirc;n thịt, d&ugrave;ng khi n&oacute;ng sốt sẽ rất tuyệt vời đ&oacute; c&aacute;c bạn . Ch&uacute;c c&aacute;c bạn th&agrave;nh c&ocirc;ng.</span></p>\r\n','','',3,5,12,1,1,'2018-06-11 15:05:57','2018-07-02 08:36:47',298,0,0,0,0,0,1,0),(51,'Chân Gà Xào Cay Hàn Quốc','Wa Wa Hy','<p><span style=\"color:rgb(17, 17, 17); font-size:14px\">Ng&agrave;y cuối tuần thảnh thơi, c&aacute;c bạn đều cố gắng chế biến những m&oacute;n ăn ngon, đầy m&agrave;u sắc v&agrave; hương vị hấp dẫn để thay đổi kh&ocirc;ng kh&iacute; gia đ&igrave;nh. Trong những ng&agrave;y đầu đ&ocirc;ng, m&oacute;n ch&acirc;n g&agrave; x&agrave;o cay kiểu H&agrave;n Quốc thơm nức mũi, khi ăn t&ecirc; t&ecirc; đầu lưỡi sẽ k&iacute;ch th&iacute;ch vị gi&aacute;c của bạn lắm đ&acirc;y! H&atilde;y c&ugrave;ng Bếp Nh&agrave; học c&aacute;ch chế biến m&oacute;n n&agrave;y nh&eacute;!&nbsp;</span></p>\r\n','2018/06/12/1528778722-Chan-ga-xao-cay-han-quoc.mp4','videos/2018/06/12/1528788181-chan-ga-xao-cay-han-quoc.png',NULL,'05:38','','<p><span style=\"color:rgb(17, 17, 17); font-size:14px\">Nguy&ecirc;n liệu:</span></p>\r\n\r\n<p><span style=\"color:rgb(17, 17, 17); font-size:14px\">- 450g ch&acirc;n g&agrave; </span></p>\r\n\r\n<p><span style=\"color:rgb(17, 17, 17); font-size:14px\">- 4 t&eacute;p tỏi băm </span></p>\r\n\r\n<p><span style=\"color:rgb(17, 17, 17); font-size:14px\">- 1 &iacute;t m&egrave; rang</span></p>\r\n\r\n<p><span style=\"color:rgb(17, 17, 17); font-size:14px\">- 2 muỗng canh tương ớt H&agrave;n Quốc</span></p>\r\n\r\n<p>&nbsp;</p>\r\n','<p>&nbsp;</p>\r\n\r\n<p><span style=\"color:rgb(17, 17, 17); font-size:14px\">- 3 muỗng canh tương c&agrave; chua</span></p>\r\n\r\n<p><span style=\"color:rgb(17, 17, 17); font-size:14px\">- 1 muỗng canh đường&nbsp;</span></p>\r\n\r\n<p><span style=\"color:rgb(17, 17, 17); font-size:14px\">- 1 muỗng canh dầu m&egrave;&nbsp;</span></p>\r\n\r\n<p><span style=\"color:rgb(17, 17, 17); font-size:14px\">- 150ml nước</span></p>\r\n\r\n<p><span style=\"color:rgb(17, 17, 17); font-size:14px\">- 4 miếng hoa hồi</span></p>\r\n\r\n<p><span style=\"color:rgb(17, 17, 17); font-size:14px\">- 5g vỏ quế</span></p>\r\n\r\n<p><span style=\"color:rgb(17, 17, 17); font-size:14px\">- 2 muỗng canh x&igrave; dầu</span></p>\r\n','<p><span style=\"color:rgb(17, 17, 17); font-size:14px\">C&aacute;ch l&agrave;m </span></p>\r\n\r\n<p><span style=\"color:rgb(17, 17, 17); font-size:14px\">- Ng&acirc;m ch&acirc;n g&agrave; với nước khoảng 10 ph&uacute;t rồi rửa sạch. Để nguy&ecirc;n ch&acirc;n g&agrave; hoặc d&ugrave;ng dao chặt dọc ch&acirc;n g&agrave; th&agrave;nh nhiều miếng nhỏ. </span></p>\r\n\r\n<p><span style=\"color:rgb(17, 17, 17); font-size:14px\">- Đặt nồi l&ecirc;n bếp, cho hoa hồi, quế, x&igrave; dầu v&agrave;o nấu s&ocirc;i. Sau đ&oacute;, thả ch&acirc;n g&agrave; v&agrave;o vặn lửa to đến khi s&ocirc;i th&igrave; chuyển nhỏ. Ninh ch&acirc;n g&agrave; khoảng 10-15 ph&uacute;t rồi tắt bếp. Vớt ch&acirc;n g&agrave; ra. </span></p>\r\n\r\n<p><span style=\"color:rgb(17, 17, 17); font-size:14px\">- Đặt chảo sạch l&ecirc;n bếp, đổ dầu m&egrave; đun n&oacute;ng, cho tỏi v&agrave;o phi đến khi dậy m&ugrave;i thơm th&igrave; cho ch&acirc;n g&agrave; v&agrave;o. Th&ecirc;m tương ớt H&agrave;n Quốc, tương c&agrave; chua, đường trộn đều v&agrave; cho th&ecirc;m nước.</span></p>\r\n\r\n<p><span style=\"color:rgb(17, 17, 17); font-size:14px\">- Ch&uacute; &yacute; để lửa vừa phải v&agrave; khuấy đều tay. Khi ch&acirc;n g&agrave; mềm, nước sốt sền sệt th&igrave; tắt bếp.</span></p>\r\n\r\n<p><span style=\"color:rgb(17, 17, 17); font-size:14px\">- Cuối c&ugrave;ng, gắp ch&acirc;n g&agrave; x&agrave;o cay ra b&aacute;t, rắc vừng l&ecirc;n tr&ecirc;n v&agrave; thưởng thức. </span></p>\r\n\r\n<p>&nbsp;</p>\r\n','5','',2,6,13,1,1,'2018-06-12 10:23:39','2018-06-21 03:12:59',479,0,0,0,0,0,0,0),(52,'Thịt Bắp Bò Ngâm Giấm','Vick Le','<p><span style=\"color:rgb(17, 17, 17); font-size:14px\">Thịt bắp b&ograve; ng&acirc;m giấm sẽ l&agrave; m&oacute;n nhậu tuyệt vời cho gia đ&igrave;nh v&agrave;o dịp cuối tuần v&agrave; những ng&agrave;y h&egrave; đi du lịch .C&aacute;ch l&agrave;m bắp b&ograve; ng&acirc;m giấm kh&ocirc;ng hề kh&oacute; nh&eacute; c&aacute;c bạn, giờ ch&uacute;ng ta c&ugrave;ng v&agrave;o Bếp với Bếp Nh&agrave; nh&eacute; ❤ </span></p>\r\n\r\n<p>&nbsp;</p>\r\n','2018/06/12/1528779396-Bap-Bo-Ngam-Dam.mp4','videos/2018/06/12/1528788202-thit-bap-bo-ngam-giam.jpg',NULL,'06:43','','<p><span style=\"color:rgb(17, 17, 17); font-size:14px\">Nguy&ecirc;n Liệu: </span></p>\r\n\r\n<p><span style=\"color:rgb(17, 17, 17); font-size:14px\">- 1 mcf muối</span></p>\r\n\r\n<p><span style=\"color:rgb(17, 17, 17); font-size:14px\">- 3-4 l&aacute;t gừng</span></p>\r\n\r\n<p><span style=\"color:rgb(17, 17, 17); font-size:14px\">- 2 nh&aacute;nh quế </span></p>\r\n\r\n<p><span style=\"color:rgb(17, 17, 17); font-size:14px\">- 3-4 hoa hồi</span></p>\r\n\r\n<p><span style=\"color:rgb(17, 17, 17); font-size:14px\">- 1 thảo quả</span></p>\r\n\r\n<p><span style=\"color:rgb(17, 17, 17); font-size:14px\">- 2-3 nh&aacute;nh xả đập dập</span></p>\r\n\r\n<p><span style=\"color:rgb(17, 17, 17); font-size:14px\">- 10-12 t&eacute;p tỏi </span></p>\r\n','<p><span style=\"color:rgb(17, 17, 17); font-size:14px\">- 10-12 tr&aacute;i ớt quả cắt cuống </span></p>\r\n\r\n<p><span style=\"color:rgb(17, 17, 17); font-size:14px\">- 500 gram thịt bắp b&ograve;</span></p>\r\n\r\n<p><span style=\"color:rgb(17, 17, 17); font-size:14px\">- 150ml nước</span></p>\r\n\r\n<p><span style=\"color:rgb(17, 17, 17); font-size:14px\">- 150ml giấm</span></p>\r\n\r\n<p><span style=\"color:rgb(17, 17, 17); font-size:14px\">- 150ml nước mắm</span></p>\r\n\r\n<p><span style=\"color:rgb(17, 17, 17); font-size:14px\">- 3 &ndash; 4 MC đường</span></p>\r\n\r\n<p><span style=\"color:rgb(17, 17, 17); font-size:14px\">- Một ch&uacute;t hạt ti&ecirc;u đen nguy&ecirc;n hạt</span></p>\r\n','<p><span style=\"color:rgb(17, 17, 17); font-size:14px\">C&aacute;ch l&agrave;m:</span></p>\r\n\r\n<p><span style=\"color:rgb(17, 17, 17); font-size:14px\">- Cho bắp b&ograve; v&agrave;o nồi, th&ecirc;m quế, hồi, gừng, sả đập dập, thảo quả v&agrave; 1mcf muối. Đổ nước ngang bằng bắp b&ograve;. Đun cho nước s&ocirc;i, rồi để lửa vừa đun khoảng 40 ph&uacute;t</span></p>\r\n\r\n<p><span style=\"color:rgb(17, 17, 17); font-size:14px\">- L&agrave;m nước ng&acirc;m thịt b&ograve; , cho 150ml nước , giấm , nước mắm đun s&ocirc;i rồi cho 3-4 mc đường v&agrave; hạt ti&ecirc;u đen nguy&ecirc;n hạt v&agrave;o đun s&ocirc;i. Sau đ&oacute; tắt bếp đi để cho nước ng&acirc;m thịt nguội</span></p>\r\n\r\n<p><span style=\"color:rgb(17, 17, 17); font-size:14px\">- Sau khi thịt b&ograve; đun chin, cho v&agrave;o &acirc;u nước lạnh khoảng 5-10 ph&uacute;t, vớt thịt ra để r&aacute;o nước rồi cho v&agrave;o lọ.</span></p>\r\n\r\n<p><span style=\"color:rgb(17, 17, 17); font-size:14px\">- N&egrave;n dưới đ&aacute;y lọ một nửa số tỏi v&agrave; ớt quả đ&atilde; chuẩn bị, rồi cho một nửa số c&ograve;n lại l&ecirc;n tr&ecirc;n thịt b&ograve;. Đổ nước ng&acirc;m đ&atilde; nguội v&agrave;o lọ . Đ&oacute;ng k&iacute;n lọ cho v&agrave;o tủ lạnh 4-5 ng&agrave;y l&agrave; c&oacute; thể ăn được. Ch&uacute;c c&aacute;c bạn th&agrave;nh c&ocirc;ng</span></p>\r\n','','',0,6,12,1,1,'2018-06-12 10:43:21','2018-07-02 08:38:08',445,0,0,0,0,0,1,0),(53,'Xôi Bọc Nấm Chiên Giòn – Món chay hảo hạng','Chef Diệu Lành','<p>X&ocirc;i chi&ecirc;n gi&ograve;n rụm l&agrave; m&oacute;n ăn vặt được rất nhiều người ưa th&iacute;ch. M&agrave; bạn đ&atilde; từng nghe qua m&oacute;n x&ocirc;i chi&ecirc;n chay &ndash; X&ocirc;i bọc nấm chi&ecirc;n gi&ograve;n n&agrave;y chưa. M&ugrave;i thơm của nếp trộn lẫn với vị ngọt của nấm v&agrave; rau củ rất m&ecirc; người chắc chắn bạn sẽ bị nghiện m&oacute;n n&agrave;y đ&oacute;. Bepnha.tv xin được chia sẻ với c&aacute;c bạn b&iacute; quyết l&agrave;m m&oacute;n x&ocirc;i chi&ecirc;n hấp dẫn, lạ miệng n&agrave;y nh&eacute;.</p>\r\n','2018/06/12/1528794188-Xoi-boc-nam-chien-gion-Mon-chay-hao-hang-Vao-bep-cung-Bep-Nha.mp4','videos/2018/06/12/1528794328-xoi-boc-nam.jpg',NULL,'02:26','','<p>Nguy&ecirc;n liệu</p>\r\n\r\n<p>300gr nếp th&aacute;i</p>\r\n\r\n<p>50ml nước cốt dừa</p>\r\n\r\n<p>50gr nấm đ&ocirc;ng c&ocirc; tươi</p>\r\n\r\n<p>50gr nấm kim ch&acirc;m</p>\r\n\r\n<p>50gr nấm m&egrave;o</p>\r\n\r\n<p>&frac12; củ h&agrave;nh t&acirc;y&nbsp;</p>\r\n','<p>&frac12; c&agrave; rốt</p>\r\n\r\n<p>&frac12; ớt chu&ocirc;ng xanh</p>\r\n\r\n<p>&frac12; nh&aacute;nh boaro</p>\r\n\r\n<p>Gia vị: 2tbsp nước tương, 1tbsp hắc x&igrave; dầu, 2tsp hạt n&ecirc;m nấm, 1tbsp đường, ⅓tsp ti&ecirc;u, &frac12;tsp dầu m&egrave;, 2tsp bột bắp pha nước.</p>\r\n','<p>C&aacute;ch l&agrave;m:</p>\r\n\r\n<p>Ng&acirc;m nếp từ 30 ph&uacute;t tới 1 tiếng để nếp nở.</p>\r\n\r\n<p>Bắc l&ecirc;n bếp hấp c&aacute;ch thủy khoảng 30 ph&uacute;t. Cứ 10 ph&uacute;t mở nắp đảo đều 1 lần. L&agrave;m như vậy sẽ gi&uacute;p x&ocirc;i đươc ch&iacute;n đều.</p>\r\n\r\n<p>Tiếp đến, sơ chế nấm v&agrave; rau củ. Rửa sạch v&agrave; cắt sợi tất cả.</p>\r\n\r\n<p>Phi thơm boaro với 1 &iacute;t dầu ăn, cho tất cả nấm v&agrave; rau củ v&agrave;o x&agrave;o ch&iacute;n, lưu &yacute; x&agrave;o với lửa nhỏ vừa. N&ecirc;m c&aacute;c gia vị v&agrave;o đảo đều 2 ph&uacute;t với lửa nhỏ cho nh&acirc;n thấm.</p>\r\n\r\n<p>Pha bột bắp với &iacute;t nước v&agrave; cho hỗn hợp n&agrave;y v&agrave;o chảo đảo đều tay để nh&acirc;n sệt chắc tay l&agrave; được. Tắt bếp,chờ nguội để bọc x&ocirc;i.</p>\r\n\r\n<p>X&ocirc;i hấp ch&iacute;n đổ ra đĩa to, trộn thật đều với nước cốt dừa để x&ocirc;i thấm đều v&agrave; thơm hơn.</p>\r\n\r\n<p>Trải m&agrave;ng thực phẩm l&ecirc;n đĩa, lấy một lượng x&ocirc;i vừa đủ d&agrave;n đều, cho nh&acirc;n v&agrave;o v&agrave; bọc chắc lại để y&ecirc;n 5 ph&uacute;t.</p>\r\n\r\n<p>Lăn từng vi&ecirc;n x&ocirc;i qua bột m&igrave;, sau đ&oacute; chi&ecirc;n ngập dầu với lửa to đến khi x&ocirc;i v&agrave;ng, vớt ra để r&aacute;o dầu v&agrave; thưởng thức.&nbsp;</p>\r\n','','<p>X&ocirc;i bọc nấm chi&ecirc;n gi&ograve;n - Bếp Nh&agrave; TV Studio</p>\r\n\r\n<p>Tổ chức sản xuất : Vick Le<br />\r\nQuay Phim : L&ecirc; Anh Nguy&ecirc;n&nbsp;<br />\r\nDựng Phim : L&ecirc; Anh Nguy&ecirc;n<br />\r\nDesign H&igrave;nh Ảnh : L&ecirc; Anh Nguy&ecirc;n<br />\r\nĐầu Bếp : Chef Diệu L&agrave;nh&nbsp;</p>\r\n\r\n<p>Cả nh&agrave; theo d&otilde;i th&ocirc;ng tin của Bếp Nh&agrave; TV tại đ&acirc;y nh&eacute;:</p>\r\n\r\n<p>► Fanpage:&nbsp; https://www.facebook.com/bepnhatv/<br />\r\n► Youtube: https://www.youtube.com/bepnhatv<br />\r\n---------------------<br />\r\n&copy; Bản quyền thuộc về Bếp Nh&agrave; TV<br />\r\n&copy; Copyright by Bep Nha TV ☞ Do not Reup</p>\r\n',1,21,22,1,1,'2018-06-12 16:06:29','2018-06-21 03:13:29',540,0,0,0,0,0,0,0),(54,'Vịt tiềm cơm rượu - tết đoan ngọ sum vầy','Chef Phước Lành','<p><a href=\"https://www.dienmayxanh.com/kinh-nghiem-hay/mon-ngon-ngay-le-tet\" style=\"margin: 0px; padding: 0px; border: 0px; vertical-align: baseline; text-decoration-line: none; color: rgb(22, 122, 198); font-variant-numeric: normal; font-variant-east-asian: normal; font-stretch: normal; line-height: 18px; outline: none; zoom: 1;\" title=\"món ngon dịp lễ tết\">V&agrave;o dịp Lễ - Tết</a>, mỗi v&ugrave;ng miền thường hay diễn ra c&aacute;c hoạt động văn ho&aacute;, ẩm thực hoặc những phong tục, tập qu&aacute;n&nbsp;<a href=\"https://www.dienmayxanh.com/do-dung-gia-dinh\" style=\"margin: 0px; padding: 0px; border: 0px; vertical-align: baseline; text-decoration-line: none; color: rgb(22, 122, 198); font-variant-numeric: normal; font-variant-east-asian: normal; font-stretch: normal; line-height: 18px; outline: none; zoom: 1;\" target=\"_blank\" title=\"gia đình\" type=\"gia đình\">gia đ&igrave;nh</a>&nbsp;rất độc đ&aacute;o. Nếu l&agrave; người miền Nam, c&oacute; thể bạn sẽ rất th&uacute; vị với th&oacute;i quen ăn thịt vịt v&agrave;o ng&agrave;y Tết Đoan Ngọ! M&oacute;n Vịt tiềm cơm rượu với vị thơm nồng của cơm rượu quện c&ugrave;ng sự b&eacute;o ngậy ngọt thịt của thịt Vịt l&agrave;m cho ai cũng phải thưởng thức một lần trong đời , nhất l&agrave; v&agrave;o dịp tết Đoan Ngọ.&nbsp;</p>\r\n','2018/06/18/1529299149-Ban-vit-tivi.mp4','videos/2018/06/18/1529295030-youtube-thumbnail.jpg',NULL,'02:00','','<p>Nguy&ecirc;n liệu:</p>\r\n\r\n<p>Vịt 1 con</p>\r\n\r\n<p>Cơm rượu 1 hộp</p>\r\n\r\n<p>Hạt sen 200g</p>\r\n\r\n<p>Nấm đ&ocirc;ng c&ocirc; 1 bịch</p>\r\n\r\n<p>Gừng, h&agrave;nh t&iacute;m, rượu trắng</p>\r\n\r\n<p>Đường, muối, hạt n&ecirc;m, bột ngọt</p>\r\n\r\n<p>Rau cải xanh non, b&uacute;n tươi.</p>\r\n','','<p>C&aacute;ch l&agrave;m:</p>\r\n\r\n<p>Thịt vịt rửa sạch, s&aacute;t với gừng để khử m&ugrave;i h&ocirc;i của vịt, sau đ&oacute; chặt nhỏ th&agrave;nh miếng vừa ăn.</p>\r\n\r\n<p>Ướp thịt vịt với h&agrave;nh t&iacute;m, gừng, 1 mcf hạt n&ecirc;m, 1 mc đường, 1mcf bột ngọt, &frac12; hộp cơm rượu cả c&aacute;i v&agrave; nước.</p>\r\n\r\n<p>Cho 1 &iacute;t dầu v&agrave;o chảo n&oacute;ng, cho h&agrave;nh t&iacute;m v&agrave; gừng v&agrave;o phi thơm cho thịt vịt v&agrave;o x&agrave;o đến khi săn thịt lại, cho th&ecirc;m 1 &iacute;t rượu trắng.</p>\r\n\r\n<p>Tiếp tục đổ th&ecirc;m 1 l&iacute;t nước nấu đến khi nước s&ocirc;i th&igrave; giảm lửa nấu tiếp khoảng 15 ph&uacute;t, sau đ&oacute; cho th&ecirc;m hạt sen v&agrave; nấm đ&ocirc;ng c&ocirc; v&agrave;o nấu th&ecirc;m khoảng 15 ph&uacute;t nữa.</p>\r\n\r\n<p>Cho th&ecirc;m gia vị 1 mc muối, 1 mc đường, 1 mcf hạt n&ecirc;m, &frac12; phần cơm rượu c&ograve;n lại, n&ecirc;m lại cho vừa ăn, ho&agrave;n tất. Ăn k&egrave;m c&ugrave;ng với b&uacute;n tươi v&agrave; cải xanh non.</p>\r\n','4','<p>Vịt Tiềm cơm rượu&nbsp; - Bếp Nh&agrave; TV Studio</p>\r\n\r\n<p>Tổ chức sản xuất : Vick Le<br />\r\nQuay Phim : Vick Le<br />\r\nDựng Phim : Vick Le<br />\r\nDesign H&igrave;nh Ảnh : L&ecirc; Anh Nguy&ecirc;n<br />\r\nĐầu Bếp : Chef Phước L&agrave;nh</p>\r\n\r\n<p>MỌI NGƯỜI NHỚ SUBSCRIBE K&Ecirc;NH ĐỂ XEM NGAY C&Aacute;C VIDEO MỚI NHẤT.<br />\r\n► SUBSCRIBE CHANNEL: https://www.youtube.com/bepnhatv</p>\r\n\r\n<p>Cả nh&agrave; theo d&otilde;i th&ocirc;ng tin của Bếp Nh&agrave; TV tại đ&acirc;y nh&eacute;:</p>\r\n\r\n<p>► Fanpage:&nbsp; https://www.facebook.com/bepnhatv/<br />\r\n► Youtube: https://www.youtube.com/bepnhatv<br />\r\n---------------------<br />\r\n&copy; Bản quyền thuộc về Bếp Nh&agrave; TV<br />\r\n&copy; Copyright by Bep Nha TV ☞ Do not Reup</p>\r\n',0,6,13,1,1,'2018-06-18 11:17:46','2018-07-02 08:38:17',552,0,0,0,0,0,1,0),(55,'Canh nấm hạt sen táo đỏ','Chef Diệu Lành','<p><span style=\"color:rgb(17, 17, 17); font-size:14px\">C&aacute;c loại nấm thơm ngon bổ dưỡng được hầm c&ugrave;ng với hạt sen sẽ tạo n&ecirc;n vị ngọt dịu tinh tế thanh m&aacute;t, th&ecirc;m ch&uacute;t t&aacute;o đỏ c&agrave;ng l&agrave;m tăng th&ecirc;m t&iacute;nh bổ dưỡng của m&oacute;n canh chay n&agrave;y. V&agrave; chắc hẳn sẽ kh&ocirc;ng l&agrave;m c&aacute;c thực kh&aacute;ch y&ecirc;u m&oacute;n chay thất vọng. Canh nấm hạt sen t&aacute;o đỏ c&oacute; thể&nbsp;ăn với cơm hay m&igrave;, phở đều rất ngon, ph&ugrave; hợp cho mọi lứa tuổi, v&agrave;&nbsp; nhất l&agrave; cũng cực k&igrave; dễ l&agrave;m.</span></p>\r\n','2018/06/18/1529298777-Canh-nam-hat-sen-tao-do-_-Vao-bep-cung-Bep-Nha.mp4','videos/2018/06/18/1529298878-canh-suon-hat-sen.png',NULL,'01:35','','<p>Nguy&ecirc;n liệu: (4 phần)</p>\r\n\r\n<p>&ndash; 100gr hạt sen</p>\r\n\r\n<p>&ndash; 100gr củ năng</p>\r\n\r\n<p>-100gr nấm đ&ugrave;i g&agrave; or nấm rơm</p>\r\n\r\n<p>&ndash; 20gr nấm hương kh&ocirc;</p>\r\n\r\n<p>&ndash; 1 b&uacute;p nấm tuyết nhỏ</p>\r\n\r\n<p>&ndash; 20gr t&aacute;o đỏ kh&ocirc;</p>\r\n\r\n<p>&ndash; 1 củ cải, 1 c&agrave; rốt, 1 nh&aacute;nh boaro</p>\r\n\r\n<p>&ndash; 500gr m&igrave; tươi ăn k&egrave;m&nbsp;</p>\r\n','','<p>C&aacute;ch l&agrave;m:</p>\r\n\r\n<p>&ndash; Ng&acirc;m nấm hương v&agrave; nấm tuyết với nước n&oacute;ng cho nở. Cắt bỏ chần nấm.</p>\r\n\r\n<p>&ndash; Sơ chế sạch phần rau củ c&ograve;n lại. Cắt nhỏ c&aacute;c loại nấm v&agrave; rau củ (tỉa hoa nếu th&iacute;ch nh&eacute;)</p>\r\n\r\n<p>&ndash; Đun s&ocirc;i 1-1.5 l&iacute;t nước. Cho tất cả rau củ v&agrave;o hầm, hầm trong khoảng thời gian từ 20-30 ph&uacute;t, cho rau củ mềm vừa v&agrave; ngọt nước . Tiếp đ&oacute; n&ecirc;m hạt n&ecirc;m, muối, đường, ti&ecirc;u, ch&uacute;t dầu m&egrave;. Thử lại cho vừa ăn.</p>\r\n\r\n<p>&ndash; Phi boaro với 4 tbsp dầu ăn cho thơm.</p>\r\n\r\n<p>&ndash; Luộc m&igrave; với nước s&ocirc;i cho ch&iacute;n. Vớt m&igrave; v&agrave; đảo đều với dầu boaro cho tơi đều.</p>\r\n\r\n<p>***Tr&igrave;nh b&agrave;y: xếp lượng m&igrave; vừa đủ v&agrave;o t&ocirc;. M&uacute;c nước d&ugrave;ng rau củ v&agrave; nấm v&agrave;o t&ocirc;, th&ecirc;m ng&ograve; v&agrave; ch&uacute;t ti&ecirc;u d&ugrave;ng n&oacute;ng.&nbsp;</p>\r\n','','<p><span style=\"color:rgb(17, 17, 17); font-size:14px\">------------------------------------------- </span></p>\r\n\r\n<p><span style=\"color:rgb(17, 17, 17); font-size:14px\">Canh nấm t&aacute;o đỏ hạt sen - Bếp Nh&agrave; TV Studio </span></p>\r\n\r\n<p><span style=\"color:rgb(17, 17, 17); font-size:14px\">Tổ chức sản xuất : Vick Le </span></p>\r\n\r\n<p><span style=\"color:rgb(17, 17, 17); font-size:14px\">Quay Phim : L&ecirc; Anh Nguy&ecirc;n </span></p>\r\n\r\n<p><span style=\"color:rgb(17, 17, 17); font-size:14px\">Dựng Phim : L&ecirc; Anh Nguy&ecirc;n </span></p>\r\n\r\n<p><span style=\"color:rgb(17, 17, 17); font-size:14px\">Design H&igrave;nh Ảnh : L&ecirc; Anh Nguy&ecirc;n </span></p>\r\n\r\n<p><span style=\"color:rgb(17, 17, 17); font-size:14px\">Đầu Bếp : Chef Diệu L&agrave;nh </span></p>\r\n\r\n<p><span style=\"color:rgb(17, 17, 17); font-size:14px\">MỌI NGƯỜI NHỚ SUBSCRIBE K&Ecirc;NH ĐỂ XEM NGAY C&Aacute;C VIDEO MỚI NHẤT. </span></p>\r\n\r\n<p><span style=\"color:rgb(17, 17, 17); font-size:14px\">► SUBSCRIBE CHANNEL: </span><a class=\"yt-simple-endpoint style-scope yt-formatted-string\" href=\"https://www.youtube.com/bepnhatv\" style=\"display: inline-block; cursor: pointer; text-decoration-line: none; color: var(--yt-endpoint-visited-color, var(--yt-spec-icon-active-button-link)); font-family: Roboto, Arial, sans-serif; font-size: 14px; white-space: pre-wrap;\">https://www.youtube.com/bepnhatv</a><span style=\"color:rgb(17, 17, 17); font-size:14px\"> </span></p>\r\n\r\n<p><span style=\"color:rgb(17, 17, 17); font-size:14px\">Cả nh&agrave; theo d&otilde;i th&ocirc;ng tin của Bếp Nh&agrave; TV tại đ&acirc;y nh&eacute;: </span></p>\r\n\r\n<p><span style=\"color:rgb(17, 17, 17); font-size:14px\">► Fanpage: </span><a class=\"yt-simple-endpoint style-scope yt-formatted-string\" href=\"https://www.youtube.com/redirect?event=video_description&amp;v=3uidVsKuoMI&amp;q=https%3A%2F%2Fwww.facebook.com%2Fbepnhatv%2F&amp;redir_token=0qLE7Bu8WzhW2qZlfckPzeTuH9l8MTUyOTM4MTU0N0AxNTI5Mjk1MTQ3\" style=\"display: inline-block; cursor: pointer; text-decoration-line: none; color: var(--yt-endpoint-visited-color, var(--yt-spec-icon-active-button-link)); font-family: Roboto, Arial, sans-serif; font-size: 14px; white-space: pre-wrap;\">https://www.facebook.com/bepnhatv/</a><span style=\"color:rgb(17, 17, 17); font-size:14px\"> </span></p>\r\n\r\n<p><span style=\"color:rgb(17, 17, 17); font-size:14px\">► Youtube: </span><a class=\"yt-simple-endpoint style-scope yt-formatted-string\" href=\"https://www.youtube.com/bepnhatv\" style=\"display: inline-block; cursor: pointer; text-decoration-line: none; color: var(--yt-endpoint-visited-color, var(--yt-spec-icon-active-button-link)); font-family: Roboto, Arial, sans-serif; font-size: 14px; white-space: pre-wrap;\">https://www.youtube.com/bepnhatv</a><span style=\"color:rgb(17, 17, 17); font-size:14px\"> </span></p>\r\n\r\n<p><span style=\"color:rgb(17, 17, 17); font-size:14px\">--------------------- </span></p>\r\n\r\n<p><span style=\"color:rgb(17, 17, 17); font-size:14px\">&copy; Bản quyền thuộc về Bếp Nh&agrave; TV &copy; Copyright by Bep Nha TV ☞ Do not Reup</span></p>\r\n',0,21,22,1,NULL,'2018-06-18 12:18:31',NULL,243,0,0,0,0,0,0,0),(56,'Bánh Su kem đơn giản dễ làm','Kim Kim','<p><span style=\"color:rgb(34, 34, 34); font-size:14px\">M&oacute;n&nbsp;</span><strong>b&aacute;nh su kem</strong><span style=\"color:rgb(34, 34, 34); font-size:14px\">&nbsp;vừa ngậy vừa thơm kh&ocirc;ng chỉ hấp dẫn trẻ nhỏ m&agrave; ngay cả người lớn cũng th&iacute;ch m&ecirc; đấy nh&eacute;, dưới đ&acirc;y l&agrave; c&aacute;ch l&agrave;m su kem đơn giản nhất ch&uacute;ng t&ocirc;i sẽ giới thiệu đến bạn.</span></p>\r\n','2018/06/25/1529905119-Banh-su-kem.mp4','videos/2018/06/25/1529914388-banh-su.jpg',NULL,'06:51','','<p>Nguy&ecirc;n liệu:<br />\r\n* Phần vỏ b&aacute;nh<br />\r\n- 120ml nước lạnh<br />\r\n- 60gram bơ nhạt<br />\r\n- 65gram bột mỳ<br />\r\n- 2 quả trứng khoảng 50-55g/ quả kh&ocirc;ng t&iacute;nh vỏ&ndash; đ&aacute;nh tan<br />\r\n- &frac12; th&igrave;a c&agrave; ph&ecirc; (2-3 gram) đường<br />\r\n- 1 nh&uacute;m rất nhỏ muối<br />\r\n&nbsp;</p>\r\n','<p>* Phần nh&acirc;n b&aacute;nh ( phần kem)</p>\r\n\r\n<p>- 200ml sữa tươi<br />\r\n- 40gram đường<br />\r\n- 2 l&ograve;ng đỏ trứng<br />\r\n- 20 gram tinh bột ng&ocirc;&nbsp;<br />\r\n- 10 gr bơ nhạt<br />\r\n- 1 nh&uacute;m rất nhỏ muối</p>\r\n','<p>C&aacute;ch l&agrave;m:<br />\r\n* Phần vỏ b&aacute;nh:<br />\r\n&ndash; Chuẩn bị khay nướng: l&oacute;t giấy nến l&ecirc;n tr&ecirc;n khay, nấu kh&ocirc;ng d&ugrave;ng giấy nến bạn c&oacute; thể d&ugrave;ng bơ qu&eacute;t l&ecirc;n tr&ecirc;n khay một lớp mỏng sau đ&oacute; phủ ch&uacute;t bột l&ecirc;n tr&ecirc;n, &uacute;p ngược khay chho bột thừa rơi hết.<br />\r\n&ndash; Cho bơ v&agrave;o một chiếc nồi chống d&iacute;nh rồi đặt l&ecirc;n bếp, để lừa vừa cho bơ tan chảy cho th&ecirc;m nước, đường v&agrave; muối khuấy đều đun đến khi s&ocirc;i rồi tắt bếp.<br />\r\n&ndash; Đổ bột v&agrave;o nồi, d&ugrave;ng th&igrave;a gỗ đảo nhanh tay để bột quyện v&agrave; mịn th&agrave;nh một khối.<br />\r\n&ndash; Cho 1/2 chỗ trứng (đ&atilde; đ&aacute;nh tan) v&agrave;o khối bột tiếp tục khuấy bột đến khi hỗn hợp quyện lại v&agrave; đặc. Tiếp tục cho th&ecirc;m chỗ trứng c&ograve;n lại v&agrave; lại tiếp tục khuấy đến khi bột quyện mịn.<br />\r\n&ndash; Cho bột ra khay nướng, bạn c&oacute; thể d&ugrave;ng th&igrave;a m&uacute;c bột cho trực tiếp ra khay c&ograve;n muốn điệu một ch&uacute;t th&igrave; bạn cho bột v&agrave;o một chiếc t&uacute;i b&oacute;ng để tạo th&agrave;nh h&igrave;nh khối bắt mắt hơn. Trong hi cho bột ra khay bạn lưu &yacute; khoảng c&aacute;ch giữa c&aacute;c b&aacute;nh, kh&ocirc;ng được đặt nhiều b&aacute;nh gần nhau v&igrave; b&aacute;nh khi ch&iacute;n sẽ nở ra, nếu khoảng c&aacute;ch giữ 2 b&aacute;nh gần nhau qu&aacute; b&aacute;nh sẽ kh&ocirc;ng ch&iacute;n đều v&agrave; sẽ rất xấu.<br />\r\n&ndash; Nướng b&aacute;nh ở nhiệt độ 190- 200 độ C trong 20-25 ph&uacute;t t&ugrave;y k&iacute;ch thước b&aacute;nh.<br />\r\n&ndash; Y&ecirc;u cầu của vỏ b&aacute;nh nướng đạt l&agrave; vỏ b&aacute;nh nở đẹp, ruột rỗng, vỏ v&agrave;ng đều, thơm. c&ograve;n ruột b&aacute;nh th&igrave; n&oacute; sẽ rỗng.</p>\r\n\r\n<p>* Phần nh&acirc;n kem:<br />\r\n&ndash;Đ&aacute;nh trứng đến khi l&ograve;ng đỏ b&ocirc;ng đặc, chuyển sang m&agrave;u v&agrave;ng nhạt, nhấc que đ&aacute;nh l&ecirc;n thấy l&ograve;ng đỏ chảy xuống th&agrave;nh d&ograve;ng th&igrave; ngừng lại.<br />\r\n&ndash; R&acirc;y bột v&agrave;o trứng đường rồi trộn đều.<br />\r\n&ndash; Đun sữa n&oacute;ng chỉ để khoảng 70 đọ C th&ocirc;i nh&eacute; đừng l&agrave;m sữa s&ocirc;i hẳn. Từ từ đổ sữa v&agrave;o &acirc;u trứng bột, vừa đổ vừa quấy đều tay.<br />\r\n&ndash; Cho hỗn hợp v&agrave;o nồi, để lửa nhỏ, quấy đều, lưu &yacute; v&eacute;t th&agrave;nh v&agrave; đ&aacute;y nồi. Khi hỗn hợp bắt đầu đặc lại th&igrave; bắc ra khỏi bếp, quấy đến khi hỗn hợp đặc sệt th&agrave;nh kem. Cho bơ, muối trộn đều.<br />\r\n&ndash; Đợi kem v&agrave; b&aacute;nh nguội th&igrave; lấy dao nhọn rạch một đường quanh bụng b&aacute;nh, b&oacute;p kem hoặc lấy một chiếc th&igrave;a nhỏ x&uacute;c kem cho v&agrave;o nh&acirc;n.<br />\r\nCh&uacute;c c&aacute;c bạn th&agrave;nh c&ocirc;ng !</p>\r\n','','',0,5,15,1,1,'2018-06-25 12:43:19','2018-06-25 08:13:14',445,0,0,0,0,0,1,0),(57,'Tai heo xào sả ớt giòn giòn, lạ miệng','Wa Wa Hy','<p>M&oacute;n tai heo x&agrave;o sả ớt vừa gi&ograve;n lại c&oacute; ch&uacute;t cay cay, thơm ngon, chắc chắn cả nh&agrave; sẽ th&iacute;ch. Nguy&ecirc;n liệu dễ t&igrave;m, c&aacute;ch l&agrave;m đơn giản, tốn &iacute;t thời gian nữa. H&atilde;y c&ugrave;ng Bếp Nh&agrave; hoc c&aacute;ch chế biến m&oacute;n tai heo x&agrave;o sả ớt gi&ograve;n gi&ograve;n n&agrave;y nh&eacute;!</p>\r\n\r\n<p>&nbsp;</p>\r\n','2018/06/25/1529906148-Tai-heo-chien-xa.mp4','videos/2018/06/25/1529914487-tai-heop-xa-ot.jpg',NULL,'01:22','','<p>Nguy&ecirc;n liệu:<br />\r\n- Tai heo: 1 c&aacute;i<br />\r\n- Sả: 4-5 củ<br />\r\n- Ớt chu&ocirc;ng đỏ: &frac12; quả<br />\r\n- Ngũ vị hương: 1 g&oacute;i<br />\r\n- Gừng: 1 nh&aacute;nh nhỏ<br />\r\n- H&agrave;nh t&iacute;m : 2 củ<br />\r\n- Tỏi: 1 củ<br />\r\n- Gia vị: bột n&ecirc;m, dấm gạo v&agrave; dầu ăn.</p>\r\n\r\n<p>&nbsp;</p>\r\n','','<p>C&aacute;ch l&agrave;m<br />\r\nBước 1: Tai heo l&agrave;m sạch, luộc ch&iacute;n với 1 muỗng canh dấm gạo, vớt ra ng&acirc;m v&agrave;o &acirc;u nước lạnh c&ugrave;ng v&agrave;i vi&ecirc;n đ&aacute; để cho tai lợn được trắng v&agrave; gi&ograve;n. Để r&aacute;o nước, th&aacute;i mỏng tai heo.<br />\r\nBước 2: Sả b&oacute;c lớp vỏ ngo&agrave;i, gừng, h&agrave;nh, tỏi b&oacute;c vỏ rửa sạch. Sả th&aacute;i nhỏ, gừng th&aacute;i chỉ, h&agrave;nh tỏi đập dập băm nhỏ, ớt chu&ocirc;ng đỏ th&aacute;i hạt lựu.<br />\r\nBước 3: Phi thơm h&agrave;nh tỏi với dầu ăn, cho sả, ớt, gừng v&agrave;o x&agrave;o c&ugrave;ng. Th&ecirc;m ngũ vị hương v&agrave; đảo đều, n&ecirc;m 1 th&igrave;a bột n&ecirc;m.<br />\r\nBước 4: Tiếp đến cho tai lợn đ&atilde; th&aacute;i v&agrave;o đảo đều. Th&ecirc;m &iacute;t sa tế (nếu bạn th&iacute;ch ăn cay), n&ecirc;m gia vị cho vừa miệng. V&igrave; tai lợn đ&atilde; ch&iacute;n n&ecirc;n kh&ocirc;ng cần x&agrave;o qu&aacute; l&acirc;u. Cho tai lợn x&agrave;o sả ớt ra đĩa.<br />\r\nCh&uacute;c c&aacute;c bạn th&agrave;nh c&ocirc;ng!</p>\r\n','','',0,6,11,1,1,'2018-06-25 12:58:04','2018-06-25 08:14:51',438,0,0,0,0,0,1,0),(58,'Bánh bông lan bơ nho cực dễ','Kim Kim','<p>B&aacute;nh b&ocirc;ng lan bơ nho (Raisin butter cake) l&agrave; một loại b&aacute;nh rất phổ biến, thường c&oacute; mặt tại c&aacute;c bữa tiệc tr&agrave;. Loại b&aacute;nh n&agrave;y rất dễ l&agrave;m bằng l&ograve; nướng, c&oacute; m&ugrave;i thơm của bơ, ngọt vị nho v&agrave; b&eacute;o vị sữa, cả nh&agrave; ai cũng th&iacute;ch.&nbsp;</p>\r\n','2018/06/25/1529908950-Banh-bo-nho-bong-lan.mp4','videos/2018/06/25/1529914514-banh-bong-lan-bo-nho.jpg',NULL,'04:51','','<p>Nguy&ecirc;n liệu:<br />\r\n- 180 gr bột m&igrave; đa dụng<br />\r\n- 110 gr bơ lạt (nhiệt độ ph&ograve;ng)<br />\r\n- 100 ml sữa tươi<br />\r\n- 110 gr đường<br />\r\n- 1,5 mcf bột nở<br />\r\n- 1,5 mcf vani<br />\r\n- 1 nh&uacute;m muối<br />\r\n- 100 gr nho kh&ocirc; (đ&atilde; ng&acirc;m với rượu rum)<br />\r\n- 2 trứng g&agrave;</p>\r\n\r\n<p>&nbsp;</p>\r\n','','<p>C&aacute;ch l&agrave;m:<br />\r\n- Đ&aacute;nh mềm bơ ở tốc dộ vừa, cho đường v&agrave;o đ&aacute;nh b&ocirc;ng tới khi bơ c&oacute; m&agrave;u trắng ng&agrave;.<br />\r\n- Cho lần lượt từng quả trứng v&agrave;o đ&aacute;nh cho h&ograve;a quyện ho&agrave;n to&agrave;n<br />\r\n- Trộn bột nở, bột m&igrave; v&agrave; muối v&agrave;o t&ocirc;. Trộn sữa v&agrave; vani.<br />\r\n- Cho lần lượt từng phần bột v&agrave; sữa v&agrave;o, trộn đều.<br />\r\n- Phủ nho với bột m&igrave;, cho v&agrave;o &acirc;u bột trộn đều tay<br />\r\n- Cho bột v&agrave;o 2/3 khu&ocirc;n cupcake. Đem nướng 165 độ C trong 30 &ndash; 35 ph&uacute;t, đến khi b&aacute;nh ch&iacute;n v&agrave;ng,<br />\r\nCh&uacute;c c&aacute;c bạn th&agrave;nh c&ocirc;ng !</p>\r\n','','',0,5,15,1,1,'2018-06-25 13:46:44','2018-06-25 08:15:19',444,0,0,0,0,0,1,0),(59,'Thịt ba chỉ kho củ cải','Wa Wa Hy','<p>Bạn c&oacute; muốn chế biến một bữa cơm tối đậm đ&agrave; với m&oacute;n thịt kho củ cải, sẽ rất đưa cơm đấy. C&ugrave;ng Bếp Nh&agrave; v&agrave;o bếp để thực hiện m&oacute;n ăn n&agrave;y nh&eacute; ❤</p>\r\n','2018/06/25/1529910704-thit-ba-chi-kho-cu-cai.mp4','videos/2018/06/25/1529914532-ba-chi-kho-cu-cai.jpg',NULL,'01:14','','<p>Nguy&ecirc;n liệu:<br />\r\n- 300g thịt ba chỉ<br />\r\n- 2 củ cải trắng<br />\r\n- 1 muỗng canh đường<br />\r\n- &frac12; muỗng canh h&agrave;nh băm<br />\r\n- 2 muỗng canh nước mắm<br />\r\n- &frac12; muỗng canh bột n&ecirc;m<br />\r\n- 1 muỗng canh nước h&agrave;ng</p>\r\n','','<p>C&aacute;ch l&agrave;m:<br />\r\n- Thịt ba chỉ rửa sạch với ch&uacute;t muối, để r&aacute;o, th&aacute;i miếng vừa ăn.<br />\r\n- Ướp thịt với h&agrave;nh củ bằm nhỏ, nước mắm, đường, bột n&ecirc;m để khoảng 30 ph&uacute;t cho thịt ngấm. Nếu kh&ocirc;ng quen tỷ lệ c&aacute;c loại gia vị, bạn c&oacute; thể sử dụng g&oacute;i gia vị thịt kho mua sẵn.<br />\r\n- Bắc nồi l&ecirc;n bếp, cho thịt v&agrave;o đảo cho săn.<br />\r\n- Khi thịt săn, th&ecirc;m nước h&agrave;ng, đảo đều. Tiếp tục th&ecirc;m nước s&ocirc;i sao cho ngập mặt thịt, kho với lửa vừa đến khi nước gần cạn, thịt ch&iacute;n mềm.<br />\r\n- Cho củ cải v&agrave;o đảo kỹ, kho th&ecirc;m đến khi ch&iacute;n mềm.<br />\r\nCh&uacute;c c&aacute;c bạn th&agrave;nh c&ocirc;ng!</p>\r\n','','',0,6,11,1,1,'2018-06-25 14:14:01','2018-06-25 08:15:39',520,0,0,0,0,0,1,0),(60,'Gà xá xíu thơm ngon của người Hoa','Wa Wa Hy','<p>X&aacute; x&iacute;u vốn l&agrave; một loại thịt heo quay hoặc nướng, c&oacute; nguồn gốc từ Quảng Đ&ocirc;ng, Trung Quốc. Tuy nhi&ecirc;n, nếu biến tấu một ch&uacute;t, bạn cũng c&oacute; thể chế biến x&aacute; x&iacute;u với nguy&ecirc;n liệu l&agrave; thịt g&agrave;. Từng miếng g&agrave; mềm thơm h&ograve;a quyện c&ugrave;ng thứ nước sốt cực lạ đảm bảo c&aacute;c th&agrave;nh vi&ecirc;n trong nh&agrave; bạn th&iacute;ch m&ecirc; đấy. H&atilde;y c&ugrave;ng Bếp Nh&agrave; hoc c&aacute;ch chế biến m&oacute;n n&agrave;y nh&eacute;! ❤</p>\r\n','2018/06/25/1529912009-Ga-xa-xiu.mp4','videos/2018/06/25/1529914554-ga-xa-xiu.jpg',NULL,'01:10','','<p>Nguy&ecirc;n liệu:<br />\r\n- 2 miếng thịt đ&ugrave;i g&agrave; kh&ocirc;ng xương<br />\r\n- Nước sốt: 1 miếng chao đỏ, 1 muỗng canh nước tương, 1 muỗng canh nước tương loại đậm m&agrave;u, 1 muỗng canh rượu gạo, 1 muỗng canh mật ong, 1 muỗng canh dầu h&agrave;o , 2 muỗng canh đường, 1/3 muỗng canh bột ngũ vị hương, 1 &iacute;t ti&ecirc;u, v&agrave; &frac12; muỗng canh tỏi băm.</p>\r\n','','<p>C&aacute;ch l&agrave;m<br />\r\n- G&agrave; rửa sạch. Khứa v&agrave;i đường ở phần thịt.<br />\r\n- Trộn đều tất cả nguy&ecirc;n liệu phần nước sốt v&agrave;o trong một b&aacute;t.<br />\r\n- Bắc chảo l&ecirc;n bếp (kh&ocirc;ng cho dầu). Cho từng miếng g&agrave; v&agrave;o nướng chảo với lửa vừa.<br />\r\n- Khi g&agrave; v&agrave;ng hai mặt, th&igrave; cho nước sốt v&agrave;o rim với lửa nhỏ v&agrave; nhớ trở mặt thịt g&agrave; cho c&oacute; m&agrave;u n&acirc;u đều.<br />\r\n- Khi nước sốt sệt lại bạn rim th&ecirc;m 2 ph&uacute;t nữa l&agrave; tắt bếp. Thịt g&agrave; x&aacute; x&iacute;u kh&ocirc;ng cầu kỳ nhưng ăn rất tr&ocirc;i cơm.<br />\r\nCh&uacute;c bạn v&agrave; gia đ&igrave;nh c&oacute; bữa cơm ngon miệng với thịt g&agrave; x&aacute; x&iacute;u!</p>\r\n','','',0,6,13,1,1,'2018-06-25 14:38:02','2018-06-25 08:15:56',667,0,0,0,0,0,1,0),(61,'Bò Cuộn Nấm Kim Châm Áp Chảo','','<p>B&ograve; cuộn nấm kim ch&acirc;m thật thơm ngon với phần ngọt của nấm thấm đều v&agrave;o từng thớ thịt. Cứ tưởng tượng đến miếng thịt b&ograve; ngon l&agrave;nh n&oacute;ng hổi bọc lấy những c&acirc;y nấm gi&ograve;n sần sật, thanh m&aacute;t v&agrave; nước xốt đậm đ&agrave; l&agrave; đ&atilde; thấy ngon ph&aacute;t th&egrave;m. C&ugrave;ng Bếp Nh&agrave; v&agrave;o bếp để thực hiện m&oacute;n ăn n&agrave;y nh&eacute; ❤</p>\r\n','2018/06/26/1529981410-bo-cuon-nam-kim-cham.mp4','videos/2018/06/27/1530082625-bo-cuon-nam-kim-cham-3.jpg',NULL,'01:07','','<p>Nguy&ecirc;n liệu:<br />\r\n- 200g thịt thăn b&ograve;, th&aacute;i miếng to, mỏng<br />\r\n-100g nấm kim ch&acirc;m<br />\r\n- 2 muỗng canh nước tương<br />\r\n- 2 muống canh rượu Mirin<br />\r\n- 1 muỗng canh đường<br />\r\n- Muối, hạt ti&ecirc;u.</p>\r\n\r\n<p>&nbsp;</p>\r\n','','<p>C&aacute;ch l&agrave;m:<br />\r\n- Cho nước tương, rượu mirin v&agrave; đường v&agrave;o nồi bắc l&ecirc;n bếp nấu cho đến khi hỗn hợp hơi sệt lại th&igrave; tắt lửa.<br />\r\n- Nấm rửa sạch, ng&acirc;m trong nước muối khoảng 5 ph&uacute;t rồi vớt ra rửa lại với nước lạnh, để r&aacute;o. Đặt miếng thịt b&ograve; v&agrave; cho nấm kim ch&acirc;m v&agrave;o cuộn chặt tay.<br />\r\n- Bắc chảo l&ecirc;n bếp c&ugrave;ng một ch&uacute;t dầu ăn tr&aacute;ng đều chảo. Khi chảo n&oacute;ng đều th&igrave; cho thịt b&ograve; v&agrave;o &aacute;p chảo, rắc th&ecirc;m ch&uacute;t muối v&agrave; hạt ti&ecirc;u.<br />\r\n- Khi thịt b&ograve; chuyển m&agrave;u gần ch&iacute;n th&igrave; phết hỗn hợp gia vị l&ecirc;n, nấu th&ecirc;m 1 ph&uacute;t nữa rồi tắt bếp.<br />\r\n- Rưới th&ecirc;m nước xốt nếu muốn.<br />\r\nCh&uacute;c c&aacute;c bạn th&agrave;nh c&ocirc;ng!</p>\r\n\r\n<p>&nbsp;</p>\r\n','','',0,6,12,1,1,'2018-06-26 09:52:55','2018-06-27 06:57:17',426,0,0,0,0,0,1,0),(62,'Khám phá quán cua ngon nhất Sài Gòn - Cua Ba Chí','VJ Chúc Anh','<p><span style=\"background-color:rgb(255, 255, 255); color:rgb(17, 17, 17); font-size:14px\">Cua Ba Ch&iacute; - Qu&aacute;n cua được đồn đại l&agrave; ngon nhất S&agrave;i G&ograve;n. C&aacute;c bạn c&ugrave;ng theo ch&acirc;n Bếp Nh&agrave; TV đi kh&aacute;m ph&aacute; thực hư về độ ngon của m&oacute;n cua n&agrave;y nh&eacute;.</span></p>\r\n','2018/06/26/1529981679-[Bep-Nha-TV-Bep-Huong]-Cua-Ba-Chi.mp4','videos/2018/06/27/1530082424-cua-ba-chi.jpg',NULL,'09:00','','','','','','',0,3,16,1,1,'2018-06-26 09:56:30','2018-06-27 06:53:50',352,0,0,0,0,0,1,0),(63,'Chè sương sa hạt lựu','','<p>Ch&egrave; Sương Sa Hạt Lựu l&agrave;m từ củ năng l&agrave; một m&oacute;n ăn v&ocirc; c&ugrave;ng ngon v&agrave; hấp dẫn. M&oacute;n ăn n&agrave;y kh&aacute; đơn giản v&agrave; cũng dễ chế biến, rất tốt cho cơ thể. V&igrave; thế c&aacute;c bạn h&atilde;y thử l&agrave;m c&ugrave;ng Bếp Nh&agrave; nh&eacute;</p>\r\n','2018/06/26/1529982284-Che-suong-sa-hat-luu-_-Vao-bep-cung-Bep-Nha.mp4.mp4','videos/2018/06/27/1530082407-che-suong-sa-hot-luu-2.jpg',NULL,'01:33','','<p>Nguy&ecirc;n Liệu<br />\r\n&ndash; 15 &ndash; 20 củ năng<br />\r\n&ndash; V&agrave;i giọt m&agrave;u thực phẩm m&agrave;u đỏ<br />\r\n&ndash; 120g bột năng<br />\r\n-- L&aacute; dứa&nbsp;<br />\r\n&ndash; 60g đường<br />\r\n&ndash; 60ml sữa tươi<br />\r\n&ndash; 60ml nước cốt dừa</p>\r\n','','<p>C&aacute;ch L&agrave;m<br />\r\n- Củ năng rửa sạch, gọt vỏ, xắt hạt lựu.<br />\r\n- L&aacute; dứa xay nhuyễn. Sau đ&oacute; cho hạt năng v&agrave;o tạo m&agrave;u trong khoảng 30ph.<br />\r\n- Hoặc c&aacute;c bạn cũng c&oacute; thể sử dụng m&agrave;u thực phẩm để tạo m&agrave;u.<br />\r\n- Sau đ&oacute;, bạn vớt củ năng ra một b&aacute;t kh&aacute;c. Cho bột năng v&agrave;o trộn đều. Nếu bột năng chưa b&aacute;m k&iacute;n được v&agrave;o củ năng th&igrave; bạn c&oacute; thể xịt th&ecirc;m một ch&uacute;t nước để bột b&aacute;m được nhiều hơn nh&eacute;.<br />\r\n- Trộn đều một l&uacute;c, bạn vớt củ năng v&agrave;o một c&aacute;i r&aacute; hoặc dụng cụ chuy&ecirc;n dụng, r&acirc;y cho hết bột thừa ra ngo&agrave;i. Để ri&ecirc;ng ra một c&aacute;i đĩa kh&aacute;c.<br />\r\n- Bạn bắc một nồi nước lọc l&ecirc;n bếp. Khi nước s&ocirc;i, bạn cho củ năng v&agrave;o luộc ch&iacute;n. Khi thấy củ năng nổi l&ecirc;n hết th&igrave; bạn vớt ra một chậu nước lọc lạnh để cho bột kh&ocirc;ng bị n&aacute;t v&agrave; d&iacute;nh v&agrave;o nhau. Ng&acirc;m hạt củ năng khoảng 2-3 ph&uacute;t, bạn vớt ra b&aacute;t cho r&aacute;o nước v&agrave; để nguội.<br />\r\n- Tiếp theo ch&uacute;ng ta sẽ chế biến nước d&ugrave;ng: c&aacute;c bạn bắc một nồi nhỏ l&ecirc;n bếp cho nguy&ecirc;n liệu theo tỉ lệ: 60ml nước+ 60g đường+ nước cốt dừa+ 60ml sữa tươi. Để lửa nhỏ để nước d&ugrave;ng kh&ocirc;ng bị tr&agrave;o ra ngo&agrave;i, nước s&ocirc;i th&igrave; bạn tắt bếp.<br />\r\n- Khi ăn c&aacute;c bạn cho hạt củ năng v&agrave;o b&aacute;t, tưới th&ecirc;m nước cốt dừa, cho th&ecirc;m đ&aacute; b&agrave;o l&agrave; c&oacute; thể thưởng thức rồi.<br />\r\nCh&uacute;c c&aacute;c bạn th&agrave;nh c&ocirc;ng!</p>\r\n\r\n<p>&nbsp;</p>\r\n','','',0,6,15,1,1,'2018-06-26 10:06:31','2018-06-27 06:53:31',559,0,0,0,0,0,1,0),(64,'Cách làm cơm gà Hải Nam','Kim Kim','<p>C&aacute;c bạn đ&atilde; c&oacute; &yacute; tưởng g&igrave; cho bữa ăn gia đ&igrave;nh m&igrave;nh h&ocirc;m nay chưa? H&atilde;y cũng Bếp Nh&agrave; v&agrave;o bếp thực hiện ngay m&oacute;n CƠM G&Agrave; HẢI NAM hấp dẫn n&agrave;y nh&eacute;. Chắc chắn sẽ kh&ocirc;ng l&agrave;m c&aacute;c bạn thất vọng đ&acirc;u.<br />\r\n&nbsp;</p>\r\n','2018/06/26/1529983086-Cach-lam-com-ga-Hai-Nam-_-Vao-bep-cung-Bep-Nha.mp4.mp4','videos/2018/06/27/1530082372-Com-ga-Hai-Nam.jpg',NULL,'04:16','','<p>Nguy&ecirc;n liệu:<br />\r\n- 2 c&aacute;i đ&ugrave;i g&agrave; g&oacute;c tư<br />\r\n- Gạo<br />\r\n- H&agrave;nh l&aacute;<br />\r\n- Gừng<br />\r\n- Tỏi<br />\r\n- Mỡ g&agrave;<br />\r\n- Hạt n&ecirc;m<br />\r\n- Muối<br />\r\n- Tương x&iacute; muội<br />\r\n- Dầu m&egrave;</p>\r\n','','<p>C&aacute;ch l&agrave;m:<br />\r\n- Luộc g&agrave; với gừng v&agrave; h&agrave;nh l&aacute;, th&ecirc;m ch&uacute;t muối v&agrave; hạt n&ecirc;m trong khoảng 20 &ndash; 25 ph&uacute;t<br />\r\n- Vớt g&agrave; ra ng&acirc;m ngay v&agrave;o nước lạnh, phết dầu m&egrave; l&ecirc;n xung quanh da g&agrave;<br />\r\n- Thắng mỡ g&agrave;, cho gừng tỏi v&agrave;o x&agrave;o thơm. Cho gạo v&agrave;o đảo đều<br />\r\n- Cho gạo đ&atilde; x&agrave;o v&agrave;o nồi cơm, ch&acirc;m nước luộc g&agrave; v&agrave;o. Lưu &yacute; nấu &iacute;t nước hơn b&igrave;nh thường 1 t&iacute; bạn nh&eacute;.<br />\r\n- B&agrave;y cơm g&agrave; ra d&ugrave;ng chung với tương x&iacute; muội<br />\r\nCh&uacute;c c&aacute;c bạn th&agrave;nh c&ocirc;ng !</p>\r\n','','',0,6,13,1,1,'2018-06-26 10:19:35','2018-06-27 06:53:15',750,0,0,0,0,0,1,0),(65,'Bánh bao chay nhân ngọt và mặn','','','2018/06/27/1530090945-Banh-bao-chay-Vao-bep-cung-Bep-Nha.mp4','videos/2018/06/27/1530091172-banh-bao-chay.jpg',NULL,'04:28','','','','','','',1,21,22,1,NULL,'2018-06-27 16:19:38',NULL,3,0,0,0,0,0,0,1),(66,'Bánh bao chay nhân ngọt và mặn','Chef Diệu Lành','<p>B&aacute;nh bao chay l&agrave; một trong những m&oacute;n Dimsum chay được rất nhiều người y&ecirc;u th&iacute;ch. B&aacute;nh bao chay nh&acirc;n mặn được l&agrave;m từ c&aacute;c loại nấm v&agrave; rau củ sẽ l&agrave; một m&oacute;n b&aacute;nh đầy dinh dưỡng đấy nh&eacute;. C&ugrave;ng với nh&acirc;n bắp ngọt, bạn sẽ c&oacute; th&ecirc;m sự lựa chọn cho bữa điểm t&acirc;m thanh tịnh hay m&acirc;m c&uacute;ng ng&agrave;y lễ nh&eacute;.&nbsp;</p>\r\n','2018/06/27/1530090945-Banh-bao-chay-Vao-bep-cung-Bep-Nha.mp4','videos/2018/06/27/1530091172-banh-bao-chay.jpg',NULL,'04:28','','<p>Nguy&ecirc;n liệu: 25 b&aacute;nh nhỏ</p>\r\n\r\n<p>1. Vỏ b&aacute;nh bao:</p>\r\n\r\n<p>800gr bột b&aacute;nh bao</p>\r\n\r\n<p>10gr men ngọt</p>\r\n\r\n<p>400ml nước ấm</p>\r\n\r\n<p>60ml dầu ăn or 50gr bơ thực vật</p>\r\n\r\n<p>2. Nh&acirc;n mặn:</p>\r\n\r\n<p>1 b&igrave;a đậu hũ chi&ecirc;n</p>\r\n\r\n<p>50gr nấm m&egrave;o</p>\r\n\r\n<p>50gr nấm kim ch&acirc;m</p>\r\n\r\n<p>50gr c&agrave; rốt</p>\r\n\r\n<p>50gr su h&agrave;o</p>\r\n\r\n<p>⅓nh&aacute;nh boaro</p>\r\n\r\n<p>2 cuộn miến nhỏ.</p>\r\n\r\n<p>Gia vị: 2tbsp nước mắm, 2tsp hạt n&ecirc;m, 1tbsp đường, ⅓tsp ti&ecirc;u, &frac12;tsp dầu m&egrave;&nbsp;</p>\r\n','<p>3. Nh&acirc;n ngọt</p>\r\n\r\n<p>2 tr&aacute;i bắp ngọt</p>\r\n\r\n<p>400ml nước luộc bắp</p>\r\n\r\n<p>100ml sữa đặc</p>\r\n\r\n<p>100ml nước cốt dừa</p>\r\n\r\n<p>3tbsp sữa bột</p>\r\n\r\n<p>3tbsp đường</p>\r\n\r\n<p>70gr bột bắp</p>\r\n\r\n<p>2 ống vanilla&nbsp;</p>\r\n','','','',1,21,22,1,1,'2018-06-27 16:19:44','2018-06-27 10:16:53',1354,0,0,0,0,0,1,0),(67,'Mắm kho bao tử cá','Chef Phước Lành','<p>MẮM KHO BAO TỬ C&Aacute; m&oacute;n ăn đơn giản, b&igrave;nh dị mang đậm n&eacute;t đặc trưng của miền T&acirc;y s&ocirc;ng nước. Nguy&ecirc;n liệu ch&iacute;nh của m&oacute;n ăn n&agrave;y ch&iacute;nh l&agrave; mắm c&aacute; linh được nấu c&ugrave;ng với bao tử c&aacute; gi&ograve;n gi&ograve;n tạo n&ecirc;n một m&oacute;n ăn hấp dẫn. H&atilde;y c&ugrave;ng Bếp Nh&agrave; TV học c&aacute;ch l&agrave;m m&oacute;n mắm kho bao tử c&aacute; n&agrave;y nh&eacute;.&nbsp;</p>\r\n','2018/07/02/1530499648-Mam-kho-bao-tu-ca-Vao-bep-cung-Bep-Nha.mp4','videos/2018/07/02/1530499827-YT.png',NULL,'01:53','','<p>Nguy&ecirc;n liệu:</p>\r\n\r\n<p>Mắm c&aacute; linh 300g</p>\r\n\r\n<p>Bao tử c&aacute; 500g</p>\r\n\r\n<p>Thịt ba chỉ 300g</p>\r\n\r\n<p>C&agrave; t&iacute;m 3 tr&aacute;i</p>\r\n\r\n<p>Đậu bắp 300g</p>\r\n\r\n<p>Khổ qua 3 tr&aacute;i</p>\r\n\r\n<p>Sả c&acirc;y, h&agrave;nh t&iacute;m, tỏi</p>\r\n\r\n<p>Rau ăn k&egrave;m dưa leo, diếp c&aacute;, s&agrave; l&aacute;ch, t&iacute;a t&ocirc;</p>\r\n\r\n<p>Gia vị: muối, đường, hạt n&ecirc;m, bột ngọt</p>\r\n','','<p>C&aacute;ch l&agrave;m</p>\r\n\r\n<p>Sơ chế bao tử c&aacute;: bao tử c&aacute; rửa qua với giấm ăn, sau đ&oacute; xả qua nước lạnh 2 đến 3 lần để l&agrave;m sạch. Thịt ba chỉ rửa sạch th&aacute;i l&aacute;t mỏng. C&agrave; t&iacute;m, khổ qua, đậu bắp cắt miếng vừa ăn ng&acirc;m v&agrave;o nước lạnh để c&agrave; t&iacute;m kh&ocirc;ng bị đen.</p>\r\n\r\n<p>Cho mắm c&aacute; linh v&agrave;o nồi, cho th&ecirc;m 700ml nước nấu đến khi s&ocirc;i, lược lấy nước mắm. Nồi n&oacute;ng cho 1 &iacute;t dầu v&agrave;o cho sả c&acirc;y, h&agrave;nh t&iacute;m, tỏi băm nhuyễn v&agrave;o phi thơm, tiếp đến cho thịt ba chỉ v&agrave; bao tử c&aacute; v&agrave;o x&agrave;o đến khi thịt xăn lại.</p>\r\n\r\n<p>Sau đ&oacute;, cho nước mắm v&agrave;o nấu đến khi s&ocirc;i. Cho c&agrave; t&iacute;m, đậu bắp, khổ qua v&agrave;o nấu ch&iacute;n. N&ecirc;m gia vị: 2 muỗng canh đường, &frac12; mcf muối,1 muỗng canh bột ngọt, &frac12; muỗng canh hạt n&ecirc;m, n&ecirc;m lại cho vừa ăn.</p>\r\n\r\n<p>*** Lưu &yacute; với m&oacute;n mắm kho bạn cũng c&oacute; thể d&ugrave;ng với b&uacute;n, khi ấy bạn nấu mắm c&aacute; linh với 1000ml nước lạnh để lược lấy nước mắm nh&eacute;</p>\r\n','','<p>Mắm kho bao tử c&aacute; - Bếp Nh&agrave; TV Studio</p>\r\n\r\n<p>Tổ chức sản xuất : Vick Le<br />\r\nQuay Phim : Vick Le<br />\r\nDựng Phim : Vick Le<br />\r\nDesign H&igrave;nh Ảnh : L&ecirc; Anh Nguy&ecirc;n<br />\r\nĐầu Bếp : Chef Phước L&agrave;nh</p>\r\n\r\n<p>Cả nh&agrave; theo d&otilde;i th&ocirc;ng tin của Bếp Nh&agrave; TV tại đ&acirc;y nh&eacute;:</p>\r\n\r\n<p>► Fanpage:&nbsp; https://www.facebook.com/bepnhatv/<br />\r\n► Youtube: https://www.youtube.com/bepnhatv<br />\r\n---------------------<br />\r\n&copy; Bản quyền thuộc về Bếp Nh&agrave; TV<br />\r\n&copy; Copyright by Bep Nha TV ☞ Do not Reup</p>\r\n',2,6,9,1,1,'2018-07-02 09:51:54','2018-07-02 04:19:47',330,0,0,0,0,0,1,0),(68,'Gà nấu Chao thơm ngon ngày lạnh','Wa Wa Hy','<p>M&oacute;n g&agrave; nấu chao rất hay được m&igrave;nh lựa chọn v&igrave; n&oacute; dễ ăn, c&oacute; thể ăn k&egrave;m với cơm, với b&aacute;nh m&igrave; hoặc l&agrave;m m&oacute;n nhậu m&agrave; đặc biệt đ&acirc;y l&agrave; m&oacute;n rất ngon miệng v&igrave; m&ugrave;i thơm của rượu, vị ngọt của thịt g&agrave;, h&agrave;nh t&acirc;y, vị cay cay nồng nồng của sả ớt, th&iacute;ch hợp cho những ng&agrave;y đ&ocirc;ng lạnh.</p>\r\n\r\n<p>&nbsp;</p>\r\n','2018/07/02/1530520132-Ga-nau-chao.mp4','videos/2018/07/03/1530606557-ga-nau-chao.jpg',NULL,'06:24','','<p>Nguy&ecirc;n liệu:<br />\r\n- Đ&ugrave;i g&agrave;&nbsp;<br />\r\n- V&agrave;i vi&ecirc;n chao đỏ<br />\r\n- Rượu trắng (c&oacute; thể thay thế bằng rượu Thiệu Hưng hoặc vang)<br />\r\n- Ớt, sả, h&agrave;nh t&acirc;y, tỏi</p>\r\n','','<p>C&aacute;ch l&agrave;m<br />\r\n- G&agrave; l&agrave;m sạch, chặt đ&ocirc;i, khứa l&ecirc;n ch&acirc;n g&agrave; cho g&agrave;dễ ngấm gia vị.<br />\r\n- Ướp tất cả gia vị với g&agrave;(trừ h&agrave;nh t&acirc;y xắt khoanh), th&ecirc;m muối, đường, hạt n&ecirc;m.<br />\r\n- Trộn đều, đậy k&iacute;n để &iacute;t nhất 1 tiếng cho ngấm.<br />\r\n- L&agrave;m n&oacute;ng chảo tr&ecirc;n bếp với ch&uacute;t dầu ăn, cho g&agrave;v&agrave;o chi&ecirc;n v&agrave;ng.<br />\r\n- Đến khi g&agrave; v&agrave;ng th&igrave; cho h&agrave;nh t&acirc;y c&ugrave;ng nước xốt ướp g&agrave; c&ograve;n thừa v&agrave;o, để lửa liu riu cho ngấm, n&ecirc;m lại cho vừa ăn.<br />\r\n- Nếu th&iacute;ch c&oacute; ch&uacute;t nước xốt bạn c&oacute; thể th&ecirc;m &iacute;t nước, ch&uacute; &yacute; đừng th&ecirc;m nhiều g&agrave; sẽ mất vị.<br />\r\n- Đun đến khi g&agrave; ch&iacute;n mềm vừa &yacute; th&igrave; lấy ra đĩa, ăn n&oacute;ng với cơm.<br />\r\nCh&uacute;c c&aacute;c bạn th&agrave;nh c&ocirc;ng v&agrave; ngon miệng!</p>\r\n\r\n<p>&nbsp;</p>\r\n','','',0,6,13,1,1,'2018-07-02 15:30:59','2018-07-03 08:29:24',374,0,0,0,0,0,1,0),(69,'Bánh Đúc nóng nhân thịt','Kim Kim','<p>B&aacute;nh đ&uacute;c n&oacute;ng mềm mượt được ăn k&egrave;m nh&acirc;n thịt đậm đ&agrave; v&agrave; nước chấm mặn ngọt rất dễ ăn, bạn chỉ muốn dừng lại v&igrave; no chứ kh&ocirc;ng phải v&igrave; ng&aacute;n!</p>\r\n','2018/07/02/1530520743-banh-duc-nhan-thit.mp4','videos/2018/07/03/1530606588-banh-duc.jpg',NULL,'05:29','','<p>Nguy&ecirc;n liệu:<br />\r\n- 100 gr bột gạo tẻ<br />\r\n- 75 gr bột năng<br />\r\n- 1 l&iacute;t nước<br />\r\n- 200 gr thịt heo xay<br />\r\n- 4 tai nấm m&egrave;o<br />\r\n- Ng&ograve;<br />\r\n- H&agrave;nh kh&ocirc;<br />\r\n- Hạt n&ecirc;m, ti&ecirc;u, đường<br />\r\n- Nước mắm: 3 mc đường, 3 mc giấm gạo, 4 mc nước mắm, 100 ml nước.</p>\r\n','','<p>C&aacute;ch l&agrave;m:<br />\r\n- Trộn bột với nước, th&ecirc;m ch&uacute;t bột n&ecirc;m cho bột nghỉ 1 giờ.<br />\r\n- Ướp thịt với nấm m&egrave;o, h&agrave;nh t&iacute;m, đường, hạt n&ecirc;m v&agrave; ti&ecirc;u trong 15 ph&uacute;t.<br />\r\n- Phi v&agrave;ng h&agrave;nh kh&ocirc;. Vớt ra. Cho thịt v&agrave;o x&agrave;o.<br />\r\n- Khuấy bột tr&ecirc;n bếp cho đặc lại, canh chỉnh cho bột lỏng vừa phải.<br />\r\n- Pha nước mắm<br />\r\n- M&uacute;c bột v&agrave;o ch&eacute;n, th&ecirc;m nh&acirc;n, h&agrave;nh phi, ng&ograve;. Chan nước mắm v&agrave;o thưởng thức.<br />\r\nCh&uacute;c c&aacute;c bạn th&agrave;nh c&ocirc;ng !</p>\r\n','','',0,6,7,1,1,'2018-07-02 15:52:30','2018-07-03 08:29:54',610,0,0,0,0,0,1,0),(70,'Xôi bát bửu ','Diệu Lành','<p><span style=\"color:rgb(29, 33, 41); font-size:14px\">X&ocirc;i b&aacute;t bửu l&agrave; m&oacute;n ăn ngon của người Hoa du nhập v&agrave;o Việt Nam v&agrave; được rất nhiều người Việt y&ecirc;u th&iacute;ch. Bạn đ&atilde; bao giờ nghĩ tới m&oacute;n x&ocirc;i b&aacute;t bửu nếu nấu chay th&igrave; c&aacute;ch l&agrave;m sẽ thế n&agrave;o kh&ocirc;ng? Bếp Nh&agrave; TV xin giới thiệu với c&aacute;c bạn c&aacute;ch nấu m&oacute;n x&ocirc;i thơm ngon kh&ocirc;ng k&eacute;m phần bổ dưỡng n&agrave;y theo c&aacute;ch nấu chay nh&eacute;&nbsp;</span></p>\r\n','2018/07/03/1530606822-Xoi-bat-buu-Vao-bep-cung-Bep-Nha.mp4','videos/2018/07/03/1530607114-xoi-bat-buu.jpg',NULL,'02:17','','<p>Nguy&ecirc;n Liệu</p>\r\n\r\n<p>- 50gr hạt sen tươi</p>\r\n\r\n<p>- 50gr nấm đ&ugrave;i g&agrave;</p>\r\n\r\n<p>&nbsp;- 50gr nấm hương kh&ocirc; ng&acirc;m nở</p>\r\n\r\n<p>&nbsp;- 50gr nấm m&egrave;o ng&acirc;m nở</p>\r\n\r\n<p>- 20gr x&aacute; bấu (cải mặn)</p>\r\n\r\n<p>&nbsp;- 50gr ham chay</p>\r\n\r\n<p>&nbsp;- 50gr chả chay</p>\r\n\r\n<p>- 50gr đậu hũ chi&ecirc;n gi&ograve;n</p>\r\n\r\n<p>- 300gr nếp th&aacute;i</p>\r\n','<p>- đồ chua : &frac12; nh&aacute;nh boaro, &frac12; c&agrave; rốt, &frac12; dưa leo, 1 tr&aacute;i chanh, 2tbsp đường</p>\r\n\r\n<p>&nbsp;- gia vị : 2tbsp bột nghệ, 2tbsp nước tương, 1tbsp đường, 2tsp hạt n&ecirc;m chay, 1tsp ti&ecirc;u, 1tsp dầu m&egrave;, dầu ăn.</p>\r\n\r\n<p>&nbsp;H&agrave;nh phi ăn k&egrave;m. (1muỗng soup = 1 tablespoon, 1tbsp 1muỗng c&agrave; ph&ecirc; = 1teaspoon, 1tsp)</p>\r\n','<p>C&Aacute;CH L&Agrave;M:</p>\r\n\r\n<p>&nbsp;- ng&acirc;m gạo nếp + bột nghệ với nước từ 1h30 tới 2h để gạo nở v&agrave; ngấm nghệ cho thơm.</p>\r\n\r\n<p>&nbsp;- ng&acirc;m nấm hương v&agrave; nấm m&egrave;o với nước n&oacute;ng cho nở (nếu d&ugrave;ng đồ kh&ocirc;)</p>\r\n\r\n<p>- b&agrave;o mỏng hay cắt mỏng c&agrave; rốt, dưa leo, boaro -&gt; ng&acirc;m hỗn hợp nước + nước cốt 1 tr&aacute;i chanh + 2tbsp đường (hh vừa đủ ngập mặt rau củ)</p>\r\n\r\n<p>- cắt hạt lựu ham, chả chay, đậu đũ chi&ecirc;n, c&aacute;c loại nấm -&gt; t&aacute;ch đ&ocirc;i hạt sen.</p>\r\n\r\n<p>&nbsp;- bắc chảo l&ecirc;n bếp cho n&oacute;ng -&gt; cho dầu ăn v&agrave;o (cho boaro v&agrave;o phi thơm nếu th&iacute;ch) -&gt; cho hỗn hợp đ&atilde; cắt hạt lựu v&agrave;o đảo đều</p>\r\n\r\n<p>- đổ gạo nếp đ&atilde; ng&acirc;m ra rổ cho r&aacute;o nước.</p>\r\n\r\n<p>- n&ecirc;m gia vị nước tương, đường, hạt n&ecirc;m, ti&ecirc;u, dầu m&egrave; -&gt; đảo đều trong 2p cho ngấm gia vị -&gt; đổ nếp đ&atilde; ng&acirc;m v&agrave;o đảo đều trong 3p cho nếp ngấm gia vị.</p>\r\n\r\n<p>&nbsp;- nấu nước thật s&ocirc;i v&agrave; đặt hửng hấp l&ecirc;n -&gt; cho hh nếp đ&atilde; x&agrave;o v&agrave; d&agrave;n đều hấp trong 30-35p (cứ 15p mở nắp đảo đều 1 lần cho x&ocirc;i ch&iacute;n thật đều) -&gt; khi x&ocirc;i ch&iacute;n tắt bếp v&agrave;o để y&ecirc;n th&ecirc;m 5p nữa</p>\r\n\r\n<p>. - x&ocirc;i ăn k&egrave;m với đồ chua, h&agrave;nh phi v&agrave; ch&uacute;t tương ớt</p>\r\n','','<p>-------------------------------------------<br />\r\nX&ocirc;i b&aacute;t bửu - Bếp Nh&agrave; TV Studio</p>\r\n\r\n<p>Tổ chức sản xuất : Vick Le<br />\r\nQuay Phim : L&ecirc; Anh Nguy&ecirc;n&nbsp;<br />\r\nDựng Phim : L&ecirc; Anh Nguy&ecirc;n<br />\r\nDesign H&igrave;nh Ảnh : L&ecirc; Anh Nguy&ecirc;n<br />\r\nĐầu Bếp : Chef Diệu L&agrave;nh&nbsp;</p>\r\n\r\n<p>Cả nh&agrave; theo d&otilde;i th&ocirc;ng tin của Bếp Nh&agrave; TV tại đ&acirc;y nh&eacute;:</p>\r\n\r\n<p>► Fanpage:&nbsp; https://www.facebook.com/bepnhatv/<br />\r\n► Youtube: https://www.youtube.com/bepnhatv<br />\r\n---------------------<br />\r\n&copy; Bản quyền thuộc về Bếp Nh&agrave; TV<br />\r\n&copy; Copyright by Bep Nha TV ☞ Do not Reup</p>\r\n',1,21,22,1,1,'2018-07-03 15:38:47','2018-07-04 03:33:59',433,0,0,0,0,0,1,0),(71,'Gà nướng sốt BBQ bằng nồi đất','Kim Kim','<p>C&aacute;c bạn đ&atilde; c&oacute; &yacute; tưởng g&igrave; cho bữa ăn gia đ&igrave;nh m&igrave;nh h&ocirc;m nay chưa? H&atilde;y cũng ad v&agrave;o bếp thực hiện ngay m&oacute;n G&Agrave; SỐT BBQ NƯỚNG BẰNG NỒI ĐẤT hấp dẫn n&agrave;y nh&eacute;. Chắc chắn sẽ kh&ocirc;ng l&agrave;m c&aacute;c bạn thất vọng đ&acirc;u&nbsp;&nbsp;</p>\r\n\r\n<p>&nbsp;</p>\r\n','2018/07/04/1530692661-ga-bbq.mp4','videos/2018/07/04/1530674701-ga-nuong-bbq.jpg',NULL,'03:41','','<p>Nguy&ecirc;n liệu:</p>\r\n\r\n<p><br />\r\n- 500 gr đ&ugrave;i g&agrave;<br />\r\n- 2 mc sốt bbq<br />\r\n- 1 mc mật ong<br />\r\n- 1 mcf hạt n&ecirc;m<br />\r\n- &frac12; mcf ti&ecirc;u<br />\r\n- Dầu ăn<br />\r\n- 1 mc h&agrave;nh tỏi băm</p>\r\n\r\n<p>&nbsp;</p>\r\n','','<p>C&aacute;ch l&agrave;m:<br />\r\n- Rửa sạch thịt g&agrave;, khứa nhẹ v&agrave;i đường cho dễ thấm gia vị<br />\r\n- Ướp g&agrave; với tất cả gia vị trong 1 giờ<br />\r\n- L&oacute;t nồi đất với giấy bạc, đun n&oacute;ng nồi, cho g&agrave; v&agrave;o đậy nắp nướng 20 ph, lật mặt, nướng 20 ph nữa.<br />\r\nCh&uacute;c c&aacute;c bạn th&agrave;nh c&ocirc;ng !</p>\r\n','','',3,5,13,1,1,'2018-07-04 10:25:38','2018-07-04 08:24:43',1282,0,0,0,0,0,1,0),(72,'Bánh nậm','Kim Kim','<p>C&aacute;c bạn đ&atilde; c&oacute; &yacute; tưởng g&igrave; cho bữa ăn gi đ&igrave;nh m&igrave;nh ng&agrave;y h&ocirc;m nay chưa? H&atilde;y c&ugrave;ng Bếp Nh&agrave; bắt tay thực hiện m&oacute;n B&Aacute;NH NẬM thơm ngon v&agrave; dễ thực hiện v&ocirc; c&ugrave;ng n&agrave;y nh&eacute; .&nbsp;</p>\r\n\r\n<p>&nbsp;</p>\r\n','2018/07/04/1530692264-banh-nam.mp4','videos/2018/07/04/1530674833-banh-nam.jpg',NULL,'05:50','','<p>Nguy&ecirc;n liệu:<br />\r\n- 150 gr bột gạo<br />\r\n- 20 gr bột năng<br />\r\n- 300 ml nước<br />\r\n- Hạt n&ecirc;m, nước mắm, đường, ti&ecirc;u<br />\r\n- Dầu ăn<br />\r\n- 150 gr thịt heo xay<br />\r\n- 100 gr t&ocirc;m tươi<br />\r\n- H&agrave;nh l&aacute;<br />\r\n- L&aacute; chuối</p>\r\n','','<p>C&aacute;ch l&agrave;m:<br />\r\n- Pha bột: cho bột năng, bột gạo, nước, 3 mc dầu ăn, 1 ch&uacute;t hạt n&ecirc;m v&agrave;o &acirc;u, khuấy tan. Cho bột nghỉ 30 ph&uacute;t. Đặt l&ecirc;n bếp khuấy nửa sống nửa ch&iacute;n<br />\r\n- Đặt chảo dầu n&oacute;ng l&ecirc;n bếp, cho h&agrave;nh v&agrave;o phi thơm, th&ecirc;m t&ocirc;m, thịt đảo đều, n&ecirc;m ch&uacute;t hạt n&ecirc;m, đường, nước mắm. cho h&agrave;nh lsa, ti&ecirc;u rồi tắt bếp.<br />\r\n- L&aacute; chuối rửa sạch, cắt miềng chữ nhật 20x15 cm. chần ua nước s&ocirc;i.<br />\r\n- G&oacute;i l&aacute; bằng mặt tr&aacute;i, cho bột l&ecirc;n, th&ecirc;m nh&acirc;n. Sau đ&oacute; cuốn b&aacute;nh lại, gấp 2 b&ecirc;n m&eacute;p l&aacute; v&agrave;o<br />\r\n- Hấp ch&iacute;n b&aacute;nh trong 15 ph&uacute;t<br />\r\n- Nước chấm: 120ml nước + 30 gr nước mắm + 30 gr đường. nấu cho tan. Để nguội th&ecirc;m nước chanh vừa ăn. Cuối c&ugrave;ng cho ớt v&agrave; tỏi v&agrave;o.</p>\r\n\r\n<p>&nbsp;</p>\r\n','','<p>&nbsp;</p>\r\n\r\n<p>&nbsp;</p>\r\n',1,6,7,1,1,'2018-07-04 10:28:05','2018-07-09 03:16:15',332,0,0,0,0,0,1,0),(73,'Chè bà ba','Wa Wa Hy','<p>Đ&acirc;y l&agrave; m&oacute;n ch&egrave; đậm chất miền Nam. M&oacute;n ch&egrave; n&agrave;y ăn n&oacute;ng sẽ rất ngon. Vị b&eacute;o của nước cốt dừa h&ograve;a quyện với m&ugrave;i thơm của đậu xanh, b&ugrave;i b&ugrave;i của khoai lang, khoai m&igrave;, thoang thoảng m&ugrave;i thơm của l&aacute; dứa đặc trưng khiến bạn ăn một lần l&agrave; ghiền m&atilde;i. Nhờ c&oacute; đậu xanh v&agrave; phổ tai m&agrave; m&oacute;n ch&egrave; n&agrave;y c&oacute; c&ocirc;ng dụng giải nhiệt rất tốt. C&ocirc;ng đoạn chuẩn bị c&oacute; vẻ c&ocirc;ng phu, nhưng kết quả m&oacute;n ch&egrave; sẽ khiến bạn phải tấm tắc. H&atilde;y c&ugrave;ng Bếp Nh&agrave; chế biến m&oacute;n ch&egrave; n&agrave;y nh&eacute;!</p>\r\n','2018/07/04/1530692105-che-ba-ba.mp4','videos/2018/07/04/1530675114-che-ba-ba.jpg',NULL,'05:37','','<p>Nguy&ecirc;n liệu:<br />\r\n- 350gr khoai lang v&agrave;ng<br />\r\n- 200gr khoai m&igrave;<br />\r\n- 200gr khoai m&ocirc;n cau<br />\r\n- 100gr đậu xanh kh&ocirc;ng vỏ<br />\r\n- 150gr đậu phộng<br />\r\n- 50gr Phổ tai<br />\r\n- 50gr bột bang<br />\r\n- 50gr bột khoai<br />\r\n- 1,5 l&iacute;t nước dừa dảo<br />\r\n- 300ml nước cốt dừa<br />\r\n- 300gr đường trắng<br />\r\n- 1 nh&uacute;m l&aacute; dứa<br />\r\n- 1/2 muỗng c&agrave; ph&ecirc; muối</p>\r\n','','<p>C&aacute;ch l&agrave;m<br />\r\n- Đậu xanh kh&ocirc;ng vỏ v&agrave; phổ tai rửa sạch với nước rồi đem ng&acirc;m c&ugrave;ng với bột b&aacute;ng v&agrave; bột khoai cho mềm (ng&acirc;m ri&ecirc;ng). Đậu phộng luộc mềm<br />\r\n- Ba loại khoai rửa sạch, gọt vỏ, cắt th&agrave;nh từng khối vu&ocirc;ng vừa ăn.<br />\r\n- Đổ 1,5 l&iacute;t nước dừa dảo v&agrave;o nồi c&ugrave;ng đậu xanh, nấu cho s&ocirc;i. Sau đ&oacute;, cho th&ecirc;m 3 loại khoai v&agrave;o nấu đến khi khoai mềm. Th&ecirc;m đậu phộng, bột b&aacute;ng, bột khoai v&agrave; l&aacute; dứa v&agrave;o, nấu c&ugrave;ng.<br />\r\n- Khi bột b&aacute;ng v&agrave; bột khoai nở mềm bạn cho th&ecirc;m phổ tai, đường v&agrave; 1/2 muỗng c&agrave; ph&ecirc; muối v&agrave;o để m&oacute;n ch&egrave; được đậm đ&agrave; hơn. L&uacute;c n&agrave;y bạn mới cho nước cốt dừa v&agrave;o, khuấy đều rồi để khoảng 5 gi&acirc;y th&igrave; tắt bếp.</p>\r\n\r\n<p><br />\r\nCh&uacute;c c&aacute;c bạn th&agrave;nh c&ocirc;ng với m&oacute;n ch&egrave; b&agrave; ba n&agrave;y nh&eacute;!</p>\r\n\r\n<p>&nbsp;</p>\r\n','','',3,6,14,1,1,'2018-07-04 10:32:43','2018-07-09 03:20:37',497,0,0,0,0,0,1,0),(74,'Tai Heo Sốt Thái giòn ngon cho mùa World Cup','Chef Phước Lành','<p>Tai heo sốt Th&aacute;i ngon gi&ograve;n sần sật, vị chua chua, cay cay hấp dẫn. Nếu bạn đ&atilde; ng&aacute;n m&oacute;n gỏi tai heo truyền thống th&igrave; h&atilde;y thử l&agrave;m m&oacute;n gỏi mới lại n&agrave;y nh&eacute;. Nguy&ecirc;n liệu v&agrave; c&aacute;ch l&agrave;m đơn giản kh&ocirc;ng cầu kỳ phức tạp bạn h&atilde;y l&agrave;m thử theo hướng dẫn của Bếp Nh&agrave; TV nh&eacute;.</p>\r\n\r\n<p>&nbsp;</p>\r\n','2018/07/09/1531107658-Tai-Heo-Sot-Thai.mp4','videos/2018/07/09/1531107839-tai-heo-sot-thai.png',NULL,'02:12','','<p>Nguy&ecirc;n liệu:</p>\r\n\r\n<p>Tai heo 3 c&aacute;i</p>\r\n\r\n<p>Đu đủ 1 tr&aacute;i nhỏ</p>\r\n\r\n<p>C&agrave; rốt 1 củ</p>\r\n\r\n<p>Ớt hiểm xanh 50g</p>\r\n\r\n<p>H&agrave;nh t&iacute;m, tỏi, gừng, me vắt</p>\r\n\r\n<p>Gia vị: Nước mắm, đường, muối, ớt bột h&agrave;n quốc, dấm ăn</p>\r\n','','<p>C&aacute;ch l&agrave;m:</p>\r\n\r\n<p>&ndash; Tai heo rửa sạch, cho v&agrave;o nước luộc chung với h&agrave;nh t&iacute;m, gừng v&agrave; 1mc giấm ăn. Cho tai heo v&agrave;o l&uacute;c nước ấm v&agrave; luộc khoảng 20 ph&uacute;t kể từ khi nước s&ocirc;i. Sau khi tai heo ch&iacute;n vớt ra ng&acirc;m với nước đ&aacute; để tai heo được gi&ograve;n hơn.</p>\r\n\r\n<p>&ndash; Sơ chế: đu đủ, c&agrave; rốt, h&agrave;nh t&iacute;m, tỏi th&aacute;i l&aacute;t mỏng ng&acirc;m với nước ng&acirc;m chua gồm: 200ml nước lạnh + 100ml giấm ăn + 150g đường + 1 &iacute;t muối. Ng&acirc;m khoảng 20-30 ph&uacute;t.</p>\r\n\r\n<p>&ndash; Sốt Th&aacute;i trộn tai heo: 100g đường + 100ml nước mắm + 50ml nước cốt me + ớt bột h&agrave;n quốc, đun s&ocirc;i tr&ecirc;n lửa nhỏ đến khi đường tan hết l&agrave; được.</p>\r\n\r\n<p>&ndash; Tai heo cắt sợi th&agrave;nh miếng vừa ăn, cho v&agrave;o &acirc;u trộn đều với ớt hiểm xanh, c&agrave; rốt, đu đủ, h&agrave;nh t&iacute;m v&agrave; tỏi ng&acirc;m chua v&agrave; nước sốt, ho&agrave;n tất.</p>\r\n\r\n<p>****Lưu &yacute;: trộn gỏi trước khi ăn khoảng 10 ph&uacute;t để gỏi thấm đều gia vị nh&eacute;.</p>\r\n','','<p>Tai heo sốt Th&aacute;i - Bếp Nh&agrave; TV Studio</p>\r\n\r\n<p>Tổ chức sản xuất : Vick Le<br />\r\nQuay Phim : Vick Le<br />\r\nDựng Phim : Vick Le<br />\r\nDesign H&igrave;nh Ảnh : L&ecirc; Anh Nguy&ecirc;n<br />\r\nĐầu Bếp : Chef Phước L&agrave;nh&nbsp;</p>\r\n\r\n<p>MỌI NGƯỜI NHỚ SUBSCRIBE K&Ecirc;NH ĐỂ XEM NGAY C&Aacute;C VIDEO MỚI NHẤT.<br />\r\n► SUBSCRIBE CHANNEL: https://www.youtube.com/bepnhatv</p>\r\n\r\n<p>Cả nh&agrave; theo d&otilde;i th&ocirc;ng tin của Bếp Nh&agrave; TV tại đ&acirc;y nh&eacute;:</p>\r\n\r\n<p>► Fanpage:&nbsp; https://www.facebook.com/bepnhatv/<br />\r\n► Youtube: https://www.youtube.com/bepnhatv<br />\r\n---------------------<br />\r\n&copy; Bản quyền thuộc về Bếp Nh&agrave; TV<br />\r\n&copy; Copyright by Bep Nha TV ☞ Do not Reup</p>\r\n',0,6,11,1,NULL,'2018-07-09 10:48:46',NULL,531,0,0,0,0,0,1,0),(75,'Cá nướng muối ớt xanh','Chef Phước Lành','<p>Khi m&ugrave;i thơm của m&oacute;n c&aacute; nướng tỏa ra cả gian bếp cũng l&agrave; l&uacute;c mọi th&agrave;nh vi&ecirc;n trong nh&agrave; bạn sẽ h&iacute;t h&agrave; hương vị mộc mạc, b&igrave;nh dị nhưng kh&ocirc;ng k&eacute;m phần hấp dẫn từ m&oacute;n ăn n&agrave;y . M&oacute;n c&aacute; nướng si&ecirc;u thơm ngon h&ograve;a quyện với vị cay của xốt muối ớt xanh chắc chắn sẽ khiến bạn c&ugrave;ng gia đ&igrave;nh sẽ c&oacute; một bữa ăn kh&ocirc;ng thể tuyệt vời hơn trong dịp cuối tuần n&agrave;y. Xin mời mọi người c&ugrave;ng ch&igrave;m đắm trong kh&ocirc;ng gian nhiệt đới c&ugrave;ng m&oacute;n c&aacute; nướng m&ecirc; ly n&agrave;y của Bếp Nh&agrave; nh&eacute;.</p>\r\n','2018/07/09/1531120167-Ca-nuong-muoi-ot-xanh-Vao-bep-cung-Bep-Nha.mp4','videos/2018/07/09/1531120353-ca-nuong-muoi-ot-xanh.jpg',NULL,'02:18','','<p>Nguy&ecirc;n liệu<br />\r\n- C&aacute; d&igrave;a 1con<br />\r\n- Muối ớt xanh: 50gr&nbsp; ớt hiểm xanh; 100gr ớt sừng xanh; 80gr muối sấy; 30gr bột ngọt; 300gr đường c&aacute;t; 100gr sữa đặc; 2 tr&aacute;i chanh; l&aacute; chanh 1 &iacute;t; 150ml nước lọc<br />\r\n- Rau ăn k&egrave;m: x&agrave; l&aacute;ch, rau diếp c&aacute;, t&iacute;a t&ocirc;</p>\r\n','','<p>C&aacute;ch l&agrave;m<br />\r\n- Cho tất cả nguy&ecirc;n liệu l&agrave;m muối ớt xanh v&agrave;o cối xay nhuyễn, n&ecirc;m lại vừa ăn. (t&ugrave;y theo khẩu vị của mỗi người nh&eacute;).&nbsp;<br />\r\n- C&aacute; d&igrave;a l&agrave;m sạch, cứa nhẹ l&ecirc;n th&acirc;n c&aacute; (sẽ gi&uacute;p c&aacute; thấm gia vị nhanh hơn), sau đ&oacute; ướp cả 2 mặt c&aacute; với hỗn hợp muối ớt xanh ban n&atilde;y.<br />\r\n-&nbsp; L&agrave;m n&oacute;ng l&ograve; nướng ở nhiệt độ 200oC khoảng 15 ph&uacute;t. Sau đ&oacute; cho c&aacute; v&agrave;o l&ograve; nướng, hạ nhiệt độ l&ograve; khoảng 150oC, nướng c&aacute; trong 30 ph&uacute;t, thời lượng nướng c&aacute; c&ograve;n t&ugrave;y v&agrave;o k&iacute;ch thước c&aacute; m&agrave; thời gian nướng c&aacute; c&oacute; thể tăng hoặc giảm nh&eacute;.</p>\r\n\r\n<p>* Lưu &yacute;:&nbsp;<br />\r\n- Chỗ muối ớt xanh dư c&ograve;n lại c&aacute;c bạn c&oacute; thể cho v&agrave;o trong ngăn m&aacute;t tủ lạnh cất để sử dụng sau. Thời gian sử dụng khoảng 1 tuần.</p>\r\n\r\n<p>&nbsp;</p>\r\n\r\n<p>&nbsp;</p>\r\n','','<p>C&aacute; nướng muối ớt xanh&nbsp; - Bếp Nh&agrave; TV Studio</p>\r\n\r\n<p>Tổ chức sản xuất : Vick Le<br />\r\nTrợ l&yacute; sản xuất : Wawa Hy<br />\r\nQuay Phim : L&ecirc; Anh Nguy&ecirc;n - Vick Le<br />\r\nDựng Phim : Vick Le<br />\r\nDesign H&igrave;nh Ảnh : L&ecirc; Anh Nguy&ecirc;n<br />\r\nĐầu Bếp : Chef Phước L&agrave;nh</p>\r\n\r\n<p>MỌI NGƯỜI NHỚ SUBSCRIBE K&Ecirc;NH ĐỂ XEM NGAY C&Aacute;C VIDEO MỚI NHẤT.<br />\r\n► SUBSCRIBE CHANNEL: https://www.youtube.com/bepnhatv</p>\r\n\r\n<p>Cả nh&agrave; theo d&otilde;i th&ocirc;ng tin của Bếp Nh&agrave; TV tại đ&acirc;y nh&eacute;:</p>\r\n\r\n<p>► Fanpage:&nbsp; https://www.facebook.com/bepnhatv/<br />\r\n► Youtube: https://www.youtube.com/bepnhatv<br />\r\n---------------------<br />\r\n&copy; Bản quyền thuộc về Bếp Nh&agrave; TV<br />\r\n&copy; Copyright by Bep Nha TV ☞ Do not Reup</p>\r\n',3,6,10,1,1,'2018-07-09 14:13:02','2018-07-09 07:18:03',921,0,0,0,0,0,1,0),(76,'Cách làm Hamburger nhanh chóng và tiện lợi','Chef Hữu Đức','<p><span style=\"color:rgb(34, 34, 34); font-size:15px\">Hamburger l&agrave; một m&oacute;n ăn được rất nhiều người y&ecirc;u th&iacute;ch v&agrave; lựa chọn d&ugrave; l&agrave; bất cứ bữa n&agrave;o trong ng&agrave;y bởi sự nhanh ch&oacute;ng v&agrave; tiện lợi của m&igrave;nh. H&ocirc;m nay&nbsp;</span><strong>Bếp Nh&agrave; TV</strong><span style=\"color:rgb(34, 34, 34); font-size:15px\">&nbsp;muốn hướng dẫn bạn&nbsp;</span><a href=\"https://www.iwiki.vn/cach-lam-hamburger/\" style=\"box-sizing: border-box; color: rgb(77, 178, 236); text-decoration-line: none; font-family: Verdana, Geneva, sans-serif; font-size: 15px;\" title=\"hamburger ngon khó cưỡng với bất kì ai\"><strong>c&aacute;ch l&agrave;m hamburger</strong></a><span style=\"color:rgb(34, 34, 34); font-size:15px\">&nbsp;b&ograve; ph&ocirc; mai đơn giản m&agrave; v&ocirc; c&ugrave;ng hấp dẫn nh&eacute;!</span></p>\r\n','2018/07/10/1531194383-Cach-lam-Hamburger-cuc-don-gian-Vao-bep-cung-Bep-Nha.mp4','videos/2018/07/10/1531194624-hamburger.jpg',NULL,'03:23','','<p><span style=\"background-color:rgb(241, 240, 240); color:rgb(75, 79, 86); font-size:12px\">Nguy&ecirc;n liệu: </span></p>\r\n\r\n<p><span style=\"background-color:rgb(241, 240, 240); color:rgb(75, 79, 86); font-size:12px\">B&aacute;nh burger 1 c&aacute;i. </span></p>\r\n\r\n<p><span style=\"background-color:rgb(241, 240, 240); color:rgb(75, 79, 86); font-size:12px\">Thịt b&ograve; bằm 0,5kg. </span></p>\r\n\r\n<p><span style=\"background-color:rgb(241, 240, 240); color:rgb(75, 79, 86); font-size:12px\">H&agrave;nh t&acirc;y 1/2 củ. </span></p>\r\n\r\n<p><span style=\"background-color:rgb(241, 240, 240); color:rgb(75, 79, 86); font-size:12px\">Tỏi 2 t&eacute;p. </span></p>\r\n\r\n<p><span style=\"background-color:rgb(241, 240, 240); color:rgb(75, 79, 86); font-size:12px\">C&agrave; chua 1 tr&aacute;i. </span></p>\r\n\r\n<p><span style=\"background-color:rgb(241, 240, 240); color:rgb(75, 79, 86); font-size:12px\">Chesse l&aacute;t 2 miếng. </span></p>\r\n\r\n<p><span style=\"background-color:rgb(241, 240, 240); color:rgb(75, 79, 86); font-size:12px\">M&ugrave; tạt v&agrave;ng 1mcf. </span></p>\r\n\r\n<p>&nbsp;</p>\r\n','<p><span style=\"background-color:rgb(241, 240, 240); color:rgb(75, 79, 86); font-size:12px\">Worcestershire (gia vị &Acirc;u đặc biệt c&oacute; b&aacute;n ở c&aacute;c si&ecirc;u thị) 1mcf.</span></p>\r\n\r\n<p><span style=\"background-color:rgb(241, 240, 240); color:rgb(75, 79, 86); font-size:12px\">Mayonaise 50g. </span></p>\r\n\r\n<p><span style=\"background-color:rgb(241, 240, 240); color:rgb(75, 79, 86); font-size:12px\">Tương c&agrave; 15g.</span></p>\r\n\r\n<p><span style=\"background-color:rgb(241, 240, 240); color:rgb(75, 79, 86); font-size:12px\">Khoai t&acirc;y chi&ecirc;n 50g. </span></p>\r\n\r\n<p><span style=\"background-color:rgb(241, 240, 240); color:rgb(75, 79, 86); font-size:12px\">Dưa leo bao tử ng&acirc;m chua 3 tr&aacute;i. </span></p>\r\n\r\n<p><span style=\"background-color:rgb(241, 240, 240); color:rgb(75, 79, 86); font-size:12px\">Muối ti&ecirc;u 1/2 mcf</span></p>\r\n\r\n<p><span style=\"background-color:rgb(241, 240, 240); color:rgb(75, 79, 86); font-size:12px\">Trứng g&agrave; 1 tr&aacute;i.</span></p>\r\n\r\n<p><span style=\"background-color:rgb(241, 240, 240); color:rgb(75, 79, 86); font-size:12px\">Bột m&igrave; 10mcf. </span></p>\r\n\r\n<p><span style=\"background-color:rgb(241, 240, 240); color:rgb(75, 79, 86); font-size:12px\">Dầu olive 2mcf. </span></p>\r\n\r\n<p><span style=\"background-color:rgb(241, 240, 240); color:rgb(75, 79, 86); font-size:12px\">Thyme, rosemary tươi 2g</span></p>\r\n','<p><span style=\"background-color:rgb(241, 240, 240); color:rgb(75, 79, 86); font-size:12px\">*C&aacute;ch l&agrave;m:</span></p>\r\n\r\n<p><span style=\"background-color:rgb(241, 240, 240); color:rgb(75, 79, 86); font-size:12px\">X&agrave;o ch&iacute;n h&agrave;nh t&acirc;y. </span></p>\r\n\r\n<p><span style=\"background-color:rgb(241, 240, 240); color:rgb(75, 79, 86); font-size:12px\">Trộn chung h&agrave;nh t&acirc;y c&ugrave;ng bột m&igrave;, trứng g&agrave;, thyme v&agrave; rosemary cắt nhỏ. Tất cả hỗn hợp tr&ecirc;n cho v&agrave;o b&ograve; bằm v&agrave; trộn đều xong để 15&rsquo; cho b&ograve; thấm gia vị sau đ&oacute; đem ra tạo h&igrave;nh. ( sau khi tạo h&igrave;nh n&ecirc;n để tủ đ&ocirc;ng cho dễ &aacute;p chảo). </span></p>\r\n\r\n<p><span style=\"background-color:rgb(241, 240, 240); color:rgb(75, 79, 86); font-size:12px\">Phần sốt. Trộn chung mayonaise, tương c&agrave;, dưa leo bao tử th&aacute;i nhỏ v&agrave; n&ecirc;m ch&uacute;t muối. </span></p>\r\n\r\n<p><span style=\"background-color:rgb(241, 240, 240); color:rgb(75, 79, 86); font-size:12px\">Phần b&aacute;nh buger cắt l&agrave;m đ&ocirc;i v&agrave; phết bơ đều l&ecirc;n hai mặt sau đ&oacute; đem đi nướng 5&rsquo; ở 200 độ.</span></p>\r\n\r\n<p><span style=\"background-color:rgb(241, 240, 240); color:rgb(75, 79, 86); font-size:12px\">Phần nh&acirc;n sau khi đ&atilde; để tủ đ&ocirc;ng đem ra &aacute;p chảo hai mặt ở lửa vừa cho ch&iacute;n. Khi thịt đ&atilde; ch&iacute;n để miếng chesse l&aacute;t mỏng l&ecirc;n mặt tr&ecirc;n c&ugrave;ng v&agrave; chờ cho n&oacute; chảy ra l&agrave; được. C&agrave; chua cắt l&aacute;t mỏng. Sau đ&oacute; xếp theo thứ tự salad, c&agrave; chua, dưa leo bao tử th&aacute;i l&aacute;t mỏng, h&agrave;nh t&acirc;y th&aacute;i sợi, 1 muỗng sốt v&agrave; tới phần thịt đ&atilde; ch&iacute;n. </span></p>\r\n\r\n<p><span style=\"background-color:rgb(241, 240, 240); color:rgb(75, 79, 86); font-size:12px\">Chiếc burger ho&agrave;n th&agrave;nh v&agrave; decor ra dĩa ăn k&egrave;m c&ugrave;ng khoai t&acirc;y chi&ecirc;n v&agrave; sốt. ( c&oacute; thể th&ecirc;m bớt phần c&agrave; chua hay salad trong chiếc burger tuỳ th&iacute;ch)</span></p>\r\n','','<p>Hamburger - Bếp Nh&agrave; TV Studio</p>\r\n\r\n<p>Tổ chức sản xuất : Vick Le<br />\r\nQuay Phim : L&ecirc; Anh Nguy&ecirc;n - Vick Le<br />\r\nDựng Phim : Vick Le<br />\r\nDesign H&igrave;nh Ảnh : L&ecirc; Anh Nguy&ecirc;n<br />\r\nĐầu Bếp : Chef Hữu Đức</p>\r\n\r\n<p>Cả nh&agrave; theo d&otilde;i th&ocirc;ng tin của Bếp Nh&agrave; TV tại đ&acirc;y nh&eacute;:</p>\r\n\r\n<p>► Fanpage:&nbsp; https://www.facebook.com/bepnhatv/<br />\r\n► Youtube: https://www.youtube.com/bepnhatv<br />\r\n---------------------<br />\r\n&copy; Bản quyền thuộc về Bếp Nh&agrave; TV<br />\r\n&copy; Copyright by Bep Nha TV ☞ Do not Reup</p>\r\n',1,5,12,1,1,'2018-07-10 10:51:36','2018-07-11 02:28:08',1046,0,0,0,0,0,1,0),(77,'Cơm cháy chà bông','Kim Kim','<p>C&aacute;c bạn đ&atilde; c&oacute; &yacute; tưởng g&igrave; cho bữa ăn gia đ&igrave;nh m&igrave;nh h&ocirc;m nay chưa? H&atilde;y cũng ad v&agrave;o bếp thực hiện ngay m&oacute;n CƠM CH&Aacute;Y CH&Agrave; B&Ocirc;NG hấp dẫn n&agrave;y nh&eacute;. Chắc chắn sẽ kh&ocirc;ng l&agrave;m c&aacute;c bạn thất vọng đ&acirc;u .</p>\r\n','2018/07/10/1531205501-com-chay-cha-bong.mp4','videos/2018/07/10/1531205519-com-chay-cha-bong.jpg',NULL,'03:08','','<p>Nguy&ecirc;n liệu:<br />\r\n- 300 gr cơm n&oacute;ng<br />\r\n- 20 gr bột nếp<br />\r\n- H&agrave;nh l&aacute;<br />\r\n- Muối<br />\r\n- 2 mc đường<br />\r\n- 2 mc nước mắm<br />\r\n- Dầu ăn<br />\r\n- Ch&agrave; b&ocirc;ng</p>\r\n\r\n<p>&nbsp;</p>\r\n','','<p>C&aacute;ch l&agrave;m:<br />\r\n- Trộn đều cơm với bột nếp, trải 1 lớp nilong ra b&agrave;n, cho cơm l&ecirc;n, th&ecirc;m 1 lớp nilong nữa. d&ugrave;ng ch&agrave;y c&aacute;n mỏng, cắt cơm th&agrave;nh miếng vừa ăn<br />\r\n- Chi&ecirc;n cơm v&agrave;ng với chảo ngập dầu<br />\r\n- Cắt nhỏ h&agrave;nh l&aacute;, n&ecirc;m ch&uacute;t muối v&agrave; đường, đun s&ocirc;i dầu ăn cho v&agrave;o t&ocirc; h&agrave;nh trộn đều.<br />\r\n- Nấu tan đường v&agrave; nước mắm cho s&aacute;nh lại.<br />\r\n- B&agrave;y cơm ra đĩa, rưới nước sốt, mỡ h&agrave;nh v&agrave; ch&agrave; b&ocirc;ng l&ecirc;n tr&ecirc;n<br />\r\nCh&uacute;c c&aacute;c bạn th&agrave;nh c&ocirc;ng !</p>\r\n\r\n<p>&nbsp;</p>\r\n','','',2,6,9,1,1,'2018-07-10 13:54:03','2018-07-17 03:36:41',485,0,0,0,0,0,1,0),(78,'Chè cốm xanh nước cốt dừa','','','2018/07/11/1531297098-che-com.mp4','videos/2018/07/11/1531297083-che-com-xanh.jpg',NULL,'03:41','','','','','','',3,6,7,1,NULL,'2018-07-11 15:19:24',NULL,39,0,0,0,0,0,0,0),(79,'Cánh gà chiên giòn sốt Thái ngon mê ly','Chef Phước Lành','<p>H&ocirc;m nay Bếp Nh&agrave; TV sẽ giới thiệu c&aacute;ch l&agrave;m c&aacute;nh g&agrave; chi&ecirc;n gi&ograve;n kiểu Th&aacute;i chấm sốt chua cay n&agrave;y nh&eacute;! C&aacute;nh g&agrave; chi&ecirc;n gi&ograve;n kiểu Th&aacute;i vỏ da gi&ograve;n gi&ograve;n c&ograve;n thịt th&igrave; vẫn rất mềm, ăn k&egrave;m với sốt chua chua cay cay nữa th&igrave; ngon lắm lu&ocirc;n đ&oacute;!</p>\r\n','2018/07/13/1531473499-Canh-ga-chien-gion-sot-thai.mp4','videos/2018/07/13/1531473480-37005687_841037629424209_7771864070822559744_n.jpg',NULL,'03:20','','<p>Nguy&ecirc;n liệu</p>\r\n\r\n<p>C&aacute;nh g&agrave; 1kg<br />\r\nTỏi 1 củ<br />\r\nBột ớt 2 mc<br />\r\nHạt ng&ograve; 2mc<br />\r\nNước mắm 3mc<br />\r\nNước tương 1mc<br />\r\nTi&ecirc;u 1mc<br />\r\nBột gạo 2/4 cup<br />\r\nBột bắp &frac34; cup<br />\r\nNước 100ml<br />\r\nNg&ograve; r&iacute;, h&agrave;nh phi<br />\r\nMuối 1 &iacute;t<br />\r\nSốt tương ớt ngọt<br />\r\nDầu ăn</p>\r\n','','<p>C&aacute;ch l&agrave;m:</p>\r\n\r\n<p>- C&aacute;nh g&agrave; rửa sạch cắt th&agrave;nh 3 kh&uacute;c rồi để r&aacute;o.</p>\r\n\r\n<p>- Cho hạt ng&ograve;, ti&ecirc;u, tỏi, bột ớt v&agrave;o cối gi&atilde; nhuyễn.</p>\r\n\r\n<p>- Trộn đều hỗn hợp vừa gi&atilde; nhuyễn với nước mắm + nước tương + 1 &iacute;t muối trộn đều</p>\r\n\r\n<p>- Tiếp đ&oacute; cho c&aacute;nh g&agrave; v&agrave;o hỗn hợp trộn đều cho c&aacute;nh g&agrave; ngấm gia vị v&agrave; ướp trong 30 ph&uacute;t.</p>\r\n\r\n<p>- Sau khi g&agrave; ngấm gia vị th&igrave; cho th&ecirc;m bột gạo + bột m&igrave; + nước v&agrave; &acirc;u trộn đều l&ecirc;n, sao cho bột &aacute;o đều b&ecirc;n ngo&agrave;i miếng g&agrave;.</p>\r\n\r\n<p>- Bật chảo dầu n&oacute;ng khoảng 130oC, cho g&agrave; v&agrave;o chi&ecirc;n từ 10 &ndash; 15 ph&uacute;t t&ugrave;y k&iacute;ch thước của miếng g&agrave; nh&eacute;.</p>\r\n\r\n<p>- Cho c&aacute;nh g&agrave; đ&atilde; ch&iacute;n ra đĩa rắc l&ecirc;n 1 &iacute;t h&agrave;nh phi + ng&ograve; r&iacute; cắt nhỏ, ăn k&egrave;m với sốt ớt ngọt, vậy l&agrave; xong rồi đ&oacute; c&aacute;c bạn.</p>\r\n','','<p>C&aacute;nh g&agrave; chi&ecirc;n gi&ograve;n sốt Th&aacute;i - Bếp Nh&agrave; TV Studio</p>\r\n\r\n<p>Tổ chức sản xuất : Vick Le<br />\r\nQuay Phim : Vick Le<br />\r\nDựng Phim : Vick Le<br />\r\nDesign H&igrave;nh Ảnh : L&ecirc; Anh Nguy&ecirc;n<br />\r\nĐầu Bếp : Chef Phước L&agrave;nh&nbsp;</p>\r\n\r\n<p>Cả nh&agrave; theo d&otilde;i th&ocirc;ng tin của Bếp Nh&agrave; TV tại đ&acirc;y nh&eacute;:</p>\r\n\r\n<p>► Fanpage:&nbsp; https://www.facebook.com/bepnhatv/<br />\r\n► Youtube: https://www.youtube.com/bepnhatv<br />\r\n---------------------<br />\r\n&copy; Bản quyền thuộc về Bếp Nh&agrave; TV<br />\r\n&copy; Copyright by Bep Nha TV ☞ Do not Reup</p>\r\n',0,6,13,1,1,'2018-07-13 16:19:39','2018-07-13 10:15:52',1176,0,0,0,0,0,1,0),(80,'Khô Gà Xé Cay thơm ngon dễ làm','Kim Kim','<p><span style=\"color:rgb(28, 30, 33); font-size:12px\">Vị cay thơm, dễ ăn, g&agrave; kh&ocirc; x&eacute; cay đang tạo th&agrave;nh cơn sốt trong giới trẻ. Bạn c&oacute; thể tự chế biến m&oacute;n ăn n&agrave;y rất dễ d&agrave;ng.. C&ugrave;ng Bếp Nh&agrave; thực hiện n&agrave;o c&aacute;c bạn.</span></p>\r\n','2018/07/17/1531800260-Vao-Bep-Cung-Bep-Nha-–-Kho-Ga-Xe-Cay.mp4.mp4','videos/2018/07/17/1531800521-batch-mg-3208-1500304177070.jpg',NULL,'05:56','','<p><span style=\"color:rgb(28, 30, 33); font-size:12px\">Nguy&ecirc;n liệu:</span><br />\r\n<br />\r\n<span style=\"color:rgb(28, 30, 33); font-size:12px\">- 1 kg thịt ức (lườn) g&agrave;</span><br />\r\n<span style=\"color:rgb(28, 30, 33); font-size:12px\">- 2 muỗng canh tỏi băm</span><br />\r\n<span style=\"color:rgb(28, 30, 33); font-size:12px\">- 3 nh&aacute;nh sả</span><br />\r\n<span style=\"color:rgb(28, 30, 33); font-size:12px\">- 1 củ gừng tươi</span><br />\r\n<span style=\"color:rgb(28, 30, 33); font-size:12px\">- 1 th&igrave;a c&agrave; ph&ecirc; ti&ecirc;u</span><br />\r\n<span style=\"color:rgb(28, 30, 33); font-size:12px\">- 2 th&igrave;a c&agrave; ph&ecirc; đường</span><br />\r\n<span style=\"color:rgb(28, 30, 33); font-size:12px\">- 4 th&igrave;a nước mắm</span><br />\r\n<span style=\"color:rgb(28, 30, 33); font-size:12px\">- 1 th&igrave;a c&agrave; ph&ecirc; muối</span><br />\r\n<span style=\"color:rgb(28, 30, 33); font-size:12px\">- 20 gram l&aacute; chanh</span><br />\r\n<span style=\"color:rgb(28, 30, 33); font-size:12px\">- 10 gram bột nghệ</span><br />\r\n<span style=\"color:rgb(28, 30, 33); font-size:12px\">- 1 th&igrave;a m&agrave;u điều</span><br />\r\n<span style=\"color:rgb(28, 30, 33); font-size:12px\">- 1 g&oacute;i ngũ vị hương</span><br />\r\n<span style=\"color:rgb(28, 30, 33); font-size:12px\">- 10 gram ớt bột</span><br />\r\n<span style=\"color:rgb(28, 30, 33); font-size:12px\">- 100 gram ớt tươi</span><br />\r\n<span style=\"color:rgb(28, 30, 33); font-size:12px\">- 1 củ h&agrave;nh t&acirc;y</span></p>\r\n','','<p><span style=\"color:rgb(28, 30, 33); font-size:12px\">C&aacute;ch l&agrave;m:</span><br />\r\n<br />\r\n<span style=\"color:rgb(28, 30, 33); font-size:12px\">- Rửa sạch thịt g&agrave;, ng&acirc;m với rượu trắng để khử m&ugrave;i, xả sạch, để r&aacute;o.</span><br />\r\n<br />\r\n<span style=\"color:rgb(28, 30, 33); font-size:12px\">- Lột bỏ bớt vỏ gi&agrave;, cắt ngắn, đập dập sả.</span><br />\r\n<br />\r\n<span style=\"color:rgb(28, 30, 33); font-size:12px\">- Lột vỏ h&agrave;nh t&acirc;y, rửa sạch, chẻ m&uacute;i cau (l&agrave;m 4 hay 6).</span><br />\r\n<br />\r\n<span style=\"color:rgb(28, 30, 33); font-size:12px\">- Gọt vỏ gừng, rửa sạch, bằm nhuyễn.</span><br />\r\n<br />\r\n<span style=\"color:rgb(28, 30, 33); font-size:12px\">- Rửa sạch l&aacute; chanh, chia l&agrave;m 3 phần bằng nhau. Trong đ&oacute; hai phần giữ nguy&ecirc;n. Một phần xắt nhuyễn.&nbsp;</span><br />\r\n<br />\r\n<span style=\"color:rgb(28, 30, 33); font-size:12px\">- Bước 1: Nấu khoảng 3 l&iacute;t nước. Khi nước s&ocirc;i, lần lượt cho v&agrave;o nồi: sả đập dập, một phần l&aacute; chanh, h&agrave;nh t&acirc;y, một muỗng c&agrave; ph&ecirc; muối. Khi nước s&ocirc;i lần nữa, cho thịt g&agrave; v&agrave;o luộc ch&iacute;n.</span><br />\r\n<br />\r\n<span style=\"color:rgb(28, 30, 33); font-size:12px\">- Bước 2: Khi thịt g&agrave; ch&iacute;n, bạn vớt thịt ra đĩa, để nguội. X&eacute; nhỏ thịt g&agrave; th&agrave;nh sợi.&nbsp;</span><br />\r\n<br />\r\n<span style=\"color:rgb(28, 30, 33); font-size:12px\">- Bước 3: Đặt thịt g&agrave; đ&atilde; x&eacute; v&agrave;o nồi kh&aacute;c. Lần lượt cho ti&ecirc;u, đường, mắm, tỏi, m&agrave;u điều, bột nghệ, ớt bột, ngũ vị hương, gừng, một phần l&aacute; chanh xắt nhỏ, 50 gram ớt tươi v&agrave;o. Trộn đều. Để thịt ngấm gia vị khoảng 30 ph&uacute;t.</span><br />\r\n<br />\r\n<span style=\"color:rgb(28, 30, 33); font-size:12px\">- Bước 4: Đổ nước luộc g&agrave; x&acirc;m xấp thịt g&agrave; đ&atilde; ướp. Đặt nồi thịt l&ecirc;n bếp, nấu với lửa nhỏ đến khi cạn nước. Tắt bếp.</span><br />\r\n<br />\r\n<span style=\"color:rgb(28, 30, 33); font-size:12px\">- Bước 5: L&agrave;m n&oacute;ng chảo chống d&iacute;nh, tr&uacute;t thịt g&agrave; từ nồi sang (kh&ocirc;ng d&ugrave;ng dầu ăn). Th&ecirc;m tiếp 50 gram ớt tươi, phần l&aacute; chanh c&ograve;n lại v&agrave;o. Đảo đều với lửa vừa đến khi thịt g&agrave; kh&ocirc;. Tắt bếp. Để thịt g&agrave; kh&ocirc; x&eacute; cay nguội, bỏ v&agrave;o hủ, d&ugrave;ng dần.</span><br />\r\n<span style=\"color:rgb(28, 30, 33); font-size:12px\">Bạn c&oacute; thể ăn v&atilde; g&agrave; kh&ocirc; x&eacute; cay hay ăn c&ugrave;ng cơm, b&aacute;nh m&igrave;, x&ocirc;i đều được.</span></p>\r\n','','',0,6,13,1,1,'2018-07-17 11:08:48','2018-07-18 03:03:13',843,0,0,0,0,0,1,0),(81,'Canh măng khô móng giò','','<p>Trong m&acirc;m cỗ Tết truyền thống, thật &iacute;t khi vắng m&oacute;n canh măng kh&ocirc; m&oacute;ng gi&ograve; ngon mềm, ấm c&uacute;ng n&agrave;y. H&ocirc;m nay Ad sẽ c&ugrave;ng c&aacute;c bạn thực hiện m&oacute;n ăn mang đậm hương vị ng&agrave;y tết n&agrave;y nh&eacute;. C&ugrave;ng v&agrave;o bếp n&agrave;o.</p>\r\n','2018/07/18/1531885972-canh-mang-kho-mong-gio.mp4','videos/2018/07/18/1531887075-canh-mang.jpg',NULL,'01:30','','<p>Nguy&ecirc;n liệu:<br />\r\n- 200g măng kh&ocirc;<br />\r\n- 400g m&oacute;ng gi&ograve;&nbsp;<br />\r\n- Nước mắm, hạt n&ecirc;m, ti&ecirc;u<br />\r\n- H&agrave;nh l&aacute;, h&agrave;nh hoa.</p>\r\n','','<p>C&aacute;ch l&agrave;m:<br />\r\n- Măng kh&ocirc; cắt bớt đoạn gi&agrave;, x&eacute; măng th&agrave;nh từng sợi vừa ăn, ng&acirc;m nước lạnh khoảng hơn một ng&agrave;y. Thỉnh thoảng thay nước để măng ra bớt vị chua v&agrave; c&oacute; nước trong. Sau luộc măng, đổ ra rổ cho r&aacute;o nước.</p>\r\n\r\n<p><br />\r\n- M&oacute;ng gi&ograve; chặt nhỏ cho v&agrave;o nồi nước, trần qua để rửa xương sau đ&oacute; rửa lại đổ nước đi, rửa sạch lại với nước lạnh. Cho m&oacute;ng gi&ograve; v&agrave;o nồi, th&ecirc;m ch&uacute;t gia vị x&agrave;o thơm. Sau đ&oacute; đổ ngập nước, đun s&ocirc;i rồi vặn nhỏ lửa hầm đến khi mềm vừa ăn.</p>\r\n\r\n<p><br />\r\n- Đun n&oacute;ng hai th&igrave;a nhỏ dầu ăn, phi h&agrave;nh thơm, đổ măng v&agrave;o x&agrave;o, th&ecirc;m v&agrave;o hai th&igrave;a nhỏ nước mắm, một th&igrave;a nhỏ muối, nửa th&igrave;a hạt n&ecirc;m, hạt ti&ecirc;u. Đun tầm 5 ph&uacute;t. Sau đ&oacute; đổ v&agrave;o nồi m&ograve;ng gi&ograve; sao cho nước ngập mặt, tiếp tục đun s&ocirc;i đến khi măng v&agrave; thịt mềm, n&ecirc;m nếm lại t&ugrave;y theo khẩu vị của bạn. Tắt bếp, rắc h&agrave;nh l&aacute;, rau m&ugrave;i đ&atilde; th&aacute;i nhỏ. M&uacute;c ra b&aacute;t v&agrave; thưởng thức.</p>\r\n','','',0,6,11,1,1,'2018-07-18 11:01:53','2018-07-18 04:11:20',921,0,0,0,0,0,1,0),(82,'Bánh bông lan bơ sữa','','','2018/07/18/1531905655-banh-bong-lan.mp4','videos/2018/07/18/1531908107-banh-bong-lan-bo-sua.jpg',NULL,'01:48','','','','','','',1,5,15,1,NULL,'2018-07-18 17:02:53',NULL,14,0,0,0,0,0,0,1),(83,'Chân giò hầm hạt sen','','','2018/07/18/1531909062-chan-gio-ham-hat-sen.mp4','videos/2018/07/18/1531909094-chan-gio-hat-sen-4.jpg',NULL,'05:49','','','','','','',3,6,11,1,NULL,'2018-07-18 17:19:24',NULL,12,0,0,0,0,0,0,1),(84,'Sườn xào chua ngọt','','','2018/07/18/1531909738-suon-xao-chua-ngot.mp4','videos/2018/07/18/1531909923-suon-xao-chua-ngot.jpg',NULL,'05:17','','','','','','',3,6,11,1,NULL,'2018-07-18 17:32:46',NULL,18,0,0,0,0,0,0,1),(85,'Trứng Benedict và Trứng Florentine','Chef Hữu Đức','<p>L&agrave; một m&oacute;n ăn c&oacute; nguồn gốc từ Mỹ - một nền ẩm thực &iacute;t khi được đ&aacute;nh gi&aacute; cao nhưng eggs benedict lại chinh phục cả thế giới bằng hương vị h&agrave;i h&ograve;a, tinh tế của m&igrave;nh. Ở Mỹ, người ta đ&atilde; d&agrave;nh hẳn ng&agrave;y 16/4 để t&ocirc;n vinh m&oacute;n eggs benedict tuyệt vời n&agrave;y. Xin mời c&aacute;c bạn v&agrave;o bếp của Bếp Nh&agrave; TV nh&eacute;.</p>\r\n','2018/07/19/1531971200-Trung-Benedict-va-Trung-Florentine-Vao-bep-cung-Bep-Nha-1.mp4','videos/2018/07/19/1531971248-2-bai-trung.jpg',NULL,'03:06','','<p>* Nguy&ecirc;n liệu:</p>\r\n\r\n<p>Trứng g&agrave; 10 tr&aacute;i.&nbsp;<br />\r\nB&aacute;nh english muffin 4 c&aacute;i.&nbsp;<br />\r\nCải b&oacute; x&ocirc;i 100g.&nbsp;<br />\r\nThịt nguội ( Ham) : 3 miếng nhỏ.&nbsp;<br />\r\nBơ lạt 150g.&nbsp;<br />\r\nNước cốt chanh: 10ml<br />\r\nMuối: 2g.&nbsp;<br />\r\nTi&ecirc;u 2g.&nbsp;<br />\r\nNước. 15ml.&nbsp;<br />\r\nGiấm ăn 20ml.</p>\r\n','','<p>* C&aacute;ch l&agrave;m:</p>\r\n\r\n<p>Đun s&ocirc;i 1/2 l&iacute;t nước c&ugrave;ng 20ml giấm ăn sau đ&oacute; hạ lửa để s&ocirc;i tim. Đập trứng ra ch&eacute;n nhỏ sau đ&oacute; nhẹ nh&agrave;ng đổ trứng v&ocirc; nước v&agrave; khuấy nhẹ tay sao cho trứng gom lại đẹp mắt. Để trứng trong nước khoảng 3&rsquo; th&igrave; vớt ra.&nbsp;<br />\r\n*Sốt Hollandaise:<br />\r\nT&aacute;ch 4 l&ograve;ng đỏ trứng cho v&agrave;o 1 c&aacute;i t&ocirc; inox lớn. Sau đ&oacute; cho hỗn hợp gồm nước cốt chanh, muối ti&ecirc;u, 30ml nước v&agrave;o chung t&ocirc; inox tr&ecirc;n v&agrave; đ&aacute;nh c&aacute;ch thuỷ tr&ecirc;n 1 nồi nước. Lưu &yacute; ở lửa nhỏ. Khi hỗn hợp tr&ecirc;n đạt được độ s&aacute;nh th&igrave; cho bơ lạt v&ocirc; v&agrave; đ&aacute;nh đều l&ecirc;n. Lưu &yacute; nhiệt độ của nồi nước.( chỉ s&ocirc;i tim k được s&ocirc;i qu&aacute; lớn)&nbsp;<br />\r\nCải b&oacute; x&ocirc;i đem cắt kh&uacute;c v&agrave; x&agrave;o với bơ tỏi n&ecirc;m nếm th&ecirc;m ch&uacute;t muối ti&ecirc;u.</p>\r\n\r\n<p>* Tr&igrave;nh b&agrave;y.</p>\r\n\r\n<p>BENEDICT. cắt miếng b&aacute;nh l&agrave;m đ&ocirc;i sau đ&oacute; cho thịt nguội l&ecirc;n, tiếp theo l&agrave; trứng v&agrave; sau đ&oacute; rưới sốt l&ecirc;n l&agrave; ho&agrave;n th&agrave;nh.&nbsp;<br />\r\nFLORENTINE. Cắt miếng b&aacute;nh l&agrave;m đ&ocirc;i sau đ&oacute; cho cải b&oacute; x&ocirc;i đ&atilde; x&agrave;o l&ecirc;n tr&ecirc;n, tiếp theo tới trứng v&agrave; rưới sốt l&ecirc;n tr&ecirc;n l&agrave; ho&agrave;n th&agrave;nh.&nbsp;<br />\r\nĐ&acirc;y l&agrave; m&oacute;n ăn s&aacute;ng phổ biến của người nước ngo&agrave;i v&agrave; c&aacute;ch l&agrave;m cũng kh&aacute; l&agrave; đơn giản.</p>\r\n','','<p>-------------------------------------------<br />\r\nTrứng Benedict v&agrave; Trứng Florentine - Bếp Nh&agrave; TV Studio</p>\r\n\r\n<p>Tổ chức sản xuất : Vick Le<br />\r\nQuay Phim : L&ecirc; Anh Nguy&ecirc;n - Vick Le<br />\r\nDựng Phim : L&ecirc; Anh Nguy&ecirc;n<br />\r\nDesign H&igrave;nh Ảnh : L&ecirc; Anh Nguy&ecirc;n<br />\r\nĐầu Bếp : Chef Hữu Đức</p>\r\n\r\n<p>Cả nh&agrave; theo d&otilde;i th&ocirc;ng tin của Bếp Nh&agrave; TV tại đ&acirc;y nh&eacute;:</p>\r\n\r\n<p>► Fanpage:&nbsp; https://www.facebook.com/bepnhatv/<br />\r\n► Youtube: https://www.youtube.com/bepnhatv</p>\r\n',1,5,14,1,1,'2018-07-19 10:35:26','2018-07-21 06:12:10',444,0,0,0,0,0,1,0),(86,'Trứng Benedict và Trứng Florentine','','','2018/07/19/1531971200-Trung-Benedict-va-Trung-Florentine-Vao-bep-cung-Bep-Nha-1.mp4','videos/2018/07/19/1531971248-2-bai-trung.jpg',NULL,'03:06','','','','','','',1,5,11,1,NULL,'2018-07-19 10:35:31',NULL,8,0,0,0,0,0,0,0),(87,'Trứng Benedict và Trứng Florentine','','','2018/07/19/1531971200-Trung-Benedict-va-Trung-Florentine-Vao-bep-cung-Bep-Nha-1.mp4','videos/2018/07/19/1531971248-2-bai-trung.jpg',NULL,'03:06','','','','','','',1,5,11,1,NULL,'2018-07-19 10:35:32',NULL,8,0,0,0,0,0,0,0),(88,'Gymer Vào Bếp VOL 1 - 3 Món Ngon Từ Ức Gà','MC Tường Vy','<p>Ba m&oacute;n ăn độc đ&aacute;o từ ức g&agrave; d&agrave;nh cho người tập gym</p>\r\n\r\n<p>Mới tập gym, bạn kh&ocirc;ng biết n&ecirc;n ăn uống thế n&agrave;o cho đ&uacute;ng v&agrave; đạt hiệu quả cao trong qu&aacute; tr&igrave;nh tập? B&agrave;i viết n&agrave;y sẽ rất cần thiết cho bạn đ&oacute;. Bạn c&oacute; biết, ức g&agrave; l&agrave; một trong số 21 thực phẩm gi&uacute;p giảm c&acirc;n tốt nhất được thế giới c&ocirc;ng nhận. Ngo&agrave;i ra, ức g&agrave; l&agrave; một m&oacute;n ăn cực tốt d&agrave;nh cho những người tập gym. V&igrave; sao lại c&oacute; thể khẳng định như vậy v&agrave; c&aacute;ch chế biến ức g&agrave; th&agrave;nh c&aacute;c m&oacute;n ăn d&agrave;nh cho người mới tập gym thế n&agrave;o? H&atilde;y c&ugrave;ng bepnha.tv t&igrave;m hiểu ngay sau đ&acirc;y nh&eacute;.</p>\r\n','2018/07/20/1532090125-gymer-vol-1.mp4','videos/2018/07/20/1532090176-37544557_848046882056617_4304799897774718976_n.png',NULL,'15:00','','','','','','',0,17,18,1,1,'2018-07-20 19:42:14','2018-07-20 14:11:38',439,0,0,0,0,0,1,1),(89,'Gymer Vào Bếp VOL 1 - 3 Món Ngon Từ Ức Gà','MC Tường Vy','<p><span style=\"color:rgb(17, 17, 17); font-size:14px\">Mới tập gym, bạn kh&ocirc;ng biết n&ecirc;n ăn uống thế n&agrave;o cho đ&uacute;ng v&agrave; đạt hiệu quả cao trong qu&aacute; tr&igrave;nh tập? B&agrave;i viết n&agrave;y sẽ rất cần thiết cho bạn đ&oacute;. Bạn c&oacute; biết, ức g&agrave; l&agrave; một trong số 21 thực phẩm gi&uacute;p giảm c&acirc;n tốt nhất được thế giới c&ocirc;ng nhận. Ngo&agrave;i ra, ức g&agrave; l&agrave; một m&oacute;n ăn cực tốt d&agrave;nh cho những người tập gym. V&igrave; sao lại c&oacute; thể khẳng định như vậy v&agrave; c&aacute;ch chế biến ức g&agrave; th&agrave;nh c&aacute;c m&oacute;n ăn d&agrave;nh cho người mới tập gym thế n&agrave;o? H&atilde;y c&ugrave;ng bepnha.tv t&igrave;m hiểu ngay sau đ&acirc;y nh&eacute;.</span></p>\r\n','2018/07/21/1532154969-gymer-dang-TV.mp4','videos/2018/07/21/1532154906-37544557_848046882056617_4304799897774718976_n.png',NULL,'15:00','','','','','','<p>-------------------------------------------<br />\r\nC&aacute;ch l&agrave;m Ức G&agrave; cho người tập Gym - GYMER V&Agrave;O BẾP - VOL 1 - Bếp Nh&agrave; TV&nbsp;</p>\r\n\r\n<p>Tổ chức sản xuất : Vick Le<br />\r\nQuay Phim : The One Studio<br />\r\nMC: Tường Vy<br />\r\nDựng Phim : The One Studio<br />\r\nDesign H&igrave;nh Ảnh : L&ecirc; Anh Nguy&ecirc;n<br />\r\nCredit: Bếp Nh&agrave; Channel</p>\r\n',0,17,18,1,NULL,'2018-07-21 13:36:58',NULL,1319,0,0,0,0,0,1,0),(90,'Bánh bông lan bơ sữa','Kim Kim','<p>C&aacute;c bạn đ&atilde; c&oacute; &yacute; tưởng g&igrave; cho bữa ăn gi đ&igrave;nh m&igrave;nh ng&agrave;y h&ocirc;m nay chưa? H&atilde;y c&ugrave;ng Bếp Nh&agrave; bắt tay thực hiện m&oacute;n B&Aacute;NH B&Ocirc;NG LAN BƠ SỮA thơm ngon v&agrave; dễ thực hiện v&ocirc; c&ugrave;ng n&agrave;y nh&eacute; .&nbsp;</p>\r\n','2018/07/25/1532486006-banh-bong-lan.mp4','videos/2018/07/25/1532486023-banh-bong-lan-bo-sua.jpg',NULL,'01:48','','<p>Nguy&ecirc;n liệu:<br />\r\n- 120 gr bột m&igrave;<br />\r\n- 20 gr sữa đặc c&oacute; đường<br />\r\n- 50 ml sữa tươi<br />\r\n- 50 gr bơ đun chảy<br />\r\n- 1 mcf bột nở<br />\r\n- 1 ch&uacute;t muối<br />\r\n- 4 trứng g&agrave;</p>\r\n','','<p>C&aacute;ch l&agrave;m:<br />\r\n- Cho sữa đặc v&agrave; trứng v&agrave;o &acirc;u đ&aacute;nh tan, th&ecirc;m tiếp bơ, sữa v&agrave;o trộn đều<br />\r\n- Trộn đều bột, bột nở v&agrave; muối. cho từ từ v&agrave;o &acirc;u trứng, đ&aacute;nh cho h&ograve;a quyện<br />\r\n- Cho bột v&agrave;o khu&ocirc;n. Nướng 40 &ndash; 50 ph&uacute;t ở 160 độ C.</p>\r\n','','',0,5,15,1,1,'2018-07-25 09:34:44','2018-07-25 02:52:27',727,0,0,0,0,0,1,0),(91,'Chân giò hầm hạt sen','Wa Wa Hy','<p>Thịt ch&acirc;n gi&ograve; hầm hạt sen l&agrave; m&oacute;n ăn đơn giản, dễ thực hiện, cực kỳ tốt cho sức khỏe, đặc biệt tốt cho những ng&agrave;y thời tiết se lạnh v&agrave; giao m&ugrave;a như thế n&agrave;y. ch&acirc;n gi&ograve; mềm nhừ thơm nức rất ngon miệng ấy. Miếng thịt ch&acirc;n gi&ograve; ngấm đều gia vị rất đậm đ&agrave;, hạt sen th&igrave; b&ugrave;i bở sẽ mang lại hương vị rất ri&ecirc;ng, đủ để cả nh&agrave; phải th&egrave;m thuồng mỗi khi nghĩ tới! H&atilde;y c&ugrave;ng Bếp Nh&agrave; học c&aacute;ch chế biến m&oacute;n ăn n&agrave;y nh&eacute;</p>\r\n','2018/07/25/1532486205-chan-gio-ham-hat-sen.mp4','videos/2018/07/25/1532486168-chan-gio-hat-sen-4.jpg',NULL,'05:49','','<p>Nguy&ecirc;n liệu:<br />\r\n- 700 gram thịt ch&acirc;n gi&ograve;&nbsp;<br />\r\n- 200 gram hạt sen (c&oacute; thể d&ugrave;ng hạt sen kh&ocirc; hoặc hạt sen tươi đều được. Nhưng nếu d&ugrave;ng hạt sen kh&ocirc;ng phải ng&acirc;m nước chờ hạt sen nở mới chế biến nh&eacute;)<br />\r\n- Gia vị: hạt ti&ecirc;u sọ, muối, nước tương, đường, sa tế, gừng</p>\r\n','','<p>C&aacute;ch l&agrave;m<br />\r\n- Ch&acirc;n gi&ograve; rửa sạch, trần sơ qua nước s&ocirc;i c&oacute; h&agrave;nh, v&agrave;i l&aacute;t gừng, 1 muỗng canh rượu gạo v&agrave;o 1 muỗng canh giấm, ng&acirc;m v&agrave;o nước lạnh . Rửa lại với nước sạch. Vớt kh&ocirc; để r&aacute;o nước.&nbsp;<br />\r\n- Cho nồi l&ecirc;n bếp. Đợi nồi n&oacute;ng cho v&agrave;o 1 th&igrave;a canh dầu ăn. Dầu n&oacute;ng th&igrave; cho gừng v&agrave;o phi thơm. Tiếp đến, tr&uacute;t thịt lợn v&agrave;o, đảo nhanh tay. Khi miếng ch&acirc;n gi&ograve; săn lại, th&igrave; tr&uacute;t hạt sen v&agrave;o, đảo đều. Cho v&agrave;o trong nồi 1 muỗng canh x&igrave; dầu cho thịt thấm m&agrave;u. Th&ecirc;m 1 th&igrave;a c&agrave; ph&ecirc; muối, 1 th&igrave;a c&agrave; ph&ecirc; đường, 1 th&igrave;a c&agrave; ph&ecirc; sa tế (nếu th&iacute;ch măm cay v&agrave; m&oacute;n ăn c&oacute; m&agrave;u nổi bật hơn, c&aacute;c bạn c&oacute; thể tăng lượng sa tế l&ecirc;n nh&eacute;), 1 th&igrave;a hạt ti&ecirc;u sọ gi&atilde; dập, 1 b&aacute;t con nước lọc.&nbsp;<br />\r\n- Đun s&ocirc;i v&agrave; hạ nhỏ lửa đun liu riu đến khi thử thấy miếng thịt ch&acirc;n gi&ograve; mềm nhừ như &yacute;, miếng thịt ngấm đầy đủ nước sốt, hạt sen b&ugrave;i bở, l&uacute;c n&agrave;y ch&uacute;ng m&igrave;nh n&ecirc;m nếm lại gia vị cho vừa miệng, rắc th&ecirc;m ch&uacute;t h&agrave;nh l&aacute; th&aacute;i nhỏ v&agrave; tắt bếp l&agrave; m&oacute;n ăn đ&atilde; ho&agrave;n th&agrave;nh r&ugrave;i.<br />\r\nCh&uacute;c c&aacute;c bạn th&agrave;nh c&ocirc;ng với m&oacute;n ăn n&agrave;y nh&eacute;!</p>\r\n','','',0,6,11,1,1,'2018-07-25 09:37:01','2018-07-25 02:55:57',1820,0,0,0,0,0,1,0),(92,'Sườn xào chua ngọt','','','2018/07/25/1532486314-suon-xao-chua-ngot.mp4','videos/2018/07/25/1532486288-suon-xao-chua-ngot.jpg',NULL,'05:17','','','','','','',0,6,11,1,NULL,'2018-07-25 09:38:40',NULL,66,0,0,0,0,0,0,0),(93,'Thịt heo quay da giòn rụm','','<p>Thịt heo quay l&agrave; m&oacute;n ăn phổ biến v&agrave; được b&aacute;n như đồ ăn sẵn. Bởi v&igrave; kh&ocirc;ng phải ai cũng biết c&aacute;ch l&agrave;m thịt heo quay ngon, gi&ograve;n v&agrave; mềm như c&aacute;c tiệm chuy&ecirc;n nghiệp. Tuy nhi&ecirc;n, nếu ch&uacute;ng ta biết ch&uacute;t căn bản về m&oacute;n quay th&igrave; thịt heo quay kh&ocirc;ng thể l&agrave;m kh&oacute; c&aacute;c bạn được.&nbsp;</p>\r\n\r\n<p>&nbsp;</p>\r\n','2018/07/26/1532573690-heo-quay.mp4','videos/2018/07/26/1532573870-thit-heo-quay-gion.jpg',NULL,'01:10','','','','','','',3,6,11,1,1,'2018-07-26 09:59:02','2018-07-30 02:57:06',1191,0,0,0,0,0,1,0),(94,'Gỏi sứa','Chef Phước Lành','<p><span style=\"color:rgb(17, 17, 17); font-size:14px\">Gỏi sứa hay c&ograve;n gọi l&agrave; nộm sứa m&oacute;n n&agrave;y c&oacute; thể d&ugrave;ng l&agrave;m m&oacute;n khai vị hay ăn k&egrave;m với cơm cũng đều rất ngon, từng miếng sứa trong vắt, gi&ograve;n gi&ograve;n sần sật h&ograve;a thấm c&ugrave;ng với vị chua chua ngọt của chanh đường rất hấp dẫn v&agrave; k&iacute;ch th&iacute;ch vị gi&aacute;c của người thưởng thức. </span></p>\r\n\r\n<div>&nbsp;</div>\r\n','2018/07/26/1532574455-CACH-LAM-GOI-SUA-NGON,-DON-GIAN-DE-LAM-Vao-bep-cung-Bep-Nha-1.mp4','videos/2018/07/26/1532574459-goi-sua.jpg',NULL,'02:07','','<p>NGUY&Ecirc;N LIỆU</p>\r\n\r\n<p>Sứa 1kg</p>\r\n\r\n<p>Tắc 100gr</p>\r\n\r\n<p>Chanh 1 tr&aacute;i</p>\r\n\r\n<p>Ng&ograve; gai, h&uacute;ng lủi, h&uacute;ng quế</p>\r\n\r\n<p>100g Riềng</p>\r\n\r\n<p>1 củ Đậu phộng,</p>\r\n\r\n<p>h&agrave;nh phi 100g</p>\r\n\r\n<p>Đu đủ xanh 1/5 tr&aacute;i (300g)</p>\r\n\r\n<p>Khế chua 4 tr&aacute;i</p>\r\n\r\n<p>C&agrave; rốt 1 củ</p>\r\n\r\n<p>Dưa leo 2 tr&aacute;i</p>\r\n\r\n<p>ớt sừng 1 tr&aacute;i</p>\r\n\r\n<p>sả c&acirc;y 2 c&acirc;y</p>\r\n\r\n<p>Nước mắm, đường, tương ớt, muối.&nbsp;</p>\r\n','','<p>C&Aacute;CH L&Agrave;M</p>\r\n\r\n<p>&ndash; Nước nắm: đặt nồi nhỏ l&ecirc;n bếp, cho hỗn hợp: đường, nước mắm, nước cốt tắc v&agrave; tương ớt nấu s&ocirc;i hỗn hợp 10-15 ph&uacute;t.</p>\r\n\r\n<p>&ndash; Sơ chế c&aacute;c nguy&ecirc;n liệu: Th&aacute;i nhỏ: h&uacute;ng quế, h&uacute;ng lủi, ng&ograve; gai. Th&aacute;i sợi: dưa leo, c&agrave; rốt, đu đủ , sả khế v&agrave; củ giềng. Sứa: rửa sạch, để r&aacute;o nước v&agrave; th&aacute;i miếng vừa ăn.</p>\r\n\r\n<p>&ndash; Cho tất cả nguy&ecirc;n liệu sơ chế ở tr&ecirc;n v&agrave;o &acirc;u lớn trộn đều với hỗn hợp nước nắm nấu ban n&atilde;y. Để hỗn hợp ngấm gia vị 30 ph&uacute;t.&nbsp;</p>\r\n','','<p><span style=\"color:rgb(17, 17, 17); font-size:14px\">Tổ chức sản xuất : Vick Le </span></p>\r\n\r\n<p><span style=\"color:rgb(17, 17, 17); font-size:14px\">Quay Phim : L&ecirc; Anh Nguy&ecirc;n - Vick Le </span></p>\r\n\r\n<p><span style=\"color:rgb(17, 17, 17); font-size:14px\">Dựng Phim : L&ecirc; Anh Nguy&ecirc;n </span></p>\r\n\r\n<p><span style=\"color:rgb(17, 17, 17); font-size:14px\">Design H&igrave;nh Ảnh : L&ecirc; Anh Nguy&ecirc;n </span></p>\r\n\r\n<p><span style=\"color:rgb(17, 17, 17); font-size:14px\">Đầu Bếp : Chef Phước L&agrave;nh </span></p>\r\n\r\n<p><span style=\"color:rgb(17, 17, 17); font-size:14px\">Cả nh&agrave; theo d&otilde;i th&ocirc;ng tin của Bếp Nh&agrave; TV tại đ&acirc;y nh&eacute;: </span></p>\r\n\r\n<p><span style=\"color:rgb(17, 17, 17); font-size:14px\">► Fanpage: </span><a class=\"yt-simple-endpoint style-scope yt-formatted-string\" href=\"https://www.youtube.com/redirect?event=video_description&amp;redir_token=E_3m81SRYT5JfrtIVdwKD44Emw58MTUzMzM0NjQ2OEAxNTMzMjYwMDY4&amp;q=https%3A%2F%2Fwww.facebook.com%2Fbepnhatv%2F&amp;v=un4qRnM79gA\" style=\"display: inline-block; cursor: pointer; text-decoration-line: none; color: var(--yt-endpoint-visited-color, var(--yt-spec-icon-active-button-link)); font-family: Roboto, Arial, sans-serif; font-size: 14px; white-space: pre-wrap;\">https://www.facebook.com/bepnhatv/</a><span style=\"color:rgb(17, 17, 17); font-size:14px\"> </span></p>\r\n\r\n<p><span style=\"color:rgb(17, 17, 17); font-size:14px\">► Youtube: </span><a class=\"yt-simple-endpoint style-scope yt-formatted-string\" href=\"https://www.youtube.com/bepnhatv\" style=\"display: inline-block; cursor: pointer; text-decoration-line: none; color: var(--yt-endpoint-visited-color, var(--yt-spec-icon-active-button-link)); font-family: Roboto, Arial, sans-serif; font-size: 14px; white-space: pre-wrap;\">https://www.youtube.com/bepnhatv</a></p>\r\n',2,6,10,1,1,'2018-07-26 10:08:29','2018-08-03 01:37:49',612,0,0,0,0,0,1,0),(95,'Cơm chiên Kim chi','Chef Phước Lành','<p><span style=\"color:rgb(17, 17, 17); font-size:14px\">CƠM CHI&Ecirc;N KIM CHI BA RỌI&nbsp; - Sau mỗi bữa cơm kh&ocirc;ng &iacute;t th&igrave; nhiều sẽ c&oacute; cơm thừa để lại. Để kh&ocirc;ng l&atilde;ng ph&iacute;, người ta thường hấp hoặc l&agrave; chi&ecirc;n nhưng h&ocirc;m nay bepnha.tv xin chia sẻ với c&aacute;c bạn một c&aacute;ch chi&ecirc;n cơm mới lạ miệng kh&ocirc;ng k&eacute;m phần thơm ngon </span></p>\r\n\r\n<div>&nbsp;</div>\r\n','2018/07/31/1533004823-Com-chien-kim-chi-Vao-bep-cung-Bep-Nha.mp4','videos/2018/07/31/1533004826-com-chien-kim-ci.jpg',NULL,'02:37','','<p>Nguy&ecirc;n liệu</p>\r\n\r\n<p>Cơm chi&ecirc;n 1 t&ocirc;</p>\r\n\r\n<p>Kim chi 1 hộp</p>\r\n\r\n<p>Ba rọi 300gr</p>\r\n\r\n<p>Trứng 6 tr&aacute;i</p>\r\n\r\n<p>C&agrave; rốt 1 củ</p>\r\n\r\n<p>Đậu que 100gr</p>\r\n\r\n<p>H&agrave;nh l&aacute;</p>\r\n\r\n<p>Gia vị: muối, hạt n&ecirc;m,đường&nbsp;</p>\r\n','','<p>C&aacute;ch l&agrave;m</p>\r\n\r\n<p>&ndash; C&agrave; rốt, đậu que rửa sạch cắt hạt lựu, luộc ch&iacute;n.</p>\r\n\r\n<p>&ndash; Ba rọi rửa sạch th&aacute;i l&aacute;t mỏng, sau đ&oacute; &aacute;p chảo cho ch&iacute;n, c&oacute; thể ướp thịt ba rọi với nước kim chi, 1 &iacute;t muối, hạt n&ecirc;m t&ugrave;y th&iacute;ch.</p>\r\n\r\n<p>&ndash; Chi&ecirc;n cơm, chảo n&oacute;ng cho 1 &iacute;t dầu cho th&ecirc;m 1 quả trứng v&agrave;o chi&ecirc;n. Sau đ&oacute; cho cơm v&agrave;o đảo đều, tiếp đến cho th&ecirc;m 1 quả trứng v&agrave; đảo đều, cho th&ecirc;m c&agrave; rốt v&agrave; đậu que đ&atilde; luộc ch&iacute;n v&agrave;o, n&ecirc;m th&ecirc;m gia vị : 1mcf hạt n&ecirc;m, 1mcf muối , 1/2mc đường, đảo nhanh trong 3 ph&uacute;t l&agrave; được.</p>\r\n\r\n<p>&ndash; Trang tr&iacute; cơm chi&ecirc;n, kim chi, ba rọi ra đĩa v&agrave; thưởng thức.</p>\r\n','','<p>Tổ chức sản xuất : Vick Le<br />\r\nQuay Phim : L&ecirc; Anh Nguy&ecirc;n - Vick Le<br />\r\nDựng Phim : L&ecirc; Anh Nguy&ecirc;n<br />\r\nDesign H&igrave;nh Ảnh : L&ecirc; Anh Nguy&ecirc;n<br />\r\nĐầu Bếp : Chef Phước L&agrave;nh&nbsp;</p>\r\n\r\n<p>MỌI NGƯỜI NHỚ SUBSCRIBE K&Ecirc;NH ĐỂ XEM NGAY C&Aacute;C VIDEO MỚI NHẤT.<br />\r\n► SUBSCRIBE CHANNEL: https://www.youtube.com/bepnhatv</p>\r\n\r\n<p>Cả nh&agrave; theo d&otilde;i th&ocirc;ng tin của Bếp Nh&agrave; TV tại đ&acirc;y nh&eacute;:</p>\r\n\r\n<p>► Fanpage:&nbsp; https://www.facebook.com/bepnhatv/<br />\r\n► Youtube: https://www.youtube.com/bepnhatv<br />\r\n---------------------<br />\r\n&copy; Bản quyền thuộc về Bếp Nh&agrave; TV<br />\r\n&copy; Copyright by Bep Nha TV ☞ Do not Reup</p>\r\n',2,6,11,1,1,'2018-07-31 09:41:12','2018-08-03 02:16:31',1006,0,0,0,0,0,1,0),(96,'Sốt mì Ý Pizza','','','2018/07/31/1533020559-mi-y.mp4','videos/2018/07/31/1533020562-mi-y-sot-pizza.jpg',NULL,'01:26','','','','','','',3,5,1,1,1,'2018-07-31 14:03:32','2018-08-03 01:32:39',1060,0,0,0,0,0,1,0),(97,'Bánh trà xanh nham thạch ','Chef Diệu Lành','<p>B&aacute;nh tr&agrave; xanh nham thạch - Bếp Nh&agrave; TV Studio</p>\r\n\r\n<p>Tổ chức sản xuất : Vick Le<br />\r\nQuay Phim : L&ecirc; Anh Nguy&ecirc;n - Vick Le<br />\r\nDựng Phim : L&ecirc; Anh Nguy&ecirc;n<br />\r\nDesign H&igrave;nh Ảnh : L&ecirc; Anh Nguy&ecirc;n<br />\r\nĐầu Bếp : Chef Diệu L&agrave;nh&nbsp;</p>\r\n\r\n<p>MỌI NGƯỜI NHỚ SUBSCRIBE K&Ecirc;NH ĐỂ XEM NGAY C&Aacute;C VIDEO MỚI NHẤT.<br />\r\n► SUBSCRIBE CHANNEL: https://www.youtube.com/bepnhatv</p>\r\n\r\n<p>Cả nh&agrave; theo d&otilde;i th&ocirc;ng tin của Bếp Nh&agrave; TV tại đ&acirc;y nh&eacute;:</p>\r\n\r\n<p>► Fanpage:&nbsp; https://www.facebook.com/bepnhatv/<br />\r\n► Youtube: https://www.youtube.com/bepnhatv<br />\r\n---------------------<br />\r\n&copy; Bản quyền thuộc về Bếp Nh&agrave; TV<br />\r\n&copy; Copyright by Bep Nha TV ☞ Do not Reup</p>\r\n','2018/08/03/1533280321-Banh-tra-xanh-nham-thach-Vao-bep-cung-Bep-Nha-1.mp4','videos/2018/08/03/1533284144-banh-tra-xanh-nham-thach.jpg',NULL,'04:28','','<p>Nguy&ecirc;n liệu:</p>\r\n\r\n<p>Tr&acirc;n ch&acirc;u đen<br />\r\nĐường, Nước<br />\r\nBột m&igrave; số 8<br />\r\nBột nở<br />\r\nTr&agrave; xanh<br />\r\nDầu ăn<br />\r\nSữa tươi<br />\r\nKem<br />\r\nTrứng<br />\r\nTartar<br />\r\nWhipping cream<br />\r\nBột bắp<br />\r\nWhip topping</p>\r\n','','<p>C&aacute;ch l&agrave;m:</p>\r\n\r\n<p>Luộc tr&acirc;n ch&acirc;u&nbsp;</p>\r\n\r\n<p>Luộc ch&iacute;n tr&acirc;n ch&acirc;u sau đ&oacute; cho v&agrave;o nước đường (2 muỗng c&agrave; ph&ecirc; đường + 50ml nước) để đến khi tr&acirc;n ch&acirc;u kết d&iacute;nh lại với nhau.</p>\r\n\r\n<p>Đế b&aacute;nh&nbsp;</p>\r\n\r\n<p>C&aacute;c nguy&ecirc;n liệu d&ugrave;ng cho đế b&aacute;nh tr&agrave; xanh nham thạch sẽ gồm c&oacute;: 80gram bột m&igrave; số 8, 45gram đường, &frac34; muỗng c&agrave; ph&ecirc; bột nở, 1 muỗng nhỏ tr&agrave; xanh, 40gram dầu ăn, 40gram sữa tươi, &frac12; muỗng c&agrave; ph&ecirc; kem, 3 l&ograve;ng đỏ, 3 l&ograve;ng trắng trứng, tartar.<br />\r\nĐầu ti&ecirc;n sẽ tiến h&agrave;nh đ&aacute;nh đều 3 l&ograve;ng đỏ trứng với sữa tươi v&agrave; dầu ăn tiếp đến r&acirc;y bột m&igrave;, bột nở, bột tr&agrave; xanh v&agrave;o đ&aacute;nh cho tới khi bột mịn.<br />\r\nSau đ&oacute; đ&aacute;nh đều l&ograve;ng trắng trứng với cream(of tartar), cho 2 lần đường, đ&aacute;nh đến khi b&ocirc;ng cứng. Cho hỗn&nbsp; hợp bột đ&atilde; chuẩn bị v&agrave;o nhẹ nh&agrave;ng trộn đều cho đến khi mịn.<br />\r\nBỏ hỗn hợp bột v&agrave;o khu&ocirc;n nướng khoảng 40 ph&uacute;t ở nhiệt độ 180. Sau khi nướng xong lấy b&aacute;nh ra để nguội.</p>\r\n\r\n<p>Sốt Tr&agrave; v&agrave; kem&nbsp;</p>\r\n\r\n<p>Trong qu&aacute; tr&igrave;nh nướng b&aacute;nh bạn sẽ chuẩn bị sốt tr&agrave; v&agrave; kem. Th&agrave;nh phần trong sốt tr&agrave; sẽ gồm c&oacute;: 1,5 muỗng c&agrave; ph&ecirc; tr&agrave; xanh, 2 muỗng đường, 80ml sữa tươi, 80ml whipping cream, 2 muỗng c&agrave; ph&ecirc; bột bắp. Bạn cho tất cả nguy&ecirc;n liệu n&agrave;y v&agrave;o nồi, bắt bếp ở lửa vừa sau đ&oacute; khuấy đều cho đến khi sệt lại.<br />\r\nĐối với kem chỉ n&ecirc;n đ&aacute;nh tới khi b&ocirc;ng mềm để dễ trang tr&iacute;. Một lưu &yacute; nhỏ l&agrave; c&aacute;c bạn n&ecirc;n cho que đ&aacute;nh v&agrave;o tủ lạnh trước 10 ph&uacute;t để khi đ&aacute;nh kem sẽ dễ l&ecirc;n b&ocirc;ng.</p>\r\n\r\n<p>Trang tr&iacute;</p>\r\n\r\n<p>Kh&acirc;u cuối c&ugrave;ng ch&iacute;nh l&agrave; trang tr&iacute; b&aacute;nh. Đầu ti&ecirc;n bạn cho đế b&aacute;nh ra đĩa, phết l&ecirc;n một lớp kem tiếp đến l&agrave; sốt tr&agrave; v&agrave; tr&acirc;n ch&acirc;u. Vậy l&agrave; bạn đ&atilde; ho&agrave;n th&agrave;nh xong m&oacute;n b&aacute;nh tr&agrave; xanh nham thạch rồi đấy.</p>\r\n','','',3,6,15,1,1,'2018-08-03 14:15:03','2018-08-03 09:04:12',1331,0,0,0,0,0,1,0),(98,'MÓN BÒ ĂN HOÀI KHÔNG NGÁN DÀNH CHO NGƯỜI TẬP GYM I GYMER VÀO BẾP VOL 2 ','MC Tường Vy','<p>Bạn muốn c&oacute; một th&acirc;n h&igrave;nh ti&ecirc;u chuẩn nhưng chỉ tập GYM kh&ocirc;ng th&igrave; chưa đủ, ngo&agrave;i việc luyện tập hằng ng&agrave;y bạn cần phải c&oacute; một chế độ ăn uống hợp l&yacute;. Với hai m&oacute;n ăn l&agrave;m từ thịt b&ograve; v&ocirc; c&ugrave;ng ph&ugrave; hợp cho người mới tập GYM m&agrave;&nbsp; Bếp Nh&agrave; TV giới thiệu chắc chắn sẽ gi&uacute;p &iacute;ch cho bạn rất nhiều trong thời gian tập luyện sắc v&oacute;c.&nbsp;</p>\r\n','2018/08/06/1533547980-MON-BO-AN-HOAI-KHONG-NGAN-CHO-NGUOI-TAP-GYM-I-GYMER-VAO-BEP-VOL-2-I-BEP-NHA-TV.mp4','videos/2018/08/06/1533547926-gymer-vao-bep-vol-2.jpg',NULL,'08:34','','<p>Nguy&ecirc;n liệu v&agrave; c&aacute;ch l&agrave;m chi tiết xin xem tại: http://bepnha.tv/mon-lam-tu-thit-bo-danh-cho-gymer</p>\r\n','','<p>Nguy&ecirc;n liệu v&agrave; c&aacute;ch l&agrave;m chi tiết xin xem tại: http://bepnha.tv/mon-lam-tu-thit-bo-danh-cho-gymer</p>\r\n','','<p>Cả nh&agrave; theo d&otilde;i th&ocirc;ng tin của Bếp Nh&agrave; TV tại đ&acirc;y nh&eacute;:<br />\r\n► Fanpage:&nbsp; https://www.facebook.com/bepnhatv/<br />\r\n► Website: http://bepnha.tv</p>\r\n\r\n<p>Tổ chức sản xuất : Vick Le<br />\r\nQuay Phim : The One<br />\r\nDựng Phim : The One<br />\r\nDesign H&igrave;nh Ảnh : Le Nguyen<br />\r\nVJ : Tường Vy<br />\r\n---------------------<br />\r\n&copy; Bản quyền thuộc về Bếp Nh&agrave; TV<br />\r\n&copy; Copyright by Bep Nha TV ☞ Do not Reup<br />\r\n------------------------------------</p>\r\n',0,17,12,1,1,'2018-08-06 16:33:19','2018-08-09 07:56:01',625,0,0,0,0,0,0,0),(99,'Lagu nấm rau củ','Chef Phước Lành','','2018/08/09/1533801683-Cach-lam-Lagu-nam-rau-cu-dung-dieu-Vao-bep-cung-Bep-Nha.mp4','videos/2018/08/09/1533801826-lagu-chay.jpg',NULL,'01:42','','<p>Nguy&ecirc;n liệu cần c&oacute; cho m&oacute;n lagu nấm rau củ gồm:<br />\r\n2 b&igrave;a đậu hũ chi&ecirc;n<br />\r\n2 củ c&agrave; rốt<br />\r\n8 củ khoai<br />\r\n2 củ h&agrave;nh t&acirc;y<br />\r\n1 tr&aacute;i c&agrave; chua bi<br />\r\n2 nh&aacute;nh boar&ocirc;<br />\r\n1 l&aacute; t&agrave;u hũ ki mềm<br />\r\n100gr nấm rơm<br />\r\n400ml nước dừa<br />\r\n1l5 nước lọc<br />\r\n1 hộp sốt c&agrave; chua lagu<br />\r\nGia vị lagu: l&aacute; bayleaf, bột, nhục đậu khấu, bột paprika, bột năng<br />\r\nHạt n&ecirc;m chay, muối, đường, ti&ecirc;u, b&aacute;nh m&igrave;</p>\r\n','','<p>C&aacute;ch l&agrave;m lagu nấm rau củ:<br />\r\nBước 1: Xử l&yacute; nguy&ecirc;n vật liệu<br />\r\nC&agrave; rốt, khoai t&acirc;y cắt tạo h&igrave;nh t&ugrave;y &yacute;<br />\r\nH&agrave;nh t&acirc;y, c&agrave; chua lột vỏ rồi bổ m&uacute;i<br />\r\nCắt đậu hũ v&agrave; t&agrave;u hũ ki th&agrave;nh những miếng vu&ocirc;ng<br />\r\nH&agrave;nh Boar&ocirc; th&igrave; cắt th&agrave;nh kh&uacute;c.<br />\r\nBước 2: Nấu lagu nấm rau củ<br />\r\nĐầu ti&ecirc;n bạn cho một &iacute;t dầu ăn v&agrave;o nồi để n&oacute;ng rồi cho đậu hủ v&agrave;o chi&ecirc;n v&agrave;ng sau đ&oacute; vớt ra để r&aacute;o.<br />\r\nTiếp đến cho h&agrave;nh boar&ocirc; v&agrave;o phi nhẹ rồi cho th&ecirc;m c&agrave; rốt, khoai t&acirc;y v&agrave;o x&agrave;o khoảng 2 ph&uacute;t. Sau khi thấy c&aacute;c nguy&ecirc;n liệu đ&atilde; săn lại bạn cho nấm rơm v&agrave;o x&agrave;o một ch&uacute;t rồi bắt đầu n&ecirc;m lagu.&nbsp;<br />\r\nTrước khi n&ecirc;m lagu bạn nhớ cho sốt c&agrave; v&agrave;o tiếp theo l&agrave; gia vị lagu, hạt n&ecirc;m, muối, đường, ti&ecirc;u, rồi đảo đều.&nbsp;<br />\r\nTầm 2 ph&uacute;t sau th&igrave; cho nước dừa v&agrave;o chờ s&ocirc;i khoảng 5 ph&uacute;t th&igrave; cho th&ecirc;m nước lọc.&nbsp;<br />\r\nBạn đợi nước s&ocirc;i khoảng 15 ph&uacute;t cho rau cũ ch&iacute;n mềm th&igrave; bắt đầu cho đậu hũ, h&agrave;nh t&acirc;y v&agrave;o.&nbsp;<br />\r\nTrước khi nhắc bếp bạn nhớ pha một &iacute;t bột năng cho v&agrave;o để tạo độ sệt cho lagu.&nbsp;<br />\r\nC&ocirc;ng đoạn cuối c&ugrave;ng ch&iacute;n l&agrave; b&agrave;y ra đĩa v&agrave; thưởng thức. Với m&oacute;n lagu nấm rau củ bạn c&oacute; thể ăn k&egrave;m với b&aacute;nh m&igrave;nh v&agrave; rau quế t&ugrave;y theo sở th&iacute;ch của m&igrave;nh.</p>\r\n','','',1,6,22,1,1,'2018-08-09 15:04:30','2018-08-17 06:37:05',927,0,0,0,0,0,1,0),(100,'Gỏi cuốn ốc','Chef Diệu Lành','','2018/08/10/1533895182-CACH-LAM-GOI-CUON-OC-TAI-NHA-VAO-BEP-CUNG-BEP-NHA-–-BEP-NHA-TV.mp4','videos/2018/08/10/1533895231-goi-cuon-oc.jpg',NULL,'01:47','','<p>Nguy&ecirc;n liệu d&ugrave;ng l&agrave;m gỏi cuốn ốc gồm :</p>\r\n\r\n<p>&bull; Ốc bươu thịt: 0,5 kg</p>\r\n\r\n<p>&bull; H&agrave;nh t&acirc;y: 1 củ</p>\r\n\r\n<p>&bull; Dầu ăn</p>\r\n\r\n<p>&bull; Rau ăn k&egrave;m: t&iacute;a t&ocirc;, dưa leo, h&uacute;ng c&acirc;y, diếp c&aacute;</p>\r\n\r\n<p>&bull; Gia vị: muối, đường, hạt n&ecirc;m, bột c&agrave; ri, h&agrave;nh t&iacute;m, nước mắm</p>\r\n\r\n<p>&bull; B&aacute;nh tr&aacute;ng cuốn, b&uacute;n tươi, sả c&acirc;y</p>\r\n','','<p>C&aacute;ch l&agrave;m gỏi cuốn ốc:<br />\r\nỐc bươu sau khi mua về l&agrave;m sạch, bỏ ruột, chỉ giữ lại phần mặt thịt. Tiếp đến rửa sạch với muối v&agrave; giấm ăn. N&ecirc;n rửa theo c&aacute;ch n&agrave;y từ 2 đến 3 lần để ốc sạch v&agrave; kh&ocirc;ng c&ograve;n m&ugrave;i tanh. Bạn cũng c&oacute; thể &aacute;p dụng một số mẹo xử l&yacute; ốc kh&aacute;c trong c&ocirc;ng đoạn n&agrave;y. Đối với h&agrave;nh t&acirc;y tiến h&agrave;nh th&aacute;i m&uacute;i cau nhỏ.<br />\r\nSau đ&oacute; bắt chảo l&ecirc;n bếp chờ n&oacute;ng rồi cho tầm 1 &iacute;t dầu ăn v&agrave;o. Chờ dầu s&ocirc;i bạn cho h&agrave;nh t&iacute;m v&agrave;o phi thơm, tiếp đến cho ốc v&agrave;o x&agrave;o. Sau khi cho ốc v&agrave;o bạn tiến h&agrave;nh n&ecirc;m gia vị gồm c&oacute;:1 mcf muối, 1mcf hạt n&ecirc;m, 1/2mc đường.&nbsp; Sau c&ugrave;ng bạn cho h&agrave;nh t&acirc;y v&agrave;o x&agrave;o chung khoảng 5p rồi tắt bếp.<br />\r\nC&ocirc;ng thức nước chấm cho m&oacute;n gỏi cuốn ốc bao gồm: sả c&acirc;y v&agrave; ớt bằm nhuyễn, 50ml nước mắm (4 mc), 4mc đường, 3 tr&aacute;i tắc, 50ml nước lạnh. Sau khi chuẩn bị xong c&aacute;c nguy&ecirc;n liệu bạn cho ch&uacute;ng v&agrave;o t&ocirc; khuấy đều, n&ecirc;m gia vị lại cho vừa ăn.<br />\r\nC&ocirc;ng đoạn cuối c&ugrave;ng l&agrave; cuốn c&aacute;c nguy&ecirc;n liệu lại với nhau v&agrave; thưởng thức.</p>\r\n','','',3,6,10,1,1,'2018-08-10 17:01:04','2018-08-17 06:36:22',2055,0,0,0,0,0,1,0),(101,'Cơm chiên dứa chay','','<p>Ngo&agrave;i m&oacute;n cơm chi&ecirc;n rau củ thập cẩm th&igrave; m&oacute;n cơm chi&ecirc;n dứa chay cũng được rất nhiều người ăn chay ưa chuộng. Với c&aacute;c nguy&ecirc;n liệu đơn giản như cơm nguội, dứa&hellip; rất dễ t&igrave;m. Bạn c&oacute; thể biến tấu th&agrave;nh một m&oacute;n ngon lạ miệng. Bếp Nh&agrave; TV xin giới thiệu đến c&aacute;c bạn m&oacute;n cơm chi&ecirc;n dứa chay.</p>\r\n','2018/08/17/1534481159-CACH-LAM-COM-CHIEN-DUA-CHAY-VAO-BEP-CUNG-BEP-NHA-–-BEP-NHA-TV.mp4','videos/2018/08/17/1534481164-com-chien-dua.jpg',NULL,'0:47','','<p>c&aacute;c nguy&ecirc;n liệu:<br />\r\n&frac12; tr&aacute;i thơm ch&iacute;n.<br />\r\n1 nh&aacute;nh boa r&ocirc;.<br />\r\n50gr ham chay.<br />\r\n50gr chả chay.<br />\r\n1 ch&eacute;n đậu h&agrave; lan.<br />\r\n1 củ c&agrave; rốt nhỏ.<br />\r\n2 ch&eacute;n cơm nguội lớn.<br />\r\n50gr h&agrave;nh l&aacute;.<br />\r\n1 quả trứng.<br />\r\nGia vị chay: hạt n&ecirc;m chay, ti&ecirc;u, nước tượng&hellip;</p>\r\n','','<p>C&aacute;ch l&agrave;m:<br />\r\nChi&ecirc;n cơm:<br />\r\nCho dầu ăn v&agrave;o chảo chờ n&oacute;ng rồi cho một &iacute;t boa r&ocirc; v&agrave;o phi v&agrave;ng. Tiếp đến cho cơm nguội v&agrave;o chi&ecirc;n v&agrave;ng n&ecirc;m một &iacute;t hạt n&ecirc;m chay rồi đảo đều. Bạn cũng cho trứng đ&aacute;nh tan v&agrave;o chảo đảo đều tay để tạo m&agrave;u cho cơm. Sau khi chi&ecirc;n cơm xong bạn để cơm ra t&ocirc;.<br />\r\nChi&ecirc;n cơm với dứa:<br />\r\nBước tiếp theo của c&aacute;ch l&agrave;m cơm chi&ecirc;n dứa chay n&agrave;y l&agrave; chi&ecirc;n cơm với dứa. Đầu ti&ecirc;n bạn bắt chảo n&oacute;ng cho &iacute;t dầu chờ s&ocirc;i rồi cho h&agrave;nh boa r&ocirc; v&agrave;o phi v&agrave;ng. Tiếp theo bạn cho c&agrave; rốt, đậu h&agrave; lan v&agrave;o cho ch&iacute;n vừa. Sau tầm hai ph&uacute;t bạn cho tiếp thơm, ham chay, chả chay, h&agrave;nh l&aacute; đ&atilde; cắt nhỏ v&agrave;o đảo đều. Sau đ&oacute; bạn tiến h&agrave;nh n&ecirc;m gia vị cho vừa ăn. Sau khi n&ecirc;m gia vị xong bạn cho cơm v&agrave;o đảo với lửa lớn. Mức độ gi&ograve;n của cơm sẽ t&ugrave;y theo thời gian nhiều hay &iacute;t. C&ocirc;ng đoạn cuối c&ugrave;ng l&agrave; cho cơm ra đĩa rắc th&ecirc;m &iacute;t ti&ecirc;u v&agrave; thưởng thức.</p>\r\n','','',2,6,22,1,1,'2018-08-17 11:46:40','2018-08-17 06:41:43',548,0,0,0,0,0,1,0),(102,'Súp tóc tiên chay','Chef Phước Lành','<p><span style=\"color:rgb(17, 17, 17)\">S&uacute;p t&oacute;c ti&ecirc;n chay l&agrave; một m&oacute;n dễ l&agrave;m trong thực đơn th&aacute;ng 7 &acirc;m lịch. Với những nguy&ecirc;n liệu đơn giản, kh&ocirc;ng cấn qu&aacute; nhiều thời gian biến tấu. Đ&acirc;y l&agrave; sự lựa chọn h&agrave;ng đầu cho bữa s&aacute;ng của cả nh&agrave;. Cập nhật ngay c&ocirc;ng thức m&oacute;n ăn n&agrave;y c&ugrave;ng Bếp Nh&agrave; TV n&agrave;o!</span></p>\r\n','2018/08/17/1534488007-Sup-toc-tien-chay.mp4','videos/2018/08/17/1534488078-sup-toc-tien-chay.jpg',NULL,'01:56','','<p>Nguy&ecirc;n liệu d&agrave;nh cho m&oacute;n s&uacute;p t&oacute;c ti&ecirc;n chay gồm</p>\r\n\r\n<p>100gr c&agrave; rốt.<br />\r\n50gr chả chay.<br />\r\n50gr ham chay.<br />\r\n50gr nấm tuyết ng&acirc;m nở.<br />\r\n5gr t&oacute;c ti&ecirc;n kh&ocirc;.<br />\r\n2 nh&aacute;nh h&agrave;nh boa r&ocirc;.<br />\r\n20gr t&agrave;u hũ ki l&aacute; mềm.<br />\r\nGia vị: hạt n&ecirc;m chay, ng&ograve;, dầu m&egrave;, ti&ecirc;u, bột năng, nước lọc hoặc nước d&ugrave;ng rau củ.</p>\r\n','','<p>Chuẩn bị nguy&ecirc;n liệu<br />\r\nT&agrave;u hũ ki mềm bạn cắt sợi thật mỏng. Ham chay, chả chay, c&agrave; rốt, h&agrave;nh boa r&ocirc; bạn cũng xử l&yacute; tương tự. Nấm tuyết th&igrave; cắt nhuyễn.</p>\r\n\r\n<p>Nấu s&uacute;p<br />\r\nSau khi chuẩn bị xong nguy&ecirc;n liệu bạn tiến h&agrave;nh nấu s&uacute;p t&oacute;c ti&ecirc;n chay. Đầu ti&ecirc;n bạn bắt nồi n&oacute;ng cho v&agrave;o một &iacute;t dầu, bỏ h&agrave;nh boa r&ocirc; v&agrave;o phi thơm. Sau đ&oacute; cho c&agrave; rốt v&agrave;o x&agrave;o một ch&uacute;t rồi th&ecirc;m tầm&nbsp; 1,2 -1.5 l&iacute;t nước lọc v&agrave;o. Tiếp đến bạn tiến h&agrave;nh n&ecirc;m gia vị cho vừa ăn. Chờ s&ocirc;i rồi cho tiếp chả v&agrave; ham chay v&agrave;o. Bạn cũng cho cả nấm tuyết, t&agrave;u hũ ki, t&oacute;c ti&ecirc;n v&agrave;o nấu mềm. Để s&uacute;p c&oacute; độ sệt bạn h&ograve;a tan bột năng với nước rồi từ từ cho v&agrave;o s&uacute;p vừa cho vừa khuấy đều. Bạn chờ đến khi s&uacute;p sệt th&igrave; ngưng lại chờ nước trong rồi tắt bếp. Khi ăn bạn c&oacute; thể cho th&ecirc;m một &iacute;t ti&ecirc;u, ng&ograve; v&agrave; dầu m&egrave; l&ecirc;n tr&ecirc;n.</p>\r\n','','',1,21,4,1,1,'2018-08-17 13:43:34','2018-08-24 03:16:38',1414,0,0,0,0,0,1,0),(103,'Gỏi ngó sen chay','Chef Diệu Lành','<p><span style=\"color:rgb(17, 17, 17)\">Ng&oacute; sen l&agrave; thực phẩm rất tốt d&ugrave;ng thanh nhiệt, giải độc. N&oacute; cũng l&agrave; nguy&ecirc;n liệu được sử dụng nhiều trong c&aacute;c m&oacute;n ăn chay lẫn mặn. V&agrave; gỏi ng&oacute; sen l&agrave; một trong những m&oacute;n vừa ngon vừa bổ dưỡng lại đ&aacute;p ứng được nhu cầu chay tịnh. Vậy bạn đ&atilde; biết c&aacute;ch l&agrave;m gỏi ng&oacute; sen chưa? Nếu chưa h&atilde;y nhanh tay cập nhật c&ocirc;ng thức của Bếp Nh&agrave; TV nh&eacute;!</span></p>\r\n','2018/08/22/1534908985-Goi-ngo-sen-chay.mp4','videos/2018/08/22/1534909153-goi-ngo-sen.jpg',NULL,'01:00','','<p>Nguy&ecirc;n liệu cho c&aacute;ch l&agrave;m gỏi ng&oacute; sen n&agrave;y gồm c&oacute;<br />\r\n300gr ng&oacute; sen tươi.<br />\r\n100gr nấm tuyết kh&ocirc;.<br />\r\n100gr cần t&acirc;y.<br />\r\n&frac12; tr&aacute;i ớt chu&ocirc;ng đỏ.<br />\r\n1 củ c&agrave; rốt.<br />\r\n50gr rau r&acirc;m.<br />\r\n3 muỗng canh giấm<br />\r\n50gr đậu phộng rang.<br />\r\n1 b&igrave;a đậu hũ.<br />\r\n3 muỗng canh nước cốt chanh.<br />\r\n3 muỗng canh đường.<br />\r\n2 muỗng canh nước mắm chay.<br />\r\n1 muỗng c&agrave; ph&ecirc; tỏi băm.<br />\r\n1 muỗng c&agrave; ph&ecirc; ớt băm.<br />\r\nMột &iacute;t ti&ecirc;u.</p>\r\n','','<p>C&aacute;ch l&agrave;m gỏi ng&oacute; sen<br />\r\nBước 1: Chuẩn bị nguy&ecirc;n liệu<br />\r\nĐầu ti&ecirc;n bạn cắt ng&oacute; sen th&agrave;nh kh&uacute;c d&agrave;i tầm 5cm. Sau đ&oacute; chẻ đ&ocirc;i ng&acirc;m v&agrave;o nước pha giấm tầm 10 ph&uacute;t. Đối với nấm tuyết bạn ng&acirc;m cho nở ra sau đ&oacute; cắt nhỏ. Cần t&acirc;y với rau răm bạn cũng tiến h&agrave;nh cắt kh&uacute;c, cắt nhuyễn.&nbsp; Tiếp đến bạn loại bỏ hạt ớt chu&ocirc;ng v&agrave; cắt mỏng. C&agrave; rốt bạn sẽ th&aacute;i th&agrave;nh sợi. Đậu hũ sau khi cắt th&agrave;nh sợi th&igrave; tiến h&agrave;nh chi&ecirc;n gi&ograve;n. Sau khi đậu hủ gi&ograve;n, cho ớt chu&ocirc;ng v&agrave;o đảo đều một ch&uacute;t rồi nhắc bếp.</p>\r\n\r\n<p>Bước 2: L&agrave;m nước sốt<br />\r\nNước sốt của m&oacute;n gỏi sẽ bao gồm: nước chanh, đường, nước mắm pha th&agrave;nh hỗn hợp sệt. Sau đ&oacute; bạn cho th&ecirc;m tỏi ớt băm v&agrave;o.</p>\r\n\r\n<p>Bước 3: Trộn gỏi<br />\r\nBạn cho ng&oacute; sen, nấm tuyết, cần t&acirc;y, rau răm, ớt chu&ocirc;ng, c&agrave; rốt, đậu hũ v&agrave;o thau lớn. Tiếp đến cho nước sốt v&agrave;o trộn đều. Chờ tầm 2- 5 ph&uacute;t cho gỏi ngấm gia vị rồi rắc l&ecirc;n &iacute;t ti&ecirc;u v&agrave; b&agrave;y ra đĩa. M&oacute;n n&agrave;y bạn c&oacute; thể ăn k&egrave;m c&ugrave;ng b&aacute;nh phồng chay hoặc b&aacute;nh đa nướng.</p>\r\n','','',1,21,8,1,1,'2018-08-22 10:37:04','2018-08-24 03:15:48',739,0,0,0,0,0,1,0),(104,'Chả giò trái cây','Chef Phước Lành','<p><span style=\"color:rgb(17, 17, 17)\">Bếp Nh&agrave; TV sẽ giới thiệu đến c&aacute;c bạn c&aacute;ch l&agrave;m chả gi&ograve; tr&aacute;i c&acirc;y. Đ&acirc;y l&agrave; một m&oacute;n ăn lạ miệng, dễ l&agrave;m nhưng kh&ocirc;ng k&eacute;m phần thơm ngon. Tuy được gọi l&agrave; chả gi&ograve; nhưng m&oacute;n n&agrave;y ho&agrave;n to&agrave;n kh&ocirc;ng ngấy như m&oacute;n chả gi&ograve; thịt. N&oacute; cũng rất th&iacute;ch hợp cho bữa ăn của cả nh&agrave;. V&igrave; thế bạn n&agrave;o chưa biết l&agrave;m th&igrave; nhanh tay &aacute;p dụng ngay c&ocirc;ng thức của Bếp Nh&agrave; TV nh&eacute;!</span></p>\r\n','2018/08/23/1535015645-CACH-LAM-CHA-GIO-TRAI-CAY-VAO-BEP-CUNG-BEP-NHA-–-BEP-NHA-CHANNEL.mp4','videos/2018/08/23/1535015674-cha-gio-trai-cay.jpg',NULL,'01:19','','<p>Nguy&ecirc;n liệu&nbsp;&nbsp;</p>\r\n\r\n<p>C&aacute;ch l&agrave;m chả gi&ograve; tr&aacute;i c&acirc;y<br />\r\nMột xấp b&aacute;nh tr&aacute;ng đậu xanh.<br />\r\n&frac12; tr&aacute;i t&aacute;o.<br />\r\n1/3 tr&aacute;i l&ecirc;.<br />\r\n&frac14; tr&aacute;i thơm.<br />\r\n&frac12; tr&aacute;i xo&agrave;i.<br />\r\nSốt mayonnaise, tương ớt.<br />\r\nBột chi&ecirc;n gi&ograve;n, bột chi&ecirc;n x&ugrave;.<br />\r\nHạt n&ecirc;m chay, dầu ăn.</p>\r\n','','<p>Bước 1: Chuẩn bị</p>\r\n\r\n<p>Bạn sẽ tiến h&agrave;nh cắt c&aacute;c loại tr&aacute;i c&acirc;y th&agrave;nh sợi hoặc hạt lựu t&ugrave;y theo sở th&iacute;ch. Sau đ&oacute; bạn đem ch&uacute;ng trộn với 3 muỗng canh mayonnaise v&agrave; một &iacute;t hạt n&ecirc;m chay, ti&ecirc;u. Bột chi&ecirc;n gi&ograve;n bạn đem pha với nước. Th&ecirc;m nước v&agrave;o đến khi bột sệt nhẹ l&agrave; được. C&ograve;n bột chi&ecirc;n x&ugrave; bạn sẽ đổ ra đĩa.</p>\r\n\r\n<p>Bước 2: G&oacute;i chả gi&ograve;</p>\r\n\r\n<p>Đầu ti&ecirc;n bạn trải b&aacute;nh tr&aacute;ng đậu xanh ra. Tiếp đến phết l&ecirc;n một lớp nước bột rồi lật mặt b&aacute;nh lại. Bạn cho phần tr&aacute;i c&acirc;y đ&atilde; chuẩn bị &agrave;o cuộn chặt. Sau khi cuốn xong bạn lăn ch&uacute;ng qua một lớp bột chi&ecirc;n x&ugrave;.</p>\r\n\r\n<p>Bước 3: Chi&ecirc;n chả gi&ograve;</p>\r\n\r\n<p>Sau khi cuốn xong bạn tiến h&agrave;nh chi&ecirc;n chả gi&ograve;. Bạn lưu &yacute; để chả gi&ograve; v&agrave;ng đều bạn n&ecirc;n cho dầu ngập cuốn chả. Sau khi chi&ecirc;n xong th&igrave; b&agrave;y ra đĩa v&agrave; thưởng thức. M&oacute;n n&agrave;y bạn thể ăn k&egrave;m với tương ớt v&agrave; rau dưa t&ugrave;y th&iacute;ch.</p>\r\n','','',2,21,9,1,1,'2018-08-23 16:16:11','2018-08-24 03:14:12',1963,0,0,0,0,0,1,0),(105,'Chè sữa Thái ','','','2018/08/29/1535511872-CACH-LAM-CHE-SUA-THAI-HOW-TO-MAKE-THAI-SWEET-GRUEL-VAO-BEP-CUNG-BEP-NHA-BEP-NHA-TV.mp4','videos/2018/08/29/1535511901-tra-sua-thai.jpg',NULL,'01:44','','','','','','',3,6,14,1,NULL,'2018-08-29 10:06:06',NULL,682,0,0,0,0,0,1,0),(106,'Salad cá hồi và bơ','','','2018/08/30/1535595926-CACH-LAM-SALAD-CA-HOI-&-BO-HOW-TO-MAKE-SALMON-AVOCADO-SALAD-VAO-BEP-CUNG-BEP-NHA-BEP-NHA-TV.mp4','videos/2018/08/30/1535596079-salad-ca-hoi-va-bo.jpg',NULL,'01:28','','','','','','',0,5,8,1,NULL,'2018-08-30 09:28:20',NULL,1348,0,0,0,0,0,1,0),(107,'Bánh Trung Thu : Nghệ thuật bị đánh mất','','<p>B&aacute;nh trung thu Handmade l&agrave; một phần kh&ocirc;ng thể thiếu của nghệ thuật l&agrave;m b&aacute;nh trung thu. C&ugrave;ng Bếp Nh&agrave; TV kh&aacute;m ph&aacute; qua c&acirc;u chuyện của nghệ nh&acirc;n Mr.Tam tại Hong Kong nh&eacute;</p>\r\n','2018/09/05/1536117109-Banh-trung-thu-Nghe-thuat-bi-danh-mat.mp4','videos/2018/09/04/1536036633-banh-trung-thu.png',NULL,'02:00','','','','','','',0,6,7,1,1,'2018-09-04 11:51:27','2018-09-05 03:20:35',1230,0,0,0,0,0,1,0);
/*!40000 ALTER TABLE `videos` ENABLE KEYS */;
UNLOCK TABLES;
/*!40103 SET TIME_ZONE=@OLD_TIME_ZONE */;

/*!40101 SET SQL_MODE=@OLD_SQL_MODE */;
/*!40014 SET FOREIGN_KEY_CHECKS=@OLD_FOREIGN_KEY_CHECKS */;
/*!40014 SET UNIQUE_CHECKS=@OLD_UNIQUE_CHECKS */;
/*!40101 SET CHARACTER_SET_CLIENT=@OLD_CHARACTER_SET_CLIENT */;
/*!40101 SET CHARACTER_SET_RESULTS=@OLD_CHARACTER_SET_RESULTS */;
/*!40101 SET COLLATION_CONNECTION=@OLD_COLLATION_CONNECTION */;
/*!40111 SET SQL_NOTES=@OLD_SQL_NOTES */;

-- Dump completed on 2018-09-11  9:57:00
